[2026-03-19 12:10:27.871] [info] [thread 29684] Logging initialized, file=D:\itffmpeg\av_media\online\duanshipin-pingtai\build\bin\logs\flashpoint.log
[2026-03-19 12:10:27.871] [info] [thread 29684] Starting desktop rebuild skeleton
[2026-03-19 12:10:28.883] [info] [thread 29684] IjkMediaPlayer()
[2026-03-19 12:10:28.883] [info] [thread 29684] ffp_create
[2026-03-19 12:10:28.884] [info] [thread 21824] IjkMediaPlayer message loop started
[2026-03-19 12:10:28.894] [info] [thread 21824] Unhandled message: 10
[2026-03-19 12:10:28.899] [info] [thread 31788] read_thread FFP_MSG_OPEN_INPUT 0x2191446c730
[2026-03-19 12:10:28.921] [info] [thread 31788] read_thread FFP_MSG_FIND_STREAM_INFO 0x2191446c730
[2026-03-19 12:10:28.921] [info] [thread 21824] Unhandled message: 408
[2026-03-19 12:10:29.041] [info] [thread 4996] into
[2026-03-19 12:10:29.042] [info] [thread 15144] into
[2026-03-19 12:10:29.041] [info] [thread 21824] Unhandled message: 409
[2026-03-19 12:10:29.041] [info] [thread 31788] read_thread FFP_MSG_COMPONENT_OPEN 0x2191446c730
[2026-03-19 12:10:29.043] [info] [thread 31788] read_thread FFP_MSG_PREPARED 0x2191446c730
[2026-03-19 12:10:29.043] [info] [thread 31788] read_thread loop: ret=0, pkt->stream_index=1, audioq.size=0, videoq.size=0, eof=0
[2026-03-19 12:10:29.043] [info] [thread 31788] audio_stream: 1, video_stream: 0
[2026-03-19 12:10:29.044] [info] [thread 31788] audio packet pts: -2048, audio_pkt_size=371
[2026-03-19 12:10:29.044] [info] [thread 31788] read_thread loop: ret=0, pkt->stream_index=0, audioq.size=491, videoq.size=0, eof=0
[2026-03-19 12:10:29.044] [info] [thread 31788] audio_stream: 1, video_stream: 0
[2026-03-19 12:10:29.044] [info] [thread 31788] read_thread loop: ret=0, pkt->stream_index=1, audioq.size=0, videoq.size=0, eof=0
[2026-03-19 12:10:29.044] [info] [thread 31788] audio_stream: 1, video_stream: 0
[2026-03-19 12:10:29.045] [info] [thread 31788] audio packet pts: -1024, audio_pkt_size=372
[2026-03-19 12:10:29.045] [info] [thread 31788] read_thread loop: ret=0, pkt->stream_index=0, audioq.size=0, videoq.size=0, eof=0
[2026-03-19 12:10:29.045] [info] [thread 31788] audio_stream: 1, video_stream: 0
[2026-03-19 12:10:29.046] [info] [thread 31788] read_thread loop: ret=0, pkt->stream_index=0, audioq.size=0, videoq.size=14968, eof=0
[2026-03-19 12:10:29.046] [info] [thread 31788] audio_stream: 1, video_stream: 0
[2026-03-19 12:10:29.046] [info] [thread 31788] read_thread loop: ret=0, pkt->stream_index=1, audioq.size=0, videoq.size=20487, eof=0
[2026-03-19 12:10:29.046] [info] [thread 31788] audio_stream: 1, video_stream: 0
[2026-03-19 12:10:29.046] [info] [thread 31788] audio packet pts: 0, audio_pkt_size=529
[2026-03-19 12:10:29.047] [info] [thread 31788] read_thread loop: ret=0, pkt->stream_index=0, audioq.size=0, videoq.size=20487, eof=0
[2026-03-19 12:10:29.047] [info] [thread 28368] audio.nb_samples=1024, channels=2, channel_layout=stereo, format=8, sample_rate=44100
[2026-03-19 12:10:29.047] [info] [thread 31788] audio_stream: 1, video_stream: 0
[2026-03-19 12:10:29.047] [info] [thread 28368] audio frame data pointers: data[0]=0x21914788040, data[1]=0x2191478a0c0
[2026-03-19 12:10:29.047] [info] [thread 31788] read_thread loop: ret=0, pkt->stream_index=1, audioq.size=0, videoq.size=21184, eof=0
[2026-03-19 12:10:29.047] [info] [thread 28368] Input layout: 'stereo', Output layout: 'stereo'
[2026-03-19 12:10:29.048] [info] [thread 31788] audio_stream: 1, video_stream: 0
[2026-03-19 12:10:29.048] [info] [thread 28368] is->audio_tgt.channel_layout.nb_channels=2, is->audio_tgt.fmt=s16, is->audio_tgt.freq=44100, dec_channel_layout.nb_channels=2, af->frame->format=fltp, af->frame->sample_rate=44100
[2026-03-19 12:10:29.048] [info] [thread 31788] audio packet pts: 1024, audio_pkt_size=458
[2026-03-19 12:10:29.048] [info] [thread 31788] read_thread loop: ret=0, pkt->stream_index=0, audioq.size=0, videoq.size=21184, eof=0
[2026-03-19 12:10:29.049] [info] [thread 31788] audio_stream: 1, video_stream: 0
[2026-03-19 12:10:29.049] [info] [thread 31788] read_thread loop: ret=0, pkt->stream_index=1, audioq.size=0, videoq.size=26646, eof=0
[2026-03-19 12:10:29.049] [info] [thread 31788] audio_stream: 1, video_stream: 0
[2026-03-19 12:10:29.049] [info] [thread 31788] audio packet pts: 2048, audio_pkt_size=450
[2026-03-19 12:10:29.050] [info] [thread 31788] read_thread loop: ret=0, pkt->stream_index=0, audioq.size=0, videoq.size=26646, eof=0
[2026-03-19 12:10:29.050] [info] [thread 31788] audio_stream: 1, video_stream: 0
[2026-03-19 12:10:29.050] [info] [thread 31788] read_thread loop: ret=0, pkt->stream_index=0, audioq.size=0, videoq.size=44465, eof=0
[2026-03-19 12:10:29.051] [info] [thread 31788] audio_stream: 1, video_stream: 0
[2026-03-19 12:10:29.051] [info] [thread 31788] read_thread loop: ret=0, pkt->stream_index=1, audioq.size=0, videoq.size=52875, eof=0
[2026-03-19 12:10:29.051] [info] [thread 31788] audio_stream: 1, video_stream: 0
[2026-03-19 12:10:29.051] [info] [thread 31788] audio packet pts: 3072, audio_pkt_size=443
[2026-03-19 12:10:29.052] [info] [thread 31788] read_thread loop: ret=0, pkt->stream_index=0, audioq.size=0, videoq.size=52875, eof=0
[2026-03-19 12:10:29.052] [info] [thread 31788] audio_stream: 1, video_stream: 0
[2026-03-19 12:10:29.052] [info] [thread 31788] read_thread loop: ret=0, pkt->stream_index=1, audioq.size=0, videoq.size=58385, eof=0
[2026-03-19 12:10:29.053] [info] [thread 31788] audio_stream: 1, video_stream: 0
[2026-03-19 12:10:29.053] [info] [thread 31788] audio packet pts: 4096, audio_pkt_size=455
[2026-03-19 12:10:29.053] [info] [thread 31788] read_thread loop: ret=0, pkt->stream_index=0, audioq.size=0, videoq.size=43417, eof=0
[2026-03-19 12:10:29.053] [info] [thread 31788] audio_stream: 1, video_stream: 0
[2026-03-19 12:10:29.054] [info] [thread 31788] read_thread loop: ret=0, pkt->stream_index=1, audioq.size=0, videoq.size=48660, eof=0
[2026-03-19 12:10:29.054] [info] [thread 31788] audio_stream: 1, video_stream: 0
[2026-03-19 12:10:29.054] [info] [thread 31788] audio packet pts: 5120, audio_pkt_size=362
[2026-03-19 12:10:29.054] [info] [thread 31788] read_thread loop: ret=0, pkt->stream_index=0, audioq.size=0, videoq.size=48660, eof=0
[2026-03-19 12:10:29.055] [info] [thread 31788] audio_stream: 1, video_stream: 0
[2026-03-19 12:10:29.056] [info] [thread 31788] read_thread loop: ret=0, pkt->stream_index=0, audioq.size=0, videoq.size=67275, eof=0
[2026-03-19 12:10:29.056] [info] [thread 31788] audio_stream: 1, video_stream: 0
[2026-03-19 12:10:29.056] [info] [thread 31788] read_thread loop: ret=0, pkt->stream_index=1, audioq.size=0, videoq.size=75489, eof=0
[2026-03-19 12:10:29.057] [info] [thread 31788] audio_stream: 1, video_stream: 0
[2026-03-19 12:10:29.057] [info] [thread 31788] audio packet pts: 6144, audio_pkt_size=410
[2026-03-19 12:10:29.057] [info] [thread 31788] read_thread loop: ret=0, pkt->stream_index=0, audioq.size=0, videoq.size=75489, eof=0
[2026-03-19 12:10:29.057] [info] [thread 31788] audio_stream: 1, video_stream: 0
[2026-03-19 12:10:29.058] [info] [thread 31788] read_thread loop: ret=0, pkt->stream_index=1, audioq.size=0, videoq.size=80384, eof=0
[2026-03-19 12:10:29.058] [info] [thread 31788] audio_stream: 1, video_stream: 0
[2026-03-19 12:10:29.058] [info] [thread 31788] audio packet pts: 7168, audio_pkt_size=351
[2026-03-19 12:10:29.059] [info] [thread 31788] read_thread loop: ret=0, pkt->stream_index=0, audioq.size=471, videoq.size=80384, eof=0
[2026-03-19 12:10:29.059] [info] [thread 31788] audio_stream: 1, video_stream: 0
[2026-03-19 12:10:29.059] [info] [thread 31788] read_thread loop: ret=0, pkt->stream_index=0, audioq.size=0, videoq.size=79574, eof=0
[2026-03-19 12:10:29.059] [info] [thread 31788] audio_stream: 1, video_stream: 0
[2026-03-19 12:10:29.059] [info] [thread 31788] read_thread loop: ret=0, pkt->stream_index=1, audioq.size=0, videoq.size=96804, eof=0
[2026-03-19 12:10:29.060] [info] [thread 31788] audio_stream: 1, video_stream: 0
[2026-03-19 12:10:29.060] [info] [thread 31788] audio packet pts: 8192, audio_pkt_size=439
[2026-03-19 12:10:29.061] [info] [thread 31788] read_thread loop: ret=0, pkt->stream_index=0, audioq.size=0, videoq.size=96804, eof=0
[2026-03-19 12:10:29.061] [info] [thread 28368] audio.nb_samples=0, channels=0, channel_layout=0 channels, format=-1, sample_rate=0
[2026-03-19 12:10:29.062] [info] [thread 31788] audio_stream: 1, video_stream: 0
[2026-03-19 12:10:29.062] [info] [thread 28368] audio frame data pointers: data[0]=0x0, data[1]=0x0
[2026-03-19 12:10:29.063] [info] [thread 31788] read_thread loop: ret=0, pkt->stream_index=1, audioq.size=0, videoq.size=104335, eof=0
[2026-03-19 12:10:29.063] [info] [thread 28368] Input layout: 'stereo', Output layout: 'stereo'
[2026-03-19 12:10:29.063] [info] [thread 31788] audio_stream: 1, video_stream: 0
[2026-03-19 12:10:29.063] [error] [thread 28368] Invalid input sample format: -1
[2026-03-19 12:10:29.064] [info] [thread 31788] audio packet pts: 9216, audio_pkt_size=424
[2026-03-19 12:10:29.064] [error] [thread 28368] Invalid input sample rate: 0
[2026-03-19 12:10:29.065] [info] [thread 31788] read_thread loop: ret=0, pkt->stream_index=0, audioq.size=0, videoq.size=103638, eof=0
[2026-03-19 12:10:29.065] [error] [thread 28368] swr_init failed: Invalid argument
[2026-03-19 12:10:29.065] [info] [thread 31788] audio_stream: 1, video_stream: 0
[2026-03-19 12:10:29.065] [error] [thread 28368] Cannot create sample rate converter for conversion of 44100 Hz fltp 2 channels to 44100 Hz s16 2 channels!

[2026-03-19 12:10:29.066] [info] [thread 31788] read_thread loop: ret=0, pkt->stream_index=1, audioq.size=0, videoq.size=108076, eof=0
[2026-03-19 12:10:29.066] [info] [thread 28368] audio.nb_samples=0, channels=0, channel_layout=0 channels, format=-1, sample_rate=0
[2026-03-19 12:10:29.067] [info] [thread 28368] audio frame data pointers: data[0]=0x0, data[1]=0x0
[2026-03-19 12:10:29.067] [info] [thread 31788] audio_stream: 1, video_stream: 0
[2026-03-19 12:10:29.067] [info] [thread 28368] Input layout: 'stereo', Output layout: 'stereo'
[2026-03-19 12:10:29.068] [info] [thread 31788] audio packet pts: 10240, audio_pkt_size=427
[2026-03-19 12:10:29.068] [error] [thread 28368] Invalid input sample format: -1
[2026-03-19 12:10:29.068] [info] [thread 31788] read_thread loop: ret=0, pkt->stream_index=0, audioq.size=0, videoq.size=102614, eof=0
[2026-03-19 12:10:29.069] [error] [thread 28368] swr_init failed: Invalid argument
[2026-03-19 12:10:29.069] [info] [thread 31788] audio_stream: 1, video_stream: 0
[2026-03-19 12:10:29.069] [error] [thread 28368] Cannot create sample rate converter for conversion of 44100 Hz fltp 2 channels to 44100 Hz s16 2 channels!

[2026-03-19 12:10:29.069] [info] [thread 31788] read_thread loop: ret=0, pkt->stream_index=0, audioq.size=0, videoq.size=106943, eof=0
[2026-03-19 12:10:29.069] [info] [thread 28368] audio.nb_samples=0, channels=0, channel_layout=0 channels, format=-1, sample_rate=0
[2026-03-19 12:10:29.070] [info] [thread 31788] audio_stream: 1, video_stream: 0
[2026-03-19 12:10:29.070] [info] [thread 28368] audio frame data pointers: data[0]=0x0, data[1]=0x0
[2026-03-19 12:10:29.070] [info] [thread 31788] read_thread loop: ret=0, pkt->stream_index=1, audioq.size=0, videoq.size=123621, eof=0
[2026-03-19 12:10:29.070] [info] [thread 28368] Input layout: 'stereo', Output layout: 'stereo'
[2026-03-19 12:10:29.071] [info] [thread 31788] audio_stream: 1, video_stream: 0
[2026-03-19 12:10:29.071] [error] [thread 28368] Invalid input sample format: -1
[2026-03-19 12:10:29.071] [info] [thread 31788] audio packet pts: 11264, audio_pkt_size=424
[2026-03-19 12:10:29.072] [error] [thread 28368] Invalid input sample rate: 0
[2026-03-19 12:10:29.072] [info] [thread 31788] read_thread loop: ret=0, pkt->stream_index=0, audioq.size=0, videoq.size=123621, eof=0
[2026-03-19 12:10:29.073] [info] [thread 31788] audio_stream: 1, video_stream: 0
[2026-03-19 12:10:29.073] [error] [thread 28368] swr_init failed: Invalid argument
[2026-03-19 12:10:29.073] [info] [thread 31788] read_thread loop: ret=0, pkt->stream_index=1, audioq.size=0, videoq.size=114141, eof=0
[2026-03-19 12:10:29.073] [error] [thread 28368] Cannot create sample rate converter for conversion of 44100 Hz fltp 2 channels to 44100 Hz s16 2 channels!

[2026-03-19 12:10:29.073] [info] [thread 31788] audio_stream: 1, video_stream: 0
[2026-03-19 12:10:29.074] [info] [thread 28368] audio.nb_samples=0, channels=0, channel_layout=0 channels, format=-1, sample_rate=0
[2026-03-19 12:10:29.074] [info] [thread 31788] audio packet pts: 12288, audio_pkt_size=408
[2026-03-19 12:10:29.074] [info] [thread 28368] audio frame data pointers: data[0]=0x0, data[1]=0x0
[2026-03-19 12:10:29.074] [info] [thread 31788] read_thread loop: ret=0, pkt->stream_index=0, audioq.size=0, videoq.size=114141, eof=0
[2026-03-19 12:10:29.075] [info] [thread 31788] audio_stream: 1, video_stream: 0
[2026-03-19 12:10:29.076] [info] [thread 31788] read_thread loop: ret=0, pkt->stream_index=0, audioq.size=0, videoq.size=118508, eof=0
[2026-03-19 12:10:29.077] [info] [thread 31788] audio_stream: 1, video_stream: 0
[2026-03-19 12:10:29.078] [info] [thread 31788] read_thread loop: ret=0, pkt->stream_index=1, audioq.size=0, videoq.size=123605, eof=0
[2026-03-19 12:10:29.078] [info] [thread 31788] audio_stream: 1, video_stream: 0
[2026-03-19 12:10:29.078] [info] [thread 31788] audio packet pts: 13312, audio_pkt_size=399
[2026-03-19 12:10:29.079] [info] [thread 31788] read_thread loop: ret=0, pkt->stream_index=0, audioq.size=0, videoq.size=123605, eof=0
[2026-03-19 12:10:29.079] [info] [thread 31788] audio_stream: 1, video_stream: 0
[2026-03-19 12:10:29.079] [info] [thread 31788] read_thread loop: ret=0, pkt->stream_index=1, audioq.size=0, videoq.size=142260, eof=0
[2026-03-19 12:10:29.080] [info] [thread 31788] audio_stream: 1, video_stream: 0
[2026-03-19 12:10:29.080] [info] [thread 31788] audio packet pts: 14336, audio_pkt_size=387
[2026-03-19 12:10:29.080] [info] [thread 31788] read_thread loop: ret=0, pkt->stream_index=0, audioq.size=0, videoq.size=142260, eof=0
[2026-03-19 12:10:29.080] [info] [thread 31788] audio_stream: 1, video_stream: 0
[2026-03-19 12:10:29.081] [info] [thread 31788] read_thread loop: ret=0, pkt->stream_index=1, audioq.size=0, videoq.size=143040, eof=0
[2026-03-19 12:10:29.081] [info] [thread 31788] audio_stream: 1, video_stream: 0
[2026-03-19 12:10:29.081] [info] [thread 31788] audio packet pts: 15360, audio_pkt_size=393
[2026-03-19 12:10:29.081] [info] [thread 31788] read_thread loop: ret=0, pkt->stream_index=0, audioq.size=0, videoq.size=143040, eof=0
[2026-03-19 12:10:29.082] [info] [thread 31788] audio_stream: 1, video_stream: 0
[2026-03-19 12:10:29.082] [info] [thread 31788] read_thread loop: ret=0, pkt->stream_index=0, audioq.size=0, videoq.size=147824, eof=0
[2026-03-19 12:10:29.082] [info] [thread 31788] audio_stream: 1, video_stream: 0
[2026-03-19 12:10:29.082] [info] [thread 31788] read_thread loop: ret=0, pkt->stream_index=1, audioq.size=0, videoq.size=153553, eof=0
[2026-03-19 12:10:29.083] [info] [thread 31788] audio_stream: 1, video_stream: 0
[2026-03-19 12:10:29.083] [info] [thread 31788] audio packet pts: 16384, audio_pkt_size=380
[2026-03-19 12:10:29.084] [info] [thread 31788] read_thread loop: ret=0, pkt->stream_index=0, audioq.size=0, videoq.size=153553, eof=0
[2026-03-19 12:10:29.084] [info] [thread 31788] audio_stream: 1, video_stream: 0
[2026-03-19 12:10:29.084] [info] [thread 31788] read_thread loop: ret=0, pkt->stream_index=1, audioq.size=0, videoq.size=174469, eof=0
[2026-03-19 12:10:29.085] [info] [thread 31788] audio_stream: 1, video_stream: 0
[2026-03-19 12:10:29.085] [info] [thread 31788] audio packet pts: 17408, audio_pkt_size=395
[2026-03-19 12:10:29.086] [info] [thread 31788] read_thread loop: ret=0, pkt->stream_index=0, audioq.size=0, videoq.size=174469, eof=0
[2026-03-19 12:10:29.086] [info] [thread 31788] audio_stream: 1, video_stream: 0
[2026-03-19 12:10:29.087] [info] [thread 31788] read_thread loop: ret=0, pkt->stream_index=0, audioq.size=0, videoq.size=185022, eof=0
[2026-03-19 12:10:29.087] [info] [thread 31788] audio_stream: 1, video_stream: 0
[2026-03-19 12:10:29.087] [info] [thread 31788] read_thread loop: ret=0, pkt->stream_index=1, audioq.size=0, videoq.size=191139, eof=0
[2026-03-19 12:10:29.087] [info] [thread 31788] audio_stream: 1, video_stream: 0
[2026-03-19 12:10:29.088] [info] [thread 31788] audio packet pts: 18432, audio_pkt_size=410
[2026-03-19 12:10:29.088] [info] [thread 31788] read_thread loop: ret=0, pkt->stream_index=0, audioq.size=530, videoq.size=191139, eof=0
[2026-03-19 12:10:29.088] [info] [thread 31788] audio_stream: 1, video_stream: 0
[2026-03-19 12:10:29.088] [info] [thread 31788] read_thread loop: ret=0, pkt->stream_index=1, audioq.size=0, videoq.size=192006, eof=0
[2026-03-19 12:10:29.089] [info] [thread 31788] audio_stream: 1, video_stream: 0
[2026-03-19 12:10:29.089] [info] [thread 31788] audio packet pts: 19456, audio_pkt_size=312
[2026-03-19 12:10:29.090] [info] [thread 31788] read_thread loop: ret=0, pkt->stream_index=0, audioq.size=0, videoq.size=192006, eof=0
[2026-03-19 12:10:29.090] [info] [thread 31788] audio_stream: 1, video_stream: 0
[2026-03-19 12:10:29.090] [info] [thread 31788] read_thread loop: ret=0, pkt->stream_index=1, audioq.size=0, videoq.size=211873, eof=0
[2026-03-19 12:10:29.090] [info] [thread 31788] audio_stream: 1, video_stream: 0
[2026-03-19 12:10:29.091] [info] [thread 31788] audio packet pts: 20480, audio_pkt_size=295
[2026-03-19 12:10:29.091] [info] [thread 31788] read_thread loop: ret=0, pkt->stream_index=0, audioq.size=0, videoq.size=211873, eof=0
[2026-03-19 12:10:29.091] [info] [thread 31788] audio_stream: 1, video_stream: 0
[2026-03-19 12:10:29.092] [info] [thread 31788] read_thread loop: ret=0, pkt->stream_index=0, audioq.size=0, videoq.size=221616, eof=0
[2026-03-19 12:10:29.092] [info] [thread 31788] audio_stream: 1, video_stream: 0
[2026-03-19 12:10:29.092] [info] [thread 31788] read_thread loop: ret=0, pkt->stream_index=1, audioq.size=0, videoq.size=227718, eof=0
[2026-03-19 12:10:29.093] [info] [thread 31788] audio_stream: 1, video_stream: 0
[2026-03-19 12:10:29.093] [info] [thread 31788] audio packet pts: 21504, audio_pkt_size=310
[2026-03-19 12:10:29.093] [info] [thread 31788] read_thread loop: ret=0, pkt->stream_index=0, audioq.size=0, videoq.size=227718, eof=0
[2026-03-19 12:10:29.094] [info] [thread 31788] audio_stream: 1, video_stream: 0
[2026-03-19 12:10:29.094] [info] [thread 31788] read_thread loop: ret=0, pkt->stream_index=1, audioq.size=0, videoq.size=230257, eof=0
[2026-03-19 12:10:29.094] [info] [thread 31788] audio_stream: 1, video_stream: 0
[2026-03-19 12:10:29.094] [info] [thread 31788] audio packet pts: 22528, audio_pkt_size=311
[2026-03-19 12:10:29.095] [info] [thread 31788] read_thread loop: ret=0, pkt->stream_index=0, audioq.size=431, videoq.size=230257, eof=0
[2026-03-19 12:10:29.095] [info] [thread 31788] audio_stream: 1, video_stream: 0
[2026-03-19 12:10:29.096] [info] [thread 31788] read_thread loop: ret=0, pkt->stream_index=0, audioq.size=431, videoq.size=244509, eof=0
[2026-03-19 12:10:29.096] [info] [thread 31788] audio_stream: 1, video_stream: 0
[2026-03-19 12:10:29.096] [info] [thread 31788] read_thread loop: ret=0, pkt->stream_index=1, audioq.size=431, videoq.size=250760, eof=0
[2026-03-19 12:10:29.097] [info] [thread 31788] audio_stream: 1, video_stream: 0
[2026-03-19 12:10:29.097] [info] [thread 31788] audio packet pts: 23552, audio_pkt_size=375
[2026-03-19 12:10:29.097] [info] [thread 31788] read_thread loop: ret=0, pkt->stream_index=0, audioq.size=926, videoq.size=250760, eof=0
[2026-03-19 12:10:29.097] [info] [thread 31788] audio_stream: 1, video_stream: 0
[2026-03-19 12:10:29.098] [info] [thread 31788] read_thread loop: ret=0, pkt->stream_index=1, audioq.size=926, videoq.size=266590, eof=0
[2026-03-19 12:10:29.098] [info] [thread 31788] audio_stream: 1, video_stream: 0
[2026-03-19 12:10:29.099] [info] [thread 31788] audio packet pts: 24576, audio_pkt_size=383
[2026-03-19 12:10:29.099] [info] [thread 31788] read_thread loop: ret=0, pkt->stream_index=0, audioq.size=1429, videoq.size=266590, eof=0
[2026-03-19 12:10:29.099] [info] [thread 31788] audio_stream: 1, video_stream: 0
[2026-03-19 12:10:29.100] [info] [thread 28368] audio.nb_samples=1024, channels=2, channel_layout=stereo, format=8, sample_rate=44100
[2026-03-19 12:10:29.100] [info] [thread 31788] read_thread loop: ret=0, pkt->stream_index=1, audioq.size=998, videoq.size=256931, eof=0
[2026-03-19 12:10:29.100] [info] [thread 28368] audio frame data pointers: data[0]=0x21916b27480, data[1]=0x21916f92a00
[2026-03-19 12:10:29.100] [info] [thread 31788] audio_stream: 1, video_stream: 0
[2026-03-19 12:10:29.101] [info] [thread 31788] audio packet pts: 25600, audio_pkt_size=420
[2026-03-19 12:10:29.101] [info] [thread 31788] read_thread loop: ret=0, pkt->stream_index=0, audioq.size=1538, videoq.size=256931, eof=0
[2026-03-19 12:10:29.101] [info] [thread 31788] audio_stream: 1, video_stream: 0
[2026-03-19 12:10:29.101] [info] [thread 31788] read_thread loop: ret=0, pkt->stream_index=0, audioq.size=1538, videoq.size=263446, eof=0
[2026-03-19 12:10:29.102] [info] [thread 31788] audio_stream: 1, video_stream: 0
[2026-03-19 12:10:29.102] [info] [thread 31788] read_thread loop: ret=0, pkt->stream_index=1, audioq.size=1538, videoq.size=269288, eof=0
[2026-03-19 12:10:29.102] [info] [thread 31788] audio_stream: 1, video_stream: 0
[2026-03-19 12:10:29.103] [info] [thread 31788] audio packet pts: 26624, audio_pkt_size=367
[2026-03-19 12:10:29.103] [info] [thread 31788] read_thread loop: ret=0, pkt->stream_index=0, audioq.size=2025, videoq.size=269288, eof=0
[2026-03-19 12:10:29.103] [info] [thread 31788] audio_stream: 1, video_stream: 0
[2026-03-19 12:10:29.104] [info] [thread 31788] read_thread loop: ret=0, pkt->stream_index=1, audioq.size=2025, videoq.size=284016, eof=0
[2026-03-19 12:10:29.104] [info] [thread 31788] audio_stream: 1, video_stream: 0
[2026-03-19 12:10:29.104] [info] [thread 31788] audio packet pts: 27648, audio_pkt_size=335
[2026-03-19 12:10:29.105] [info] [thread 31788] read_thread loop: ret=0, pkt->stream_index=0, audioq.size=2480, videoq.size=284016, eof=0
[2026-03-19 12:10:29.105] [info] [thread 31788] audio_stream: 1, video_stream: 0
[2026-03-19 12:10:29.105] [info] [thread 31788] read_thread loop: ret=0, pkt->stream_index=1, audioq.size=2480, videoq.size=289487, eof=0
[2026-03-19 12:10:29.105] [info] [thread 31788] audio_stream: 1, video_stream: 0
[2026-03-19 12:10:29.106] [info] [thread 31788] audio packet pts: 28672, audio_pkt_size=340
[2026-03-19 12:10:29.106] [info] [thread 31788] read_thread loop: ret=0, pkt->stream_index=0, audioq.size=2940, videoq.size=289487, eof=0
[2026-03-19 12:10:29.106] [info] [thread 31788] audio_stream: 1, video_stream: 0
[2026-03-19 12:10:29.107] [info] [thread 31788] read_thread loop: ret=0, pkt->stream_index=0, audioq.size=2940, videoq.size=298800, eof=0
[2026-03-19 12:10:29.107] [info] [thread 31788] audio_stream: 1, video_stream: 0
[2026-03-19 12:10:29.108] [info] [thread 31788] read_thread loop: ret=0, pkt->stream_index=1, audioq.size=2940, videoq.size=307951, eof=0
[2026-03-19 12:10:29.108] [info] [thread 31788] audio_stream: 1, video_stream: 0
[2026-03-19 12:10:29.108] [info] [thread 31788] audio packet pts: 29696, audio_pkt_size=337
[2026-03-19 12:10:29.108] [info] [thread 31788] read_thread loop: ret=0, pkt->stream_index=0, audioq.size=3397, videoq.size=307951, eof=0
[2026-03-19 12:10:29.109] [info] [thread 31788] audio_stream: 1, video_stream: 0
[2026-03-19 12:10:29.110] [info] [thread 31788] read_thread loop: ret=0, pkt->stream_index=1, audioq.size=3397, videoq.size=313897, eof=0
[2026-03-19 12:10:29.111] [info] [thread 31788] audio_stream: 1, video_stream: 0
[2026-03-19 12:10:29.111] [info] [thread 31788] audio packet pts: 30720, audio_pkt_size=398
[2026-03-19 12:10:29.111] [info] [thread 31788] read_thread loop: ret=0, pkt->stream_index=0, audioq.size=3915, videoq.size=313897, eof=0
[2026-03-19 12:10:29.112] [info] [thread 31788] audio_stream: 1, video_stream: 0
[2026-03-19 12:10:29.112] [info] [thread 31788] read_thread loop: ret=0, pkt->stream_index=0, audioq.size=3915, videoq.size=320226, eof=0
[2026-03-19 12:10:29.112] [info] [thread 31788] audio_stream: 1, video_stream: 0
[2026-03-19 12:10:29.113] [info] [thread 31788] read_thread loop: ret=0, pkt->stream_index=1, audioq.size=3915, videoq.size=330972, eof=0
[2026-03-19 12:10:29.113] [info] [thread 31788] audio_stream: 1, video_stream: 0
[2026-03-19 12:10:29.113] [info] [thread 31788] audio packet pts: 31744, audio_pkt_size=436
[2026-03-19 12:10:29.113] [info] [thread 31788] read_thread loop: ret=0, pkt->stream_index=0, audioq.size=4471, videoq.size=330972, eof=0
[2026-03-19 12:10:29.114] [info] [thread 31788] audio_stream: 1, video_stream: 0
[2026-03-19 12:10:29.114] [info] [thread 31788] read_thread loop: ret=0, pkt->stream_index=1, audioq.size=4471, videoq.size=339750, eof=0
[2026-03-19 12:10:29.114] [info] [thread 31788] audio_stream: 1, video_stream: 0
[2026-03-19 12:10:29.115] [info] [thread 31788] audio packet pts: 32768, audio_pkt_size=414
[2026-03-19 12:10:29.115] [info] [thread 31788] read_thread loop: ret=0, pkt->stream_index=0, audioq.size=5005, videoq.size=339750, eof=0
[2026-03-19 12:10:29.115] [info] [thread 31788] audio_stream: 1, video_stream: 0
[2026-03-19 12:10:29.116] [info] [thread 31788] read_thread loop: ret=0, pkt->stream_index=1, audioq.size=5005, videoq.size=346086, eof=0
[2026-03-19 12:10:29.116] [info] [thread 31788] audio_stream: 1, video_stream: 0
[2026-03-19 12:10:29.116] [info] [thread 31788] audio packet pts: 33792, audio_pkt_size=319
[2026-03-19 12:10:29.117] [info] [thread 31788] read_thread loop: ret=0, pkt->stream_index=0, audioq.size=5444, videoq.size=341377, eof=0
[2026-03-19 12:10:29.117] [info] [thread 31788] audio_stream: 1, video_stream: 0
[2026-03-19 12:10:29.118] [info] [thread 31788] read_thread loop: ret=0, pkt->stream_index=0, audioq.size=5444, videoq.size=346601, eof=0
[2026-03-19 12:10:29.118] [info] [thread 31788] audio_stream: 1, video_stream: 0
[2026-03-19 12:10:29.118] [info] [thread 31788] read_thread loop: ret=0, pkt->stream_index=1, audioq.size=5444, videoq.size=362495, eof=0
[2026-03-19 12:10:29.119] [info] [thread 31788] audio_stream: 1, video_stream: 0
[2026-03-19 12:10:29.119] [info] [thread 31788] audio packet pts: 34816, audio_pkt_size=309
[2026-03-19 12:10:29.119] [info] [thread 31788] read_thread loop: ret=0, pkt->stream_index=0, audioq.size=5873, videoq.size=362495, eof=0
[2026-03-19 12:10:29.119] [info] [thread 31788] audio_stream: 1, video_stream: 0
[2026-03-19 12:10:29.120] [info] [thread 31788] read_thread loop: ret=0, pkt->stream_index=1, audioq.size=5873, videoq.size=371590, eof=0
[2026-03-19 12:10:29.120] [info] [thread 31788] audio_stream: 1, video_stream: 0
[2026-03-19 12:10:29.120] [info] [thread 31788] audio packet pts: 35840, audio_pkt_size=354
[2026-03-19 12:10:29.120] [info] [thread 31788] read_thread loop: ret=0, pkt->stream_index=0, audioq.size=6347, videoq.size=371590, eof=0
[2026-03-19 12:10:29.121] [info] [thread 31788] audio_stream: 1, video_stream: 0
[2026-03-19 12:10:29.121] [info] [thread 31788] read_thread loop: ret=0, pkt->stream_index=0, audioq.size=6347, videoq.size=377082, eof=0
[2026-03-19 12:10:29.121] [info] [thread 31788] audio_stream: 1, video_stream: 0
[2026-03-19 12:10:29.122] [info] [thread 31788] read_thread loop: ret=0, pkt->stream_index=1, audioq.size=6347, videoq.size=366225, eof=0
[2026-03-19 12:10:29.122] [info] [thread 31788] audio_stream: 1, video_stream: 0
[2026-03-19 12:10:29.122] [info] [thread 31788] audio packet pts: 36864, audio_pkt_size=322
[2026-03-19 12:10:29.123] [info] [thread 31788] read_thread loop: ret=0, pkt->stream_index=0, audioq.size=6789, videoq.size=366225, eof=0
[2026-03-19 12:10:29.123] [info] [thread 31788] audio_stream: 1, video_stream: 0
[2026-03-19 12:10:29.124] [info] [thread 31788] read_thread loop: ret=0, pkt->stream_index=1, audioq.size=6789, videoq.size=379318, eof=0
[2026-03-19 12:10:29.124] [info] [thread 31788] audio_stream: 1, video_stream: 0
[2026-03-19 12:10:29.125] [info] [thread 31788] audio packet pts: 37888, audio_pkt_size=385
[2026-03-19 12:10:29.125] [info] [thread 31788] read_thread loop: ret=0, pkt->stream_index=0, audioq.size=7294, videoq.size=379318, eof=0
[2026-03-19 12:10:29.126] [info] [thread 31788] audio_stream: 1, video_stream: 0
[2026-03-19 12:10:29.126] [info] [thread 31788] read_thread loop: ret=0, pkt->stream_index=1, audioq.size=7294, videoq.size=384879, eof=0
[2026-03-19 12:10:29.126] [info] [thread 31788] audio_stream: 1, video_stream: 0
[2026-03-19 12:10:29.127] [info] [thread 31788] audio packet pts: 38912, audio_pkt_size=435
[2026-03-19 12:10:29.127] [info] [thread 31788] read_thread loop: ret=0, pkt->stream_index=0, audioq.size=7849, videoq.size=384879, eof=0
[2026-03-19 12:10:29.127] [info] [thread 31788] audio_stream: 1, video_stream: 0
[2026-03-19 12:10:29.127] [info] [thread 31788] read_thread loop: ret=0, pkt->stream_index=0, audioq.size=7849, videoq.size=398279, eof=0
[2026-03-19 12:10:29.128] [info] [thread 31788] audio_stream: 1, video_stream: 0
[2026-03-19 12:10:29.128] [info] [thread 31788] read_thread loop: ret=0, pkt->stream_index=1, audioq.size=7849, videoq.size=405801, eof=0
[2026-03-19 12:10:29.128] [info] [thread 31788] audio_stream: 1, video_stream: 0
[2026-03-19 12:10:29.129] [info] [thread 31788] audio packet pts: 39936, audio_pkt_size=394
[2026-03-19 12:10:29.129] [info] [thread 31788] read_thread loop: ret=0, pkt->stream_index=0, audioq.size=8363, videoq.size=398270, eof=0
[2026-03-19 12:10:29.129] [info] [thread 31788] audio_stream: 1, video_stream: 0
[2026-03-19 12:10:29.130] [info] [thread 31788] read_thread loop: ret=0, pkt->stream_index=1, audioq.size=8363, videoq.size=403735, eof=0
[2026-03-19 12:10:29.131] [info] [thread 31788] audio_stream: 1, video_stream: 0
[2026-03-19 12:10:29.131] [info] [thread 31788] audio packet pts: 40960, audio_pkt_size=438
[2026-03-19 12:10:29.132] [info] [thread 31788] read_thread loop: ret=0, pkt->stream_index=0, audioq.size=8921, videoq.size=403735, eof=0
[2026-03-19 12:10:29.132] [info] [thread 31788] audio_stream: 1, video_stream: 0
[2026-03-19 12:10:29.132] [info] [thread 31788] read_thread loop: ret=0, pkt->stream_index=0, audioq.size=8921, videoq.size=409192, eof=0
[2026-03-19 12:10:29.133] [info] [thread 31788] audio_stream: 1, video_stream: 0
[2026-03-19 12:10:29.133] [info] [thread 31788] read_thread loop: ret=0, pkt->stream_index=1, audioq.size=8921, videoq.size=423648, eof=0
[2026-03-19 12:10:29.133] [info] [thread 31788] audio_stream: 1, video_stream: 0
[2026-03-19 12:10:29.134] [info] [thread 31788] audio packet pts: 41984, audio_pkt_size=333
[2026-03-19 12:10:29.134] [info] [thread 31788] read_thread loop: ret=0, pkt->stream_index=0, audioq.size=9374, videoq.size=423648, eof=0
[2026-03-19 12:10:29.134] [info] [thread 31788] audio_stream: 1, video_stream: 0
[2026-03-19 12:10:29.135] [info] [thread 31788] read_thread loop: ret=0, pkt->stream_index=1, audioq.size=9374, videoq.size=430180, eof=0
[2026-03-19 12:10:29.135] [info] [thread 31788] audio_stream: 1, video_stream: 0
[2026-03-19 12:10:29.135] [info] [thread 31788] audio packet pts: 43008, audio_pkt_size=335
[2026-03-19 12:10:29.135] [info] [thread 31788] read_thread loop: ret=0, pkt->stream_index=0, audioq.size=9829, videoq.size=425742, eof=0
[2026-03-19 12:10:29.136] [info] [thread 31788] audio_stream: 1, video_stream: 0
[2026-03-19 12:10:29.136] [info] [thread 31788] read_thread loop: ret=0, pkt->stream_index=1, audioq.size=9829, videoq.size=429895, eof=0
[2026-03-19 12:10:29.136] [info] [thread 31788] audio_stream: 1, video_stream: 0
[2026-03-19 12:10:29.137] [info] [thread 31788] audio packet pts: 44032, audio_pkt_size=420
[2026-03-19 12:10:29.137] [info] [thread 31788] read_thread loop: ret=0, pkt->stream_index=0, audioq.size=10369, videoq.size=429895, eof=0
[2026-03-19 12:10:29.138] [info] [thread 31788] audio_stream: 1, video_stream: 0
[2026-03-19 12:10:29.139] [info] [thread 31788] read_thread loop: ret=0, pkt->stream_index=0, audioq.size=10369, videoq.size=433900, eof=0
[2026-03-19 12:10:29.140] [info] [thread 31788] audio_stream: 1, video_stream: 0
[2026-03-19 12:10:29.140] [info] [thread 31788] read_thread loop: ret=0, pkt->stream_index=1, audioq.size=10369, videoq.size=445333, eof=0
[2026-03-19 12:10:29.140] [info] [thread 31788] audio_stream: 1, video_stream: 0
[2026-03-19 12:10:29.140] [info] [thread 31788] audio packet pts: 45056, audio_pkt_size=314
[2026-03-19 12:10:29.141] [info] [thread 31788] read_thread loop: ret=0, pkt->stream_index=0, audioq.size=10803, videoq.size=445333, eof=0
[2026-03-19 12:10:29.141] [info] [thread 31788] audio_stream: 1, video_stream: 0
[2026-03-19 12:10:29.141] [info] [thread 31788] read_thread loop: ret=0, pkt->stream_index=1, audioq.size=10803, videoq.size=453291, eof=0
[2026-03-19 12:10:29.141] [info] [thread 31788] audio_stream: 1, video_stream: 0
[2026-03-19 12:10:29.142] [info] [thread 31788] audio packet pts: 46080, audio_pkt_size=331
[2026-03-19 12:10:29.142] [info] [thread 31788] read_thread loop: ret=0, pkt->stream_index=0, audioq.size=11254, videoq.size=453291, eof=0
[2026-03-19 12:10:29.142] [info] [thread 31788] audio_stream: 1, video_stream: 0
[2026-03-19 12:10:29.143] [info] [thread 31788] read_thread loop: ret=0, pkt->stream_index=0, audioq.size=11254, videoq.size=458310, eof=0
[2026-03-19 12:10:29.143] [info] [thread 31788] audio_stream: 1, video_stream: 0
[2026-03-19 12:10:29.144] [info] [thread 31788] read_thread loop: ret=0, pkt->stream_index=1, audioq.size=11254, videoq.size=463571, eof=0
[2026-03-19 12:10:29.144] [info] [thread 31788] audio_stream: 1, video_stream: 0
[2026-03-19 12:10:29.144] [info] [thread 31788] audio packet pts: 47104, audio_pkt_size=421
[2026-03-19 12:10:29.145] [info] [thread 31788] read_thread loop: ret=0, pkt->stream_index=0, audioq.size=11795, videoq.size=446893, eof=0
[2026-03-19 12:10:29.145] [info] [thread 31788] audio_stream: 1, video_stream: 0
[2026-03-19 12:10:29.145] [info] [thread 31788] read_thread loop: ret=0, pkt->stream_index=1, audioq.size=11795, videoq.size=461198, eof=0
[2026-03-19 12:10:29.146] [info] [thread 31788] audio_stream: 1, video_stream: 0
[2026-03-19 12:10:29.146] [info] [thread 31788] audio packet pts: 48128, audio_pkt_size=428
[2026-03-19 12:10:29.147] [info] [thread 31788] read_thread loop: ret=0, pkt->stream_index=0, audioq.size=12343, videoq.size=461198, eof=0
[2026-03-19 12:10:29.147] [info] [thread 31788] audio_stream: 1, video_stream: 0
[2026-03-19 12:10:29.147] [info] [thread 31788] read_thread loop: ret=0, pkt->stream_index=1, audioq.size=12343, videoq.size=470877, eof=0
[2026-03-19 12:10:29.147] [info] [thread 31788] audio_stream: 1, video_stream: 0
[2026-03-19 12:10:29.147] [info] [thread 31788] audio packet pts: 49152, audio_pkt_size=409
[2026-03-19 12:10:29.148] [info] [thread 31788] read_thread loop: ret=0, pkt->stream_index=0, audioq.size=12872, videoq.size=470877, eof=0
[2026-03-19 12:10:29.148] [info] [thread 31788] audio_stream: 1, video_stream: 0
[2026-03-19 12:10:29.148] [info] [thread 31788] read_thread loop: ret=0, pkt->stream_index=0, audioq.size=12872, videoq.size=476614, eof=0
[2026-03-19 12:10:29.148] [info] [thread 31788] audio_stream: 1, video_stream: 0
[2026-03-19 12:10:29.148] [info] [thread 31788] read_thread loop: ret=0, pkt->stream_index=1, audioq.size=12872, videoq.size=482208, eof=0
[2026-03-19 12:10:29.149] [info] [thread 31788] audio_stream: 1, video_stream: 0
[2026-03-19 12:10:29.149] [info] [thread 31788] audio packet pts: 50176, audio_pkt_size=329
[2026-03-19 12:10:29.149] [info] [thread 31788] read_thread loop: ret=0, pkt->stream_index=0, audioq.size=13321, videoq.size=482208, eof=0
[2026-03-19 12:10:29.149] [info] [thread 31788] audio_stream: 1, video_stream: 0
[2026-03-19 12:10:29.150] [info] [thread 28368] audio.nb_samples=1024, channels=2, channel_layout=stereo, format=8, sample_rate=44100
[2026-03-19 12:10:29.150] [info] [thread 31788] read_thread loop: ret=0, pkt->stream_index=1, audioq.size=12826, videoq.size=494700, eof=0
[2026-03-19 12:10:29.150] [info] [thread 28368] audio frame data pointers: data[0]=0x21916f96e40, data[1]=0x21916f9b500
[2026-03-19 12:10:29.151] [info] [thread 31788] audio_stream: 1, video_stream: 0
[2026-03-19 12:10:29.152] [info] [thread 31788] audio packet pts: 51200, audio_pkt_size=374
[2026-03-19 12:10:29.152] [info] [thread 31788] read_thread loop: ret=0, pkt->stream_index=0, audioq.size=13320, videoq.size=486361, eof=0
[2026-03-19 12:10:29.152] [info] [thread 31788] audio_stream: 1, video_stream: 0
[2026-03-19 12:10:29.153] [info] [thread 31788] read_thread loop: ret=0, pkt->stream_index=1, audioq.size=13320, videoq.size=492128, eof=0
[2026-03-19 12:10:29.153] [info] [thread 31788] audio_stream: 1, video_stream: 0
[2026-03-19 12:10:29.153] [info] [thread 31788] audio packet pts: 52224, audio_pkt_size=335
[2026-03-19 12:10:29.153] [info] [thread 31788] read_thread loop: ret=0, pkt->stream_index=0, audioq.size=13775, videoq.size=492128, eof=0
[2026-03-19 12:10:29.154] [info] [thread 31788] audio_stream: 1, video_stream: 0
[2026-03-19 12:10:29.154] [info] [thread 31788] read_thread loop: ret=0, pkt->stream_index=0, audioq.size=13775, videoq.size=506229, eof=0
[2026-03-19 12:10:29.154] [info] [thread 31788] audio_stream: 1, video_stream: 0
[2026-03-19 12:10:29.154] [info] [thread 31788] read_thread loop: ret=0, pkt->stream_index=1, audioq.size=13775, videoq.size=513047, eof=0
[2026-03-19 12:10:29.155] [info] [thread 31788] audio_stream: 1, video_stream: 0
[2026-03-19 12:10:29.155] [info] [thread 31788] audio packet pts: 53248, audio_pkt_size=427
[2026-03-19 12:10:29.155] [info] [thread 31788] read_thread loop: ret=0, pkt->stream_index=0, audioq.size=14322, videoq.size=513047, eof=0
[2026-03-19 12:10:29.155] [info] [thread 31788] audio_stream: 1, video_stream: 0
[2026-03-19 12:10:29.155] [info] [thread 31788] read_thread loop: ret=0, pkt->stream_index=1, audioq.size=14322, videoq.size=527951, eof=0
[2026-03-19 12:10:29.156] [info] [thread 31788] audio_stream: 1, video_stream: 0
[2026-03-19 12:10:29.156] [info] [thread 31788] audio packet pts: 54272, audio_pkt_size=354
[2026-03-19 12:10:29.157] [info] [thread 31788] read_thread loop: ret=0, pkt->stream_index=0, audioq.size=14796, videoq.size=527951, eof=0
[2026-03-19 12:10:29.157] [info] [thread 31788] audio_stream: 1, video_stream: 0
[2026-03-19 12:10:29.157] [info] [thread 31788] read_thread loop: ret=0, pkt->stream_index=0, audioq.size=14796, videoq.size=532642, eof=0
[2026-03-19 12:10:29.158] [info] [thread 31788] audio_stream: 1, video_stream: 0
[2026-03-19 12:10:29.158] [info] [thread 31788] read_thread loop: ret=0, pkt->stream_index=1, audioq.size=14796, videoq.size=539403, eof=0
[2026-03-19 12:10:29.158] [info] [thread 31788] audio_stream: 1, video_stream: 0
[2026-03-19 12:10:29.158] [info] [thread 31788] audio packet pts: 55296, audio_pkt_size=396
[2026-03-19 12:10:29.159] [info] [thread 31788] read_thread loop: ret=0, pkt->stream_index=0, audioq.size=15312, videoq.size=539403, eof=0
[2026-03-19 12:10:29.159] [info] [thread 31788] audio_stream: 1, video_stream: 0
[2026-03-19 12:10:29.159] [info] [thread 31788] read_thread loop: ret=0, pkt->stream_index=1, audioq.size=15312, videoq.size=545287, eof=0
[2026-03-19 12:10:29.159] [info] [thread 31788] audio_stream: 1, video_stream: 0
[2026-03-19 12:10:29.160] [info] [thread 31788] audio packet pts: 56320, audio_pkt_size=375
[2026-03-19 12:10:29.160] [info] [thread 31788] read_thread loop: ret=0, pkt->stream_index=0, audioq.size=15807, videoq.size=545287, eof=0
[2026-03-19 12:10:29.160] [info] [thread 31788] audio_stream: 1, video_stream: 0
[2026-03-19 12:10:29.161] [info] [thread 31788] read_thread loop: ret=0, pkt->stream_index=1, audioq.size=15807, videoq.size=567580, eof=0
[2026-03-19 12:10:29.161] [info] [thread 31788] audio_stream: 1, video_stream: 0
[2026-03-19 12:10:29.161] [info] [thread 31788] audio packet pts: 57344, audio_pkt_size=322
[2026-03-19 12:10:29.161] [info] [thread 31788] read_thread loop: ret=0, pkt->stream_index=0, audioq.size=16249, videoq.size=567580, eof=0
[2026-03-19 12:10:29.162] [info] [thread 31788] audio_stream: 1, video_stream: 0
[2026-03-19 12:10:29.162] [info] [thread 31788] read_thread loop: ret=0, pkt->stream_index=0, audioq.size=16249, videoq.size=575430, eof=0
[2026-03-19 12:10:29.162] [info] [thread 31788] audio_stream: 1, video_stream: 0
[2026-03-19 12:10:29.162] [info] [thread 31788] read_thread loop: ret=0, pkt->stream_index=1, audioq.size=16249, videoq.size=583246, eof=0
[2026-03-19 12:10:29.162] [info] [thread 31788] audio_stream: 1, video_stream: 0
[2026-03-19 12:10:29.163] [info] [thread 31788] audio packet pts: 58368, audio_pkt_size=328
[2026-03-19 12:10:29.163] [info] [thread 31788] read_thread loop: ret=0, pkt->stream_index=0, audioq.size=16697, videoq.size=583246, eof=0
[2026-03-19 12:10:29.163] [info] [thread 31788] audio_stream: 1, video_stream: 0
[2026-03-19 12:10:29.164] [info] [thread 31788] read_thread loop: ret=0, pkt->stream_index=1, audioq.size=16697, videoq.size=593287, eof=0
[2026-03-19 12:10:29.164] [info] [thread 31788] audio_stream: 1, video_stream: 0
[2026-03-19 12:10:29.164] [info] [thread 31788] audio packet pts: 59392, audio_pkt_size=330
[2026-03-19 12:10:29.164] [info] [thread 31788] read_thread loop: ret=0, pkt->stream_index=0, audioq.size=17147, videoq.size=593287, eof=0
[2026-03-19 12:10:29.165] [info] [thread 31788] audio_stream: 1, video_stream: 0
[2026-03-19 12:10:29.165] [info] [thread 31788] read_thread loop: ret=0, pkt->stream_index=0, audioq.size=17147, videoq.size=610229, eof=0
[2026-03-19 12:10:29.166] [info] [thread 31788] audio_stream: 1, video_stream: 0
[2026-03-19 12:10:29.166] [info] [thread 31788] read_thread loop: ret=0, pkt->stream_index=1, audioq.size=17147, videoq.size=621764, eof=0
[2026-03-19 12:10:29.166] [info] [thread 31788] audio_stream: 1, video_stream: 0
[2026-03-19 12:10:29.167] [info] [thread 31788] audio packet pts: 60416, audio_pkt_size=345
[2026-03-19 12:10:29.167] [info] [thread 31788] read_thread loop: ret=0, pkt->stream_index=0, audioq.size=17612, videoq.size=603109, eof=0
[2026-03-19 12:10:29.168] [info] [thread 31788] audio_stream: 1, video_stream: 0
[2026-03-19 12:10:29.168] [info] [thread 31788] read_thread loop: ret=0, pkt->stream_index=1, audioq.size=17612, videoq.size=616262, eof=0
[2026-03-19 12:10:29.168] [info] [thread 31788] audio_stream: 1, video_stream: 0
[2026-03-19 12:10:29.168] [info] [thread 31788] audio packet pts: 61440, audio_pkt_size=351
[2026-03-19 12:10:29.168] [info] [thread 31788] read_thread loop: ret=0, pkt->stream_index=0, audioq.size=18083, videoq.size=616262, eof=0
[2026-03-19 12:10:29.168] [info] [thread 31788] audio_stream: 1, video_stream: 0
[2026-03-19 12:10:29.169] [info] [thread 31788] read_thread loop: ret=0, pkt->stream_index=1, audioq.size=18083, videoq.size=631268, eof=0
[2026-03-19 12:10:29.169] [info] [thread 31788] audio_stream: 1, video_stream: 0
[2026-03-19 12:10:29.169] [info] [thread 31788] audio packet pts: 62464, audio_pkt_size=351
[2026-03-19 12:10:29.169] [info] [thread 31788] read_thread loop: ret=0, pkt->stream_index=0, audioq.size=18554, videoq.size=631268, eof=0
[2026-03-19 12:10:29.174] [info] [thread 31788] audio_stream: 1, video_stream: 0
[2026-03-19 12:10:29.174] [info] [thread 31788] read_thread loop: ret=0, pkt->stream_index=0, audioq.size=18554, videoq.size=640856, eof=0
[2026-03-19 12:10:29.175] [info] [thread 31788] audio_stream: 1, video_stream: 0
[2026-03-19 12:10:29.175] [info] [thread 31788] read_thread loop: ret=0, pkt->stream_index=1, audioq.size=18554, videoq.size=648578, eof=0
[2026-03-19 12:10:29.175] [info] [thread 31788] audio_stream: 1, video_stream: 0
[2026-03-19 12:10:29.175] [info] [thread 31788] audio packet pts: 63488, audio_pkt_size=361
[2026-03-19 12:10:29.175] [info] [thread 31788] read_thread loop: ret=0, pkt->stream_index=0, audioq.size=19035, videoq.size=639388, eof=0
[2026-03-19 12:10:29.176] [info] [thread 31788] audio_stream: 1, video_stream: 0
[2026-03-19 12:10:29.176] [info] [thread 31788] read_thread loop: ret=0, pkt->stream_index=1, audioq.size=19035, videoq.size=650906, eof=0
[2026-03-19 12:10:29.176] [info] [thread 31788] audio_stream: 1, video_stream: 0
[2026-03-19 12:10:29.176] [info] [thread 31788] audio packet pts: 64512, audio_pkt_size=355
[2026-03-19 12:10:29.176] [info] [thread 31788] read_thread loop: ret=0, pkt->stream_index=0, audioq.size=19510, videoq.size=650906, eof=0
[2026-03-19 12:10:29.177] [info] [thread 31788] audio_stream: 1, video_stream: 0
[2026-03-19 12:10:29.177] [info] [thread 31788] read_thread loop: ret=0, pkt->stream_index=0, audioq.size=19510, videoq.size=668209, eof=0
[2026-03-19 12:10:29.177] [info] [thread 31788] audio_stream: 1, video_stream: 0
[2026-03-19 12:10:29.178] [info] [thread 31788] read_thread loop: ret=0, pkt->stream_index=1, audioq.size=19510, videoq.size=678098, eof=0
[2026-03-19 12:10:29.178] [info] [thread 31788] audio_stream: 1, video_stream: 0
[2026-03-19 12:10:29.178] [info] [thread 31788] audio packet pts: 65536, audio_pkt_size=352
[2026-03-19 12:10:29.179] [info] [thread 31788] read_thread loop: ret=0, pkt->stream_index=0, audioq.size=19982, videoq.size=678098, eof=0
[2026-03-19 12:10:29.180] [info] [thread 31788] audio_stream: 1, video_stream: 0
[2026-03-19 12:10:29.180] [info] [thread 31788] read_thread loop: ret=0, pkt->stream_index=1, audioq.size=19982, videoq.size=698925, eof=0
[2026-03-19 12:10:29.181] [info] [thread 31788] audio_stream: 1, video_stream: 0
[2026-03-19 12:10:29.181] [info] [thread 31788] audio packet pts: 66560, audio_pkt_size=383
[2026-03-19 12:10:29.181] [info] [thread 31788] read_thread loop: ret=0, pkt->stream_index=0, audioq.size=20485, videoq.size=698925, eof=0
[2026-03-19 12:10:29.181] [info] [thread 31788] audio_stream: 1, video_stream: 0
[2026-03-19 12:10:29.181] [info] [thread 31788] read_thread loop: ret=0, pkt->stream_index=1, audioq.size=20485, videoq.size=712696, eof=0
[2026-03-19 12:10:29.182] [info] [thread 31788] audio_stream: 1, video_stream: 0
[2026-03-19 12:10:29.182] [info] [thread 31788] audio packet pts: 67584, audio_pkt_size=351
[2026-03-19 12:10:29.182] [info] [thread 31788] read_thread loop: ret=0, pkt->stream_index=0, audioq.size=20956, videoq.size=707912, eof=0
[2026-03-19 12:10:29.182] [info] [thread 31788] audio_stream: 1, video_stream: 0
[2026-03-19 12:10:29.183] [info] [thread 31788] read_thread loop: ret=0, pkt->stream_index=0, audioq.size=20956, videoq.size=730867, eof=0
[2026-03-19 12:10:29.183] [info] [thread 31788] audio_stream: 1, video_stream: 0
[2026-03-19 12:10:29.183] [info] [thread 31788] read_thread loop: ret=0, pkt->stream_index=1, audioq.size=20956, videoq.size=746158, eof=0
[2026-03-19 12:10:29.183] [info] [thread 31788] audio_stream: 1, video_stream: 0
[2026-03-19 12:10:29.183] [info] [thread 31788] audio packet pts: 68608, audio_pkt_size=365
[2026-03-19 12:10:29.190] [info] [thread 28368] audio.nb_samples=1024, channels=2, channel_layout=stereo, format=8, sample_rate=44100
[2026-03-19 12:10:29.190] [info] [thread 28368] audio frame data pointers: data[0]=0x21916a5bb00, data[1]=0x21916f98e80
[2026-03-19 12:10:29.194] [info] [thread 31788] read_thread loop: ret=0, pkt->stream_index=0, audioq.size=20938, videoq.size=740429, eof=0
[2026-03-19 12:10:29.194] [info] [thread 31788] audio_stream: 1, video_stream: 0
[2026-03-19 12:10:29.194] [info] [thread 31788] read_thread loop: ret=0, pkt->stream_index=1, audioq.size=20938, videoq.size=754915, eof=0
[2026-03-19 12:10:29.194] [info] [thread 31788] audio_stream: 1, video_stream: 0
[2026-03-19 12:10:29.195] [info] [thread 31788] audio packet pts: 69632, audio_pkt_size=409
[2026-03-19 12:10:29.240] [info] [thread 28368] audio.nb_samples=1024, channels=2, channel_layout=stereo, format=8, sample_rate=44100
[2026-03-19 12:10:29.240] [info] [thread 28368] audio frame data pointers: data[0]=0x21916a5db80, data[1]=0x2191427f980
[2026-03-19 12:10:29.247] [info] [thread 31788] read_thread loop: ret=0, pkt->stream_index=0, audioq.size=20927, videoq.size=733999, eof=0
[2026-03-19 12:10:29.247] [info] [thread 31788] audio_stream: 1, video_stream: 0
[2026-03-19 12:10:29.248] [info] [thread 31788] read_thread loop: ret=0, pkt->stream_index=0, audioq.size=20927, videoq.size=742442, eof=0
[2026-03-19 12:10:29.248] [info] [thread 31788] audio_stream: 1, video_stream: 0
[2026-03-19 12:10:29.248] [info] [thread 31788] read_thread loop: ret=0, pkt->stream_index=1, audioq.size=20927, videoq.size=758631, eof=0
[2026-03-19 12:10:29.248] [info] [thread 31788] audio_stream: 1, video_stream: 0
[2026-03-19 12:10:29.249] [info] [thread 31788] audio packet pts: 70656, audio_pkt_size=424
[2026-03-19 12:10:29.290] [info] [thread 28368] audio.nb_samples=1024, channels=2, channel_layout=stereo, format=8, sample_rate=44100
[2026-03-19 12:10:29.290] [info] [thread 28368] audio frame data pointers: data[0]=0x21914279380, data[1]=0x2191427b580
[2026-03-19 12:10:29.290] [info] [thread 31788] read_thread loop: ret=0, pkt->stream_index=0, audioq.size=20984, videoq.size=741961, eof=0
[2026-03-19 12:10:29.291] [info] [thread 31788] audio_stream: 1, video_stream: 0
[2026-03-19 12:10:29.291] [info] [thread 31788] read_thread loop: ret=0, pkt->stream_index=1, audioq.size=20984, videoq.size=751981, eof=0
[2026-03-19 12:10:29.291] [info] [thread 31788] audio_stream: 1, video_stream: 0
[2026-03-19 12:10:29.291] [info] [thread 31788] audio packet pts: 71680, audio_pkt_size=356
[2026-03-19 12:10:29.330] [info] [thread 28368] audio.nb_samples=1024, channels=2, channel_layout=stereo, format=8, sample_rate=44100
[2026-03-19 12:10:29.330] [info] [thread 28368] audio frame data pointers: data[0]=0x21914281bc0, data[1]=0x21914283dc0
[2026-03-19 12:10:29.333] [info] [thread 31788] read_thread loop: ret=0, pkt->stream_index=0, audioq.size=21005, videoq.size=745604, eof=0
[2026-03-19 12:10:29.333] [info] [thread 31788] audio_stream: 1, video_stream: 0
[2026-03-19 12:10:29.334] [info] [thread 31788] read_thread loop: ret=0, pkt->stream_index=1, audioq.size=21005, videoq.size=752818, eof=0
[2026-03-19 12:10:29.334] [info] [thread 31788] audio_stream: 1, video_stream: 0
[2026-03-19 12:10:29.334] [info] [thread 31788] audio packet pts: 72704, audio_pkt_size=347
[2026-03-19 12:10:29.380] [info] [thread 28368] audio.nb_samples=1024, channels=2, channel_layout=stereo, format=8, sample_rate=44100
[2026-03-19 12:10:29.380] [info] [thread 28368] audio frame data pointers: data[0]=0x2191427d780, data[1]=0x21914285fc0
[2026-03-19 12:10:29.386] [info] [thread 31788] read_thread loop: ret=0, pkt->stream_index=0, audioq.size=21012, videoq.size=723208, eof=0
[2026-03-19 12:10:29.387] [info] [thread 31788] audio_stream: 1, video_stream: 0
[2026-03-19 12:10:29.387] [info] [thread 31788] read_thread loop: ret=0, pkt->stream_index=0, audioq.size=21012, videoq.size=729086, eof=0
[2026-03-19 12:10:29.387] [info] [thread 31788] audio_stream: 1, video_stream: 0
[2026-03-19 12:10:29.387] [info] [thread 31788] read_thread loop: ret=0, pkt->stream_index=1, audioq.size=21012, videoq.size=743831, eof=0
[2026-03-19 12:10:29.387] [info] [thread 31788] audio_stream: 1, video_stream: 0
[2026-03-19 12:10:29.388] [info] [thread 31788] audio packet pts: 73728, audio_pkt_size=349
[2026-03-19 12:10:29.430] [info] [thread 28368] audio.nb_samples=1024, channels=2, channel_layout=stereo, format=8, sample_rate=44100
[2026-03-19 12:10:29.430] [info] [thread 28368] audio frame data pointers: data[0]=0x219142881c0, data[1]=0x2191428c600
[2026-03-19 12:10:29.451] [info] [thread 31788] read_thread loop: ret=0, pkt->stream_index=0, audioq.size=21024, videoq.size=729947, eof=0
[2026-03-19 12:10:29.451] [info] [thread 31788] audio_stream: 1, video_stream: 0
[2026-03-19 12:10:29.452] [info] [thread 31788] read_thread loop: ret=0, pkt->stream_index=1, audioq.size=21024, videoq.size=736884, eof=0
[2026-03-19 12:10:29.452] [info] [thread 31788] audio_stream: 1, video_stream: 0
[2026-03-19 12:10:29.452] [info] [thread 31788] audio packet pts: 74752, audio_pkt_size=347
[2026-03-19 12:10:29.470] [info] [thread 28368] audio.nb_samples=1024, channels=2, channel_layout=stereo, format=8, sample_rate=44100
[2026-03-19 12:10:29.470] [info] [thread 28368] audio frame data pointers: data[0]=0x2191428a400, data[1]=0x21914290a00
[2026-03-19 12:10:29.474] [info] [thread 31788] read_thread loop: ret=0, pkt->stream_index=0, audioq.size=20973, videoq.size=736884, eof=0
[2026-03-19 12:10:29.474] [info] [thread 31788] audio_stream: 1, video_stream: 0
[2026-03-19 12:10:29.474] [info] [thread 31788] read_thread loop: ret=0, pkt->stream_index=1, audioq.size=20973, videoq.size=742057, eof=0
[2026-03-19 12:10:29.474] [info] [thread 31788] audio_stream: 1, video_stream: 0
[2026-03-19 12:10:29.474] [info] [thread 31788] audio packet pts: 75776, audio_pkt_size=348
[2026-03-19 12:10:29.520] [info] [thread 28368] audio.nb_samples=1024, channels=2, channel_layout=stereo, format=8, sample_rate=44100
[2026-03-19 12:10:29.527] [info] [thread 31788] read_thread loop: ret=0, pkt->stream_index=0, audioq.size=20885, videoq.size=721554, eof=0
[2026-03-19 12:10:29.547] [info] [thread 28368] audio frame data pointers: data[0]=0x2191478a0c0, data[1]=0x21914788040
[2026-03-19 12:10:29.584] [info] [thread 31788] audio_stream: 1, video_stream: 0
[2026-03-19 12:10:29.585] [info] [thread 31788] read_thread loop: ret=0, pkt->stream_index=0, audioq.size=20885, videoq.size=705778, eof=0
[2026-03-19 12:10:29.588] [info] [thread 31788] audio_stream: 1, video_stream: 0
[2026-03-19 12:10:29.600] [info] [thread 31788] read_thread loop: ret=0, pkt->stream_index=1, audioq.size=20885, videoq.size=713269, eof=0
[2026-03-19 12:10:29.605] [info] [thread 31788] audio_stream: 1, video_stream: 0
[2026-03-19 12:10:29.610] [info] [thread 31788] audio packet pts: 76800, audio_pkt_size=340
[2026-03-19 12:10:29.620] [info] [thread 28368] audio.nb_samples=1024, channels=2, channel_layout=stereo, format=8, sample_rate=44100
[2026-03-19 12:10:29.674] [info] [thread 31788] read_thread loop: ret=0, pkt->stream_index=0, audioq.size=20811, videoq.size=669701, eof=0
[2026-03-19 12:10:29.696] [info] [thread 28368] audio frame data pointers: data[0]=0x21916f92a00, data[1]=0x21916b27480
[2026-03-19 12:10:29.732] [info] [thread 31788] audio_stream: 1, video_stream: 0
[2026-03-19 12:10:29.733] [info] [thread 31788] read_thread loop: ret=0, pkt->stream_index=1, audioq.size=20811, videoq.size=652962, eof=0
[2026-03-19 12:10:29.733] [info] [thread 31788] audio_stream: 1, video_stream: 0
[2026-03-19 12:10:29.734] [info] [thread 31788] audio packet pts: 77824, audio_pkt_size=360
[2026-03-19 12:10:29.760] [info] [thread 28368] audio.nb_samples=1024, channels=2, channel_layout=stereo, format=8, sample_rate=44100
[2026-03-19 12:10:29.761] [info] [thread 28368] audio frame data pointers: data[0]=0x21916f9b500, data[1]=0x21916f96e40
[2026-03-19 12:10:29.775] [info] [thread 31788] read_thread loop: ret=0, pkt->stream_index=0, audioq.size=20852, videoq.size=637321, eof=0
[2026-03-19 12:10:29.796] [info] [thread 31788] audio_stream: 1, video_stream: 0
[2026-03-19 12:10:29.796] [info] [thread 31788] read_thread loop: ret=0, pkt->stream_index=0, audioq.size=20852, videoq.size=634295, eof=0
[2026-03-19 12:10:29.797] [info] [thread 31788] audio_stream: 1, video_stream: 0
[2026-03-19 12:10:29.797] [info] [thread 31788] read_thread loop: ret=0, pkt->stream_index=1, audioq.size=20852, videoq.size=648378, eof=0
[2026-03-19 12:10:29.798] [info] [thread 31788] audio_stream: 1, video_stream: 0
[2026-03-19 12:10:29.798] [info] [thread 31788] audio packet pts: 78848, audio_pkt_size=417
[2026-03-19 12:10:29.810] [info] [thread 28368] audio.nb_samples=1024, channels=2, channel_layout=stereo, format=8, sample_rate=44100
[2026-03-19 12:10:29.810] [info] [thread 28368] audio frame data pointers: data[0]=0x21916f98e80, data[1]=0x21916a5bb00
[2026-03-19 12:10:29.820] [info] [thread 31788] read_thread loop: ret=0, pkt->stream_index=0, audioq.size=20960, videoq.size=642042, eof=0
[2026-03-19 12:10:29.820] [info] [thread 31788] audio_stream: 1, video_stream: 0
[2026-03-19 12:10:29.820] [info] [thread 31788] read_thread loop: ret=0, pkt->stream_index=1, audioq.size=20960, videoq.size=648388, eof=0
[2026-03-19 12:10:29.820] [info] [thread 31788] audio_stream: 1, video_stream: 0
[2026-03-19 12:10:29.820] [info] [thread 31788] audio packet pts: 79872, audio_pkt_size=350
[2026-03-19 12:10:29.860] [info] [thread 28368] audio.nb_samples=1024, channels=2, channel_layout=stereo, format=8, sample_rate=44100
[2026-03-19 12:10:29.860] [info] [thread 28368] audio frame data pointers: data[0]=0x2191427f980, data[1]=0x21916a5db80
[2026-03-19 12:10:29.864] [info] [thread 31788] read_thread loop: ret=0, pkt->stream_index=0, audioq.size=20956, videoq.size=643164, eof=0
[2026-03-19 12:10:29.864] [info] [thread 31788] audio_stream: 1, video_stream: 0
[2026-03-19 12:10:29.865] [info] [thread 31788] read_thread loop: ret=0, pkt->stream_index=1, audioq.size=20956, videoq.size=648693, eof=0
[2026-03-19 12:10:29.865] [info] [thread 31788] audio_stream: 1, video_stream: 0
[2026-03-19 12:10:29.865] [info] [thread 31788] audio packet pts: 80896, audio_pkt_size=343
[2026-03-19 12:10:29.899] [info] [thread 28368] audio.nb_samples=1024, channels=2, channel_layout=stereo, format=8, sample_rate=44100
[2026-03-19 12:10:29.900] [info] [thread 28368] audio frame data pointers: data[0]=0x2191427b580, data[1]=0x21914279380
[2026-03-19 12:10:29.919] [info] [thread 31788] read_thread loop: ret=0, pkt->stream_index=0, audioq.size=20977, videoq.size=623704, eof=0
[2026-03-19 12:10:29.920] [info] [thread 31788] audio_stream: 1, video_stream: 0
[2026-03-19 12:10:29.920] [info] [thread 31788] read_thread loop: ret=0, pkt->stream_index=0, audioq.size=20977, videoq.size=627725, eof=0
[2026-03-19 12:10:29.920] [info] [thread 31788] audio_stream: 1, video_stream: 0
[2026-03-19 12:10:29.920] [info] [thread 31788] read_thread loop: ret=0, pkt->stream_index=1, audioq.size=20977, videoq.size=640920, eof=0
[2026-03-19 12:10:29.921] [info] [thread 31788] audio_stream: 1, video_stream: 0
[2026-03-19 12:10:29.921] [info] [thread 31788] audio packet pts: 81920, audio_pkt_size=357
[2026-03-19 12:10:29.950] [info] [thread 28368] audio.nb_samples=1024, channels=2, channel_layout=stereo, format=8, sample_rate=44100
[2026-03-19 12:10:29.950] [info] [thread 28368] audio frame data pointers: data[0]=0x21914283dc0, data[1]=0x21914281bc0
[2026-03-19 12:10:29.963] [info] [thread 31788] read_thread loop: ret=0, pkt->stream_index=0, audioq.size=20949, videoq.size=635428, eof=0
[2026-03-19 12:10:29.964] [info] [thread 31788] audio_stream: 1, video_stream: 0
[2026-03-19 12:10:29.964] [info] [thread 31788] read_thread loop: ret=0, pkt->stream_index=1, audioq.size=20949, videoq.size=642409, eof=0
[2026-03-19 12:10:29.964] [info] [thread 31788] audio_stream: 1, video_stream: 0
[2026-03-19 12:10:29.965] [info] [thread 31788] audio packet pts: 82944, audio_pkt_size=361
[2026-03-19 12:10:29.990] [info] [thread 28368] audio.nb_samples=1024, channels=2, channel_layout=stereo, format=8, sample_rate=44100
[2026-03-19 12:10:29.990] [info] [thread 28368] audio frame data pointers: data[0]=0x21914285fc0, data[1]=0x2191427d780
[2026-03-19 12:10:29.996] [info] [thread 31788] read_thread loop: ret=0, pkt->stream_index=0, audioq.size=20875, videoq.size=636036, eof=0
[2026-03-19 12:10:29.997] [info] [thread 31788] audio_stream: 1, video_stream: 0
[2026-03-19 12:10:29.997] [info] [thread 31788] read_thread loop: ret=0, pkt->stream_index=0, audioq.size=20875, videoq.size=639548, eof=0
[2026-03-19 12:10:29.998] [info] [thread 31788] audio_stream: 1, video_stream: 0
[2026-03-19 12:10:29.998] [info] [thread 31788] read_thread loop: ret=0, pkt->stream_index=1, audioq.size=20875, videoq.size=644918, eof=0
[2026-03-19 12:10:29.998] [info] [thread 31788] audio_stream: 1, video_stream: 0
[2026-03-19 12:10:29.999] [info] [thread 31788] audio packet pts: 83968, audio_pkt_size=358
[2026-03-19 12:10:30.040] [info] [thread 28368] audio.nb_samples=1024, channels=2, channel_layout=stereo, format=8, sample_rate=44100
[2026-03-19 12:10:30.040] [info] [thread 28368] audio frame data pointers: data[0]=0x2191428c600, data[1]=0x219142881c0
[2026-03-19 12:10:30.042] [info] [thread 31788] read_thread loop: ret=0, pkt->stream_index=0, audioq.size=20839, videoq.size=631825, eof=0
[2026-03-19 12:10:30.043] [info] [thread 31788] audio_stream: 1, video_stream: 0
[2026-03-19 12:10:30.043] [info] [thread 31788] read_thread loop: ret=0, pkt->stream_index=1, audioq.size=20839, videoq.size=645087, eof=0
[2026-03-19 12:10:30.043] [info] [thread 31788] audio_stream: 1, video_stream: 0
[2026-03-19 12:10:30.043] [info] [thread 31788] audio packet pts: 84992, audio_pkt_size=371
[2026-03-19 12:10:30.090] [info] [thread 28368] audio.nb_samples=1024, channels=2, channel_layout=stereo, format=8, sample_rate=44100
[2026-03-19 12:10:30.090] [info] [thread 28368] audio frame data pointers: data[0]=0x21914290a00, data[1]=0x2191428a400
[2026-03-19 12:10:30.106] [info] [thread 31788] read_thread loop: ret=0, pkt->stream_index=0, audioq.size=20772, videoq.size=626126, eof=0
[2026-03-19 12:10:30.107] [info] [thread 31788] audio_stream: 1, video_stream: 0
[2026-03-19 12:10:30.107] [info] [thread 31788] read_thread loop: ret=0, pkt->stream_index=1, audioq.size=20772, videoq.size=632006, eof=0
[2026-03-19 12:10:30.107] [info] [thread 31788] audio_stream: 1, video_stream: 0
[2026-03-19 12:10:30.107] [info] [thread 31788] audio packet pts: 86016, audio_pkt_size=368
[2026-03-19 12:10:30.130] [info] [thread 28368] audio.nb_samples=1024, channels=2, channel_layout=stereo, format=8, sample_rate=44100
[2026-03-19 12:10:30.130] [info] [thread 28368] audio frame data pointers: data[0]=0x21914788040, data[1]=0x2191478a0c0
[2026-03-19 12:10:30.139] [info] [thread 31788] read_thread loop: ret=0, pkt->stream_index=0, audioq.size=20807, videoq.size=624484, eof=0
[2026-03-19 12:10:30.140] [info] [thread 31788] audio_stream: 1, video_stream: 0
[2026-03-19 12:10:30.140] [info] [thread 31788] read_thread loop: ret=0, pkt->stream_index=0, audioq.size=20807, videoq.size=628259, eof=0
[2026-03-19 12:10:30.141] [info] [thread 31788] audio_stream: 1, video_stream: 0
[2026-03-19 12:10:30.141] [info] [thread 31788] read_thread loop: ret=0, pkt->stream_index=1, audioq.size=20807, videoq.size=632342, eof=0
[2026-03-19 12:10:30.142] [info] [thread 31788] audio_stream: 1, video_stream: 0
[2026-03-19 12:10:30.142] [info] [thread 31788] audio packet pts: 87040, audio_pkt_size=394
[2026-03-19 12:10:30.180] [info] [thread 28368] audio.nb_samples=1024, channels=2, channel_layout=stereo, format=8, sample_rate=44100
[2026-03-19 12:10:30.180] [info] [thread 28368] audio frame data pointers: data[0]=0x21916b27480, data[1]=0x21916f92a00
[2026-03-19 12:10:30.185] [info] [thread 31788] read_thread loop: ret=0, pkt->stream_index=0, audioq.size=20866, videoq.size=621420, eof=0
[2026-03-19 12:10:30.186] [info] [thread 31788] audio_stream: 1, video_stream: 0
[2026-03-19 12:10:30.186] [info] [thread 31788] read_thread loop: ret=0, pkt->stream_index=1, audioq.size=20866, videoq.size=636717, eof=0
[2026-03-19 12:10:30.186] [info] [thread 31788] audio_stream: 1, video_stream: 0
[2026-03-19 12:10:30.186] [info] [thread 31788] audio packet pts: 88064, audio_pkt_size=358
[2026-03-19 12:10:30.230] [info] [thread 28368] audio.nb_samples=1024, channels=2, channel_layout=stereo, format=8, sample_rate=44100
[2026-03-19 12:10:30.230] [info] [thread 28368] audio frame data pointers: data[0]=0x21916f96e40, data[1]=0x21916f9b500
[2026-03-19 12:10:30.230] [info] [thread 31788] read_thread loop: ret=0, pkt->stream_index=0, audioq.size=20804, videoq.size=622261, eof=0
[2026-03-19 12:10:30.231] [info] [thread 31788] audio_stream: 1, video_stream: 0
[2026-03-19 12:10:30.231] [info] [thread 31788] read_thread loop: ret=0, pkt->stream_index=0, audioq.size=20804, videoq.size=627261, eof=0
[2026-03-19 12:10:30.232] [info] [thread 31788] audio_stream: 1, video_stream: 0
[2026-03-19 12:10:30.232] [info] [thread 31788] read_thread loop: ret=0, pkt->stream_index=1, audioq.size=20804, videoq.size=630962, eof=0
[2026-03-19 12:10:30.232] [info] [thread 31788] audio_stream: 1, video_stream: 0
[2026-03-19 12:10:30.233] [info] [thread 31788] audio packet pts: 89088, audio_pkt_size=362
[2026-03-19 12:10:30.270] [info] [thread 28368] audio.nb_samples=1024, channels=2, channel_layout=stereo, format=8, sample_rate=44100
[2026-03-19 12:10:30.270] [info] [thread 28368] audio frame data pointers: data[0]=0x21916a5bb00, data[1]=0x21916f98e80
[2026-03-19 12:10:30.275] [info] [thread 31788] read_thread loop: ret=0, pkt->stream_index=0, audioq.size=20852, videoq.size=624430, eof=0
[2026-03-19 12:10:30.276] [info] [thread 31788] audio_stream: 1, video_stream: 0
[2026-03-19 12:10:30.276] [info] [thread 31788] read_thread loop: ret=0, pkt->stream_index=1, audioq.size=20852, videoq.size=628530, eof=0
[2026-03-19 12:10:30.277] [info] [thread 31788] audio_stream: 1, video_stream: 0
[2026-03-19 12:10:30.277] [info] [thread 31788] audio packet pts: 90112, audio_pkt_size=355
[2026-03-19 12:10:30.320] [info] [thread 28368] audio.nb_samples=1024, channels=2, channel_layout=stereo, format=8, sample_rate=44100
[2026-03-19 12:10:30.320] [info] [thread 28368] audio frame data pointers: data[0]=0x21916a5db80, data[1]=0x2191427f980
[2026-03-19 12:10:30.341] [info] [thread 31788] read_thread loop: ret=0, pkt->stream_index=0, audioq.size=20876, videoq.size=620372, eof=0
[2026-03-19 12:10:30.341] [info] [thread 31788] audio_stream: 1, video_stream: 0
[2026-03-19 12:10:30.342] [info] [thread 31788] read_thread loop: ret=0, pkt->stream_index=1, audioq.size=20876, videoq.size=633652, eof=0
[2026-03-19 12:10:30.343] [info] [thread 31788] audio_stream: 1, video_stream: 0
[2026-03-19 12:10:30.343] [info] [thread 31788] audio packet pts: 91136, audio_pkt_size=363
[2026-03-19 12:10:30.370] [info] [thread 28368] audio.nb_samples=1024, channels=2, channel_layout=stereo, format=8, sample_rate=44100
[2026-03-19 12:10:30.370] [info] [thread 28368] audio frame data pointers: data[0]=0x21914279380, data[1]=0x2191427b580
[2026-03-19 12:10:30.385] [info] [thread 31788] read_thread loop: ret=0, pkt->stream_index=0, audioq.size=20818, videoq.size=609932, eof=0
[2026-03-19 12:10:30.386] [info] [thread 31788] audio_stream: 1, video_stream: 0
[2026-03-19 12:10:30.387] [info] [thread 31788] read_thread loop: ret=0, pkt->stream_index=0, audioq.size=20818, videoq.size=616793, eof=0
[2026-03-19 12:10:30.387] [info] [thread 31788] audio_stream: 1, video_stream: 0
[2026-03-19 12:10:30.387] [info] [thread 31788] read_thread loop: ret=0, pkt->stream_index=1, audioq.size=20818, videoq.size=621011, eof=0
[2026-03-19 12:10:30.388] [info] [thread 31788] audio_stream: 1, video_stream: 0
[2026-03-19 12:10:30.388] [info] [thread 31788] audio packet pts: 92160, audio_pkt_size=365
[2026-03-19 12:10:30.410] [info] [thread 28368] audio.nb_samples=1024, channels=2, channel_layout=stereo, format=8, sample_rate=44100
[2026-03-19 12:10:30.410] [info] [thread 28368] audio frame data pointers: data[0]=0x21914281bc0, data[1]=0x21914283dc0
[2026-03-19 12:10:30.419] [info] [thread 31788] read_thread loop: ret=0, pkt->stream_index=0, audioq.size=20755, videoq.size=615992, eof=0
[2026-03-19 12:10:30.420] [info] [thread 31788] audio_stream: 1, video_stream: 0
[2026-03-19 12:10:30.420] [info] [thread 31788] read_thread loop: ret=0, pkt->stream_index=1, audioq.size=20755, videoq.size=620971, eof=0
[2026-03-19 12:10:30.421] [info] [thread 31788] audio_stream: 1, video_stream: 0
[2026-03-19 12:10:30.421] [info] [thread 31788] audio packet pts: 93184, audio_pkt_size=422
[2026-03-19 12:10:30.460] [info] [thread 28368] audio.nb_samples=1024, channels=2, channel_layout=stereo, format=8, sample_rate=44100
[2026-03-19 12:10:30.461] [info] [thread 28368] audio frame data pointers: data[0]=0x2191427d780, data[1]=0x21914285fc0
[2026-03-19 12:10:30.464] [info] [thread 31788] read_thread loop: ret=0, pkt->stream_index=0, audioq.size=20768, videoq.size=615710, eof=0
[2026-03-19 12:10:30.464] [info] [thread 31788] audio_stream: 1, video_stream: 0
[2026-03-19 12:10:30.465] [info] [thread 31788] read_thread loop: ret=0, pkt->stream_index=0, audioq.size=20768, videoq.size=632569, eof=0
[2026-03-19 12:10:30.465] [info] [thread 31788] audio_stream: 1, video_stream: 0
[2026-03-19 12:10:30.466] [info] [thread 31788] read_thread loop: ret=0, pkt->stream_index=1, audioq.size=20768, videoq.size=641363, eof=0
[2026-03-19 12:10:30.466] [info] [thread 31788] audio_stream: 1, video_stream: 0
[2026-03-19 12:10:30.466] [info] [thread 31788] audio packet pts: 94208, audio_pkt_size=454
[2026-03-19 12:10:30.510] [info] [thread 28368] audio.nb_samples=1024, channels=2, channel_layout=stereo, format=8, sample_rate=44100
[2026-03-19 12:10:30.510] [info] [thread 28368] audio frame data pointers: data[0]=0x219142881c0, data[1]=0x2191428c600
[2026-03-19 12:10:30.519] [info] [thread 31788] read_thread loop: ret=0, pkt->stream_index=0, audioq.size=20893, videoq.size=617379, eof=0
[2026-03-19 12:10:30.520] [info] [thread 31788] audio_stream: 1, video_stream: 0
[2026-03-19 12:10:30.521] [info] [thread 31788] read_thread loop: ret=0, pkt->stream_index=1, audioq.size=20893, videoq.size=622642, eof=0
[2026-03-19 12:10:30.521] [info] [thread 31788] audio_stream: 1, video_stream: 0
[2026-03-19 12:10:30.521] [info] [thread 31788] audio packet pts: 95232, audio_pkt_size=372
[2026-03-19 12:10:30.550] [info] [thread 28368] audio.nb_samples=1024, channels=2, channel_layout=stereo, format=8, sample_rate=44100
[2026-03-19 12:10:30.550] [info] [thread 28368] audio frame data pointers: data[0]=0x2191428a400, data[1]=0x21914290a00
[2026-03-19 12:10:30.552] [info] [thread 31788] read_thread loop: ret=0, pkt->stream_index=0, audioq.size=20891, videoq.size=616905, eof=0
[2026-03-19 12:10:30.553] [info] [thread 31788] audio_stream: 1, video_stream: 0
[2026-03-19 12:10:30.553] [info] [thread 31788] read_thread loop: ret=0, pkt->stream_index=1, audioq.size=20891, videoq.size=622851, eof=0
[2026-03-19 12:10:30.553] [info] [thread 31788] audio_stream: 1, video_stream: 0
[2026-03-19 12:10:30.554] [info] [thread 31788] audio packet pts: 96256, audio_pkt_size=417
[2026-03-19 12:10:30.600] [info] [thread 28368] audio.nb_samples=1024, channels=2, channel_layout=stereo, format=8, sample_rate=44100
[2026-03-19 12:10:30.600] [info] [thread 28368] audio frame data pointers: data[0]=0x2191478a0c0, data[1]=0x21914788040
[2026-03-19 12:10:30.606] [info] [thread 31788] read_thread loop: ret=0, pkt->stream_index=0, audioq.size=20973, videoq.size=617257, eof=0
[2026-03-19 12:10:30.606] [info] [thread 31788] audio_stream: 1, video_stream: 0
[2026-03-19 12:10:30.607] [info] [thread 31788] read_thread loop: ret=0, pkt->stream_index=0, audioq.size=20973, videoq.size=635730, eof=0
[2026-03-19 12:10:30.607] [info] [thread 31788] audio_stream: 1, video_stream: 0
[2026-03-19 12:10:30.608] [info] [thread 31788] read_thread loop: ret=0, pkt->stream_index=1, audioq.size=20973, videoq.size=644436, eof=0
[2026-03-19 12:10:30.608] [info] [thread 31788] audio_stream: 1, video_stream: 0
[2026-03-19 12:10:30.608] [info] [thread 31788] audio packet pts: 97280, audio_pkt_size=350
[2026-03-19 12:10:30.640] [info] [thread 28368] audio.nb_samples=1024, channels=2, channel_layout=stereo, format=8, sample_rate=44100
[2026-03-19 12:10:30.640] [info] [thread 28368] audio frame data pointers: data[0]=0x21916f92a00, data[1]=0x21916b27480
[2026-03-19 12:10:30.649] [info] [thread 31788] read_thread loop: ret=0, pkt->stream_index=0, audioq.size=20896, videoq.size=631944, eof=0
[2026-03-19 12:10:30.650] [info] [thread 31788] audio_stream: 1, video_stream: 0
[2026-03-19 12:10:30.650] [info] [thread 31788] read_thread loop: ret=0, pkt->stream_index=1, audioq.size=20896, videoq.size=638139, eof=0
[2026-03-19 12:10:30.651] [info] [thread 31788] audio_stream: 1, video_stream: 0
[2026-03-19 12:10:30.651] [info] [thread 31788] audio packet pts: 98304, audio_pkt_size=367
[2026-03-19 12:10:30.690] [info] [thread 28368] audio.nb_samples=1024, channels=2, channel_layout=stereo, format=8, sample_rate=44100
[2026-03-19 12:10:30.690] [info] [thread 28368] audio frame data pointers: data[0]=0x21916f9b500, data[1]=0x21916f96e40
[2026-03-19 12:10:30.695] [info] [thread 31788] read_thread loop: ret=0, pkt->stream_index=0, audioq.size=20909, videoq.size=618271, eof=0
[2026-03-19 12:10:30.695] [info] [thread 31788] audio_stream: 1, video_stream: 0
[2026-03-19 12:10:30.696] [info] [thread 31788] read_thread loop: ret=0, pkt->stream_index=0, audioq.size=20909, videoq.size=623185, eof=0
[2026-03-19 12:10:30.696] [info] [thread 31788] audio_stream: 1, video_stream: 0
[2026-03-19 12:10:30.697] [info] [thread 31788] read_thread loop: ret=0, pkt->stream_index=1, audioq.size=20909, videoq.size=641646, eof=0
[2026-03-19 12:10:30.697] [info] [thread 31788] audio_stream: 1, video_stream: 0
[2026-03-19 12:10:30.697] [info] [thread 31788] audio packet pts: 99328, audio_pkt_size=350
[2026-03-19 12:10:30.739] [info] [thread 28368] audio.nb_samples=1024, channels=2, channel_layout=stereo, format=8, sample_rate=44100
[2026-03-19 12:10:30.740] [info] [thread 28368] audio frame data pointers: data[0]=0x21916f98e80, data[1]=0x21916a5bb00
[2026-03-19 12:10:30.741] [info] [thread 31788] read_thread loop: ret=0, pkt->stream_index=0, audioq.size=20863, videoq.size=634828, eof=0
[2026-03-19 12:10:30.741] [info] [thread 31788] audio_stream: 1, video_stream: 0
[2026-03-19 12:10:30.741] [info] [thread 31788] read_thread loop: ret=0, pkt->stream_index=1, audioq.size=20863, videoq.size=642814, eof=0
[2026-03-19 12:10:30.741] [info] [thread 31788] audio_stream: 1, video_stream: 0
[2026-03-19 12:10:30.742] [info] [thread 31788] audio packet pts: 100352, audio_pkt_size=358
[2026-03-19 12:10:30.780] [info] [thread 28368] audio.nb_samples=1024, channels=2, channel_layout=stereo, format=8, sample_rate=44100
[2026-03-19 12:10:30.780] [info] [thread 28368] audio frame data pointers: data[0]=0x2191427f980, data[1]=0x21916a5db80
[2026-03-19 12:10:30.785] [info] [thread 31788] read_thread loop: ret=0, pkt->stream_index=0, audioq.size=20846, videoq.size=627910, eof=0
[2026-03-19 12:10:30.785] [info] [thread 31788] audio_stream: 1, video_stream: 0
[2026-03-19 12:10:30.785] [info] [thread 31788] read_thread loop: ret=0, pkt->stream_index=1, audioq.size=20846, videoq.size=632671, eof=0
[2026-03-19 12:10:30.786] [info] [thread 31788] audio_stream: 1, video_stream: 0
[2026-03-19 12:10:30.786] [info] [thread 31788] audio packet pts: 101376, audio_pkt_size=351
[2026-03-19 12:10:30.830] [info] [thread 28368] audio.nb_samples=1024, channels=2, channel_layout=stereo, format=8, sample_rate=44100
[2026-03-19 12:10:30.830] [info] [thread 28368] audio frame data pointers: data[0]=0x2191427b580, data[1]=0x21914279380
[2026-03-19 12:10:30.839] [info] [thread 31788] read_thread loop: ret=0, pkt->stream_index=0, audioq.size=20875, videoq.size=616852, eof=0
[2026-03-19 12:10:30.839] [info] [thread 31788] audio_stream: 1, video_stream: 0
[2026-03-19 12:10:30.840] [info] [thread 31788] read_thread loop: ret=0, pkt->stream_index=0, audioq.size=20875, videoq.size=621576, eof=0
[2026-03-19 12:10:30.840] [info] [thread 31788] audio_stream: 1, video_stream: 0
[2026-03-19 12:10:30.840] [info] [thread 31788] read_thread loop: ret=0, pkt->stream_index=1, audioq.size=20875, videoq.size=638188, eof=0
[2026-03-19 12:10:30.841] [info] [thread 31788] audio_stream: 1, video_stream: 0
[2026-03-19 12:10:30.841] [info] [thread 31788] audio packet pts: 102400, audio_pkt_size=362
[2026-03-19 12:10:30.880] [info] [thread 28368] audio.nb_samples=1024, channels=2, channel_layout=stereo, format=8, sample_rate=44100
[2026-03-19 12:10:30.880] [info] [thread 28368] audio frame data pointers: data[0]=0x21914283dc0, data[1]=0x21914281bc0
[2026-03-19 12:10:30.883] [info] [thread 31788] read_thread loop: ret=0, pkt->stream_index=0, audioq.size=20909, videoq.size=632304, eof=0
[2026-03-19 12:10:30.883] [info] [thread 31788] audio_stream: 1, video_stream: 0
[2026-03-19 12:10:30.884] [info] [thread 31788] read_thread loop: ret=0, pkt->stream_index=1, audioq.size=20909, videoq.size=639490, eof=0
[2026-03-19 12:10:30.884] [info] [thread 31788] audio_stream: 1, video_stream: 0
[2026-03-19 12:10:30.885] [info] [thread 31788] audio packet pts: 103424, audio_pkt_size=352
[2026-03-19 12:10:30.920] [info] [thread 28368] audio.nb_samples=1024, channels=2, channel_layout=stereo, format=8, sample_rate=44100
[2026-03-19 12:10:30.920] [info] [thread 28368] audio frame data pointers: data[0]=0x21914285fc0, data[1]=0x2191427d780
[2026-03-19 12:10:30.926] [info] [thread 31788] read_thread loop: ret=0, pkt->stream_index=0, audioq.size=20931, videoq.size=604250, eof=0
[2026-03-19 12:10:30.927] [info] [thread 31788] audio_stream: 1, video_stream: 0
[2026-03-19 12:10:30.927] [info] [thread 31788] read_thread loop: ret=0, pkt->stream_index=1, audioq.size=20931, videoq.size=608869, eof=0
[2026-03-19 12:10:30.927] [info] [thread 31788] audio_stream: 1, video_stream: 0
[2026-03-19 12:10:30.928] [info] [thread 31788] audio packet pts: 104448, audio_pkt_size=361
[2026-03-19 12:10:30.970] [info] [thread 28368] audio.nb_samples=1024, channels=2, channel_layout=stereo, format=8, sample_rate=44100
[2026-03-19 12:10:30.970] [info] [thread 28368] audio frame data pointers: data[0]=0x2191428c600, data[1]=0x219142881c0
[2026-03-19 12:10:30.979] [info] [thread 31788] read_thread loop: ret=0, pkt->stream_index=0, audioq.size=20947, videoq.size=601053, eof=0
[2026-03-19 12:10:30.980] [info] [thread 31788] audio_stream: 1, video_stream: 0
[2026-03-19 12:10:30.980] [info] [thread 31788] read_thread loop: ret=0, pkt->stream_index=0, audioq.size=20947, videoq.size=605267, eof=0
[2026-03-19 12:10:30.981] [info] [thread 31788] audio_stream: 1, video_stream: 0
[2026-03-19 12:10:30.981] [info] [thread 31788] read_thread loop: ret=0, pkt->stream_index=1, audioq.size=20947, videoq.size=620300, eof=0
[2026-03-19 12:10:30.981] [info] [thread 31788] audio_stream: 1, video_stream: 0
[2026-03-19 12:10:30.981] [info] [thread 31788] audio packet pts: 105472, audio_pkt_size=370
[2026-03-19 12:10:31.020] [info] [thread 28368] audio.nb_samples=1024, channels=2, channel_layout=stereo, format=8, sample_rate=44100
[2026-03-19 12:10:31.020] [info] [thread 28368] audio frame data pointers: data[0]=0x21914290a00, data[1]=0x2191428a400
[2026-03-19 12:10:31.024] [info] [thread 31788] read_thread loop: ret=0, pkt->stream_index=0, audioq.size=20966, videoq.size=593317, eof=0
[2026-03-19 12:10:31.024] [info] [thread 31788] audio_stream: 1, video_stream: 0
[2026-03-19 12:10:31.025] [info] [thread 31788] read_thread loop: ret=0, pkt->stream_index=1, audioq.size=20966, videoq.size=599631, eof=0
[2026-03-19 12:10:31.025] [info] [thread 31788] audio_stream: 1, video_stream: 0
[2026-03-19 12:10:31.025] [info] [thread 31788] audio packet pts: 106496, audio_pkt_size=372
[2026-03-19 12:10:31.060] [info] [thread 28368] audio.nb_samples=1024, channels=2, channel_layout=stereo, format=8, sample_rate=44100
[2026-03-19 12:10:31.060] [info] [thread 28368] audio frame data pointers: data[0]=0x21914788040, data[1]=0x2191478a0c0
[2026-03-19 12:10:31.067] [info] [thread 31788] read_thread loop: ret=0, pkt->stream_index=0, audioq.size=20987, videoq.size=588096, eof=0
[2026-03-19 12:10:31.068] [info] [thread 31788] audio_stream: 1, video_stream: 0
[2026-03-19 12:10:31.069] [info] [thread 31788] read_thread loop: ret=0, pkt->stream_index=0, audioq.size=20987, videoq.size=592084, eof=0
[2026-03-19 12:10:31.069] [info] [thread 31788] audio_stream: 1, video_stream: 0
[2026-03-19 12:10:31.070] [info] [thread 31788] read_thread loop: ret=0, pkt->stream_index=1, audioq.size=20987, videoq.size=595870, eof=0
[2026-03-19 12:10:31.070] [info] [thread 31788] audio_stream: 1, video_stream: 0
[2026-03-19 12:10:31.070] [info] [thread 31788] audio packet pts: 107520, audio_pkt_size=378
[2026-03-19 12:10:31.110] [info] [thread 28368] audio.nb_samples=1024, channels=2, channel_layout=stereo, format=8, sample_rate=44100
[2026-03-19 12:10:31.110] [info] [thread 28368] audio frame data pointers: data[0]=0x21916b27480, data[1]=0x21916f92a00
[2026-03-19 12:10:31.113] [info] [thread 31788] read_thread loop: ret=0, pkt->stream_index=0, audioq.size=21004, videoq.size=582717, eof=0
[2026-03-19 12:10:31.113] [info] [thread 31788] audio_stream: 1, video_stream: 0
[2026-03-19 12:10:31.114] [info] [thread 31788] read_thread loop: ret=0, pkt->stream_index=1, audioq.size=21004, videoq.size=599604, eof=0
[2026-03-19 12:10:31.114] [info] [thread 31788] audio_stream: 1, video_stream: 0
[2026-03-19 12:10:31.115] [info] [thread 31788] audio packet pts: 108544, audio_pkt_size=368
[2026-03-19 12:10:31.160] [info] [thread 28368] audio.nb_samples=1024, channels=2, channel_layout=stereo, format=8, sample_rate=44100
[2026-03-19 12:10:31.160] [info] [thread 28368] audio frame data pointers: data[0]=0x21916f96e40, data[1]=0x21916f9b500
[2026-03-19 12:10:31.167] [info] [thread 31788] read_thread loop: ret=0, pkt->stream_index=0, audioq.size=21017, videoq.size=575010, eof=0
[2026-03-19 12:10:31.168] [info] [thread 31788] audio_stream: 1, video_stream: 0
[2026-03-19 12:10:31.168] [info] [thread 31788] read_thread loop: ret=0, pkt->stream_index=1, audioq.size=21017, videoq.size=582329, eof=0
[2026-03-19 12:10:31.169] [info] [thread 31788] audio_stream: 1, video_stream: 0
[2026-03-19 12:10:31.169] [info] [thread 31788] audio packet pts: 109568, audio_pkt_size=364
[2026-03-19 12:10:31.200] [info] [thread 28368] audio.nb_samples=1024, channels=2, channel_layout=stereo, format=8, sample_rate=44100
[2026-03-19 12:10:31.200] [info] [thread 28368] audio frame data pointers: data[0]=0x21916a5bb00, data[1]=0x21916f98e80
[2026-03-19 12:10:31.201] [info] [thread 31788] read_thread loop: ret=0, pkt->stream_index=0, audioq.size=21029, videoq.size=574607, eof=0
[2026-03-19 12:10:31.201] [info] [thread 31788] audio_stream: 1, video_stream: 0
[2026-03-19 12:10:31.202] [info] [thread 31788] read_thread loop: ret=0, pkt->stream_index=0, audioq.size=21029, videoq.size=578780, eof=0
[2026-03-19 12:10:31.203] [info] [thread 31788] audio_stream: 1, video_stream: 0
[2026-03-19 12:10:31.203] [info] [thread 31788] read_thread loop: ret=0, pkt->stream_index=1, audioq.size=21029, videoq.size=582802, eof=0
[2026-03-19 12:10:31.204] [info] [thread 31788] audio_stream: 1, video_stream: 0
[2026-03-19 12:10:31.204] [info] [thread 31788] audio packet pts: 110592, audio_pkt_size=375
[2026-03-19 12:10:31.250] [info] [thread 28368] audio.nb_samples=1024, channels=2, channel_layout=stereo, format=8, sample_rate=44100
[2026-03-19 12:10:31.250] [info] [thread 28368] audio frame data pointers: data[0]=0x21916a5db80, data[1]=0x2191427f980
[2026-03-19 12:10:31.257] [info] [thread 31788] read_thread loop: ret=0, pkt->stream_index=0, audioq.size=21021, videoq.size=553981, eof=0
[2026-03-19 12:10:31.258] [info] [thread 31788] audio_stream: 1, video_stream: 0
[2026-03-19 12:10:31.258] [info] [thread 31788] read_thread loop: ret=0, pkt->stream_index=1, audioq.size=21021, videoq.size=569561, eof=0
[2026-03-19 12:10:31.258] [info] [thread 31788] audio_stream: 1, video_stream: 0
[2026-03-19 12:10:31.259] [info] [thread 31788] audio packet pts: 111616, audio_pkt_size=357
[2026-03-19 12:10:31.290] [info] [thread 28368] audio.nb_samples=1024, channels=2, channel_layout=stereo, format=8, sample_rate=44100
[2026-03-19 12:10:31.290] [info] [thread 28368] audio frame data pointers: data[0]=0x21914279380, data[1]=0x2191427b580
[2026-03-19 12:10:31.301] [info] [thread 31788] read_thread loop: ret=0, pkt->stream_index=0, audioq.size=21027, videoq.size=559672, eof=0
[2026-03-19 12:10:31.301] [info] [thread 31788] audio_stream: 1, video_stream: 0
[2026-03-19 12:10:31.302] [info] [thread 31788] read_thread loop: ret=0, pkt->stream_index=0, audioq.size=21027, videoq.size=566341, eof=0
[2026-03-19 12:10:31.302] [info] [thread 31788] audio_stream: 1, video_stream: 0
[2026-03-19 12:10:31.303] [info] [thread 31788] read_thread loop: ret=0, pkt->stream_index=1, audioq.size=21027, videoq.size=570292, eof=0
[2026-03-19 12:10:31.303] [info] [thread 31788] audio_stream: 1, video_stream: 0
[2026-03-19 12:10:31.303] [info] [thread 31788] audio packet pts: 112640, audio_pkt_size=389
[2026-03-19 12:10:31.340] [info] [thread 28368] audio.nb_samples=1024, channels=2, channel_layout=stereo, format=8, sample_rate=44100
[2026-03-19 12:10:31.340] [info] [thread 28368] audio frame data pointers: data[0]=0x21914281bc0, data[1]=0x21914283dc0
[2026-03-19 12:10:31.357] [info] [thread 31788] read_thread loop: ret=0, pkt->stream_index=0, audioq.size=21051, videoq.size=535694, eof=0
[2026-03-19 12:10:31.358] [info] [thread 31788] audio_stream: 1, video_stream: 0
[2026-03-19 12:10:31.358] [info] [thread 31788] read_thread loop: ret=0, pkt->stream_index=1, audioq.size=21051, videoq.size=539938, eof=0
[2026-03-19 12:10:31.359] [info] [thread 31788] audio_stream: 1, video_stream: 0
[2026-03-19 12:10:31.359] [info] [thread 31788] audio packet pts: 113664, audio_pkt_size=409
[2026-03-19 12:10:31.390] [info] [thread 28368] audio.nb_samples=1024, channels=2, channel_layout=stereo, format=8, sample_rate=44100
[2026-03-19 12:10:31.390] [info] [thread 28368] audio frame data pointers: data[0]=0x2191427d780, data[1]=0x21914285fc0
[2026-03-19 12:10:31.402] [info] [thread 31788] read_thread loop: ret=0, pkt->stream_index=0, audioq.size=21051, videoq.size=516983, eof=0
[2026-03-19 12:10:31.403] [info] [thread 31788] audio_stream: 1, video_stream: 0
[2026-03-19 12:10:31.403] [info] [thread 31788] read_thread loop: ret=0, pkt->stream_index=1, audioq.size=21051, videoq.size=533154, eof=0
[2026-03-19 12:10:31.404] [info] [thread 31788] audio_stream: 1, video_stream: 0
[2026-03-19 12:10:31.404] [info] [thread 31788] audio packet pts: 114688, audio_pkt_size=391
[2026-03-19 12:10:31.430] [info] [thread 28368] audio.nb_samples=1024, channels=2, channel_layout=stereo, format=8, sample_rate=44100
[2026-03-19 12:10:31.430] [info] [thread 28368] audio frame data pointers: data[0]=0x219142881c0, data[1]=0x2191428c600
[2026-03-19 12:10:31.447] [info] [thread 31788] read_thread loop: ret=0, pkt->stream_index=0, audioq.size=21018, videoq.size=517863, eof=0
[2026-03-19 12:10:31.447] [info] [thread 31788] audio_stream: 1, video_stream: 0
[2026-03-19 12:10:31.448] [info] [thread 31788] read_thread loop: ret=0, pkt->stream_index=0, audioq.size=21018, videoq.size=524901, eof=0
[2026-03-19 12:10:31.448] [info] [thread 31788] audio_stream: 1, video_stream: 0
[2026-03-19 12:10:31.449] [info] [thread 31788] read_thread loop: ret=0, pkt->stream_index=1, audioq.size=21018, videoq.size=528872, eof=0
[2026-03-19 12:10:31.449] [info] [thread 31788] audio_stream: 1, video_stream: 0
[2026-03-19 12:10:31.449] [info] [thread 31788] audio packet pts: 115712, audio_pkt_size=359
[2026-03-19 12:10:31.480] [info] [thread 28368] audio.nb_samples=1024, channels=2, channel_layout=stereo, format=8, sample_rate=44100
[2026-03-19 12:10:31.480] [info] [thread 28368] audio frame data pointers: data[0]=0x2191428a400, data[1]=0x21914290a00
[2026-03-19 12:10:31.481] [info] [thread 31788] read_thread loop: ret=0, pkt->stream_index=0, audioq.size=21021, videoq.size=514386, eof=0
[2026-03-19 12:10:31.482] [info] [thread 31788] audio_stream: 1, video_stream: 0
[2026-03-19 12:10:31.483] [info] [thread 31788] read_thread loop: ret=0, pkt->stream_index=1, audioq.size=21021, videoq.size=518583, eof=0
[2026-03-19 12:10:31.483] [info] [thread 31788] audio_stream: 1, video_stream: 0
[2026-03-19 12:10:31.484] [info] [thread 31788] audio packet pts: 116736, audio_pkt_size=353
[2026-03-19 12:10:31.530] [info] [thread 28368] audio.nb_samples=1024, channels=2, channel_layout=stereo, format=8, sample_rate=44100
[2026-03-19 12:10:31.531] [info] [thread 28368] audio frame data pointers: data[0]=0x2191478a0c0, data[1]=0x21914788040
[2026-03-19 12:10:31.538] [info] [thread 31788] read_thread loop: ret=0, pkt->stream_index=0, audioq.size=21027, videoq.size=493951, eof=0
[2026-03-19 12:10:31.539] [info] [thread 31788] audio_stream: 1, video_stream: 0
[2026-03-19 12:10:31.539] [info] [thread 31788] read_thread loop: ret=0, pkt->stream_index=0, audioq.size=21027, videoq.size=508693, eof=0
[2026-03-19 12:10:31.540] [info] [thread 31788] audio_stream: 1, video_stream: 0
[2026-03-19 12:10:31.540] [info] [thread 31788] read_thread loop: ret=0, pkt->stream_index=1, audioq.size=21027, videoq.size=515906, eof=0
[2026-03-19 12:10:31.540] [info] [thread 31788] audio_stream: 1, video_stream: 0
[2026-03-19 12:10:31.541] [info] [thread 31788] audio packet pts: 117760, audio_pkt_size=366
[2026-03-19 12:10:31.570] [info] [thread 28368] audio.nb_samples=1024, channels=2, channel_layout=stereo, format=8, sample_rate=44100
[2026-03-19 12:10:31.571] [info] [thread 28368] audio frame data pointers: data[0]=0x21916f92a00, data[1]=0x21916b27480
[2026-03-19 12:10:31.574] [info] [thread 31788] read_thread loop: ret=0, pkt->stream_index=0, audioq.size=21044, videoq.size=505886, eof=0
[2026-03-19 12:10:31.574] [info] [thread 31788] audio_stream: 1, video_stream: 0
[2026-03-19 12:10:31.575] [info] [thread 31788] read_thread loop: ret=0, pkt->stream_index=1, audioq.size=21044, videoq.size=510148, eof=0
[2026-03-19 12:10:31.575] [info] [thread 31788] audio_stream: 1, video_stream: 0
[2026-03-19 12:10:31.576] [info] [thread 31788] audio packet pts: 118784, audio_pkt_size=360
[2026-03-19 12:10:31.620] [info] [thread 28368] audio.nb_samples=1024, channels=2, channel_layout=stereo, format=8, sample_rate=44100
[2026-03-19 12:10:31.620] [info] [thread 28368] audio frame data pointers: data[0]=0x21916f9b500, data[1]=0x21916f96e40
[2026-03-19 12:10:31.629] [info] [thread 31788] read_thread loop: ret=0, pkt->stream_index=0, audioq.size=21057, videoq.size=497056, eof=0
[2026-03-19 12:10:31.630] [info] [thread 31788] audio_stream: 1, video_stream: 0
[2026-03-19 12:10:31.631] [info] [thread 31788] read_thread loop: ret=0, pkt->stream_index=1, audioq.size=21057, videoq.size=501615, eof=0
[2026-03-19 12:10:31.631] [info] [thread 31788] audio_stream: 1, video_stream: 0
[2026-03-19 12:10:31.631] [info] [thread 31788] audio packet pts: 119808, audio_pkt_size=351
[2026-03-19 12:10:31.670] [info] [thread 28368] audio.nb_samples=1024, channels=2, channel_layout=stereo, format=8, sample_rate=44100
[2026-03-19 12:10:31.671] [info] [thread 28368] audio frame data pointers: data[0]=0x21916f98e80, data[1]=0x21916a5bb00
[2026-03-19 12:10:31.684] [info] [thread 31788] read_thread loop: ret=0, pkt->stream_index=0, audioq.size=21060, videoq.size=486870, eof=0
[2026-03-19 12:10:31.684] [info] [thread 31788] audio_stream: 1, video_stream: 0
[2026-03-19 12:10:31.685] [info] [thread 31788] read_thread loop: ret=0, pkt->stream_index=0, audioq.size=21060, videoq.size=505630, eof=0
[2026-03-19 12:10:31.685] [info] [thread 31788] audio_stream: 1, video_stream: 0
[2026-03-19 12:10:31.685] [info] [thread 31788] read_thread loop: ret=0, pkt->stream_index=1, audioq.size=21060, videoq.size=514386, eof=0
[2026-03-19 12:10:31.686] [info] [thread 31788] audio_stream: 1, video_stream: 0
[2026-03-19 12:10:31.686] [info] [thread 31788] audio packet pts: 120832, audio_pkt_size=359
[2026-03-19 12:10:31.710] [info] [thread 28368] audio.nb_samples=1024, channels=2, channel_layout=stereo, format=8, sample_rate=44100
[2026-03-19 12:10:31.710] [info] [thread 28368] audio frame data pointers: data[0]=0x2191427f980, data[1]=0x21916a5db80
[2026-03-19 12:10:31.729] [info] [thread 31788] read_thread loop: ret=0, pkt->stream_index=0, audioq.size=21079, videoq.size=502276, eof=0
[2026-03-19 12:10:31.730] [info] [thread 31788] audio_stream: 1, video_stream: 0
[2026-03-19 12:10:31.730] [info] [thread 31788] read_thread loop: ret=0, pkt->stream_index=1, audioq.size=21079, videoq.size=507269, eof=0
[2026-03-19 12:10:31.731] [info] [thread 31788] audio_stream: 1, video_stream: 0
[2026-03-19 12:10:31.731] [info] [thread 31788] audio packet pts: 121856, audio_pkt_size=387
[2026-03-19 12:10:31.760] [info] [thread 28368] audio.nb_samples=1024, channels=2, channel_layout=stereo, format=8, sample_rate=44100
[2026-03-19 12:10:31.761] [info] [thread 28368] audio frame data pointers: data[0]=0x2191427b580, data[1]=0x21914279380
[2026-03-19 12:10:31.764] [info] [thread 31788] read_thread loop: ret=0, pkt->stream_index=0, audioq.size=21106, videoq.size=491744, eof=0
[2026-03-19 12:10:31.764] [info] [thread 31788] audio_stream: 1, video_stream: 0
[2026-03-19 12:10:31.765] [info] [thread 31788] read_thread loop: ret=0, pkt->stream_index=0, audioq.size=21106, videoq.size=497658, eof=0
[2026-03-19 12:10:31.765] [info] [thread 31788] audio_stream: 1, video_stream: 0
[2026-03-19 12:10:31.765] [info] [thread 31788] read_thread loop: ret=0, pkt->stream_index=1, audioq.size=21106, videoq.size=524955, eof=0
[2026-03-19 12:10:31.766] [info] [thread 31788] audio_stream: 1, video_stream: 0
[2026-03-19 12:10:31.766] [info] [thread 31788] audio packet pts: 122880, audio_pkt_size=473
[2026-03-19 12:10:31.810] [info] [thread 28368] audio.nb_samples=1024, channels=2, channel_layout=stereo, format=8, sample_rate=44100
[2026-03-19 12:10:31.810] [info] [thread 28368] audio frame data pointers: data[0]=0x21914283dc0, data[1]=0x21914281bc0
[2026-03-19 12:10:31.819] [info] [thread 31788] read_thread loop: ret=0, pkt->stream_index=0, audioq.size=21162, videoq.size=517464, eof=0
[2026-03-19 12:10:31.820] [info] [thread 31788] audio_stream: 1, video_stream: 0
[2026-03-19 12:10:31.821] [info] [thread 31788] read_thread loop: ret=0, pkt->stream_index=1, audioq.size=21162, videoq.size=522578, eof=0
[2026-03-19 12:10:31.821] [info] [thread 31788] audio_stream: 1, video_stream: 0
[2026-03-19 12:10:31.822] [info] [thread 31788] audio packet pts: 123904, audio_pkt_size=461
[2026-03-19 12:10:31.850] [info] [thread 28368] audio.nb_samples=1024, channels=2, channel_layout=stereo, format=8, sample_rate=44100
[2026-03-19 12:10:31.851] [info] [thread 28368] audio frame data pointers: data[0]=0x21914285fc0, data[1]=0x2191427d780
[2026-03-19 12:10:31.853] [info] [thread 31788] read_thread loop: ret=0, pkt->stream_index=0, audioq.size=21273, videoq.size=522578, eof=0
[2026-03-19 12:10:31.854] [info] [thread 31788] audio_stream: 1, video_stream: 0
[2026-03-19 12:10:31.855] [info] [thread 31788] read_thread loop: ret=0, pkt->stream_index=1, audioq.size=21273, videoq.size=523558, eof=0
[2026-03-19 12:10:31.855] [info] [thread 31788] audio_stream: 1, video_stream: 0
[2026-03-19 12:10:31.855] [info] [thread 31788] audio packet pts: 124928, audio_pkt_size=439
[2026-03-19 12:10:31.900] [info] [thread 28368] audio.nb_samples=1024, channels=2, channel_layout=stereo, format=8, sample_rate=44100
[2026-03-19 12:10:31.900] [info] [thread 28368] audio frame data pointers: data[0]=0x2191428c600, data[1]=0x219142881c0
[2026-03-19 12:10:31.910] [info] [thread 31788] read_thread loop: ret=0, pkt->stream_index=0, audioq.size=21369, videoq.size=509475, eof=0
[2026-03-19 12:10:31.911] [info] [thread 31788] audio_stream: 1, video_stream: 0
[2026-03-19 12:10:31.911] [info] [thread 31788] read_thread loop: ret=0, pkt->stream_index=0, audioq.size=21369, videoq.size=517360, eof=0
[2026-03-19 12:10:31.912] [info] [thread 31788] audio_stream: 1, video_stream: 0
[2026-03-19 12:10:31.912] [info] [thread 31788] read_thread loop: ret=0, pkt->stream_index=1, audioq.size=21369, videoq.size=534619, eof=0
[2026-03-19 12:10:31.912] [info] [thread 31788] audio_stream: 1, video_stream: 0
[2026-03-19 12:10:31.913] [info] [thread 31788] audio packet pts: 125952, audio_pkt_size=362
[2026-03-19 12:10:31.940] [info] [thread 28368] audio.nb_samples=1024, channels=2, channel_layout=stereo, format=8, sample_rate=44100
[2026-03-19 12:10:31.940] [info] [thread 28368] audio frame data pointers: data[0]=0x21914290a00, data[1]=0x2191428a400
[2026-03-19 12:10:31.944] [info] [thread 31788] read_thread loop: ret=0, pkt->stream_index=0, audioq.size=21374, videoq.size=528273, eof=0
[2026-03-19 12:10:31.945] [info] [thread 31788] audio_stream: 1, video_stream: 0
[2026-03-19 12:10:31.946] [info] [thread 31788] read_thread loop: ret=0, pkt->stream_index=1, audioq.size=21374, videoq.size=536129, eof=0
[2026-03-19 12:10:31.946] [info] [thread 31788] audio_stream: 1, video_stream: 0
[2026-03-19 12:10:31.947] [info] [thread 31788] audio packet pts: 126976, audio_pkt_size=430
[2026-03-19 12:10:31.990] [info] [thread 28368] audio.nb_samples=1024, channels=2, channel_layout=stereo, format=8, sample_rate=44100
[2026-03-19 12:10:31.990] [info] [thread 28368] audio frame data pointers: data[0]=0x21914788040, data[1]=0x2191478a0c0
[2026-03-19 12:10:31.990] [info] [thread 31788] read_thread loop: ret=0, pkt->stream_index=0, audioq.size=21443, videoq.size=526579, eof=0
[2026-03-19 12:10:31.991] [info] [thread 31788] audio_stream: 1, video_stream: 0
[2026-03-19 12:10:31.991] [info] [thread 31788] read_thread loop: ret=0, pkt->stream_index=1, audioq.size=21443, videoq.size=531791, eof=0
[2026-03-19 12:10:31.991] [info] [thread 31788] audio_stream: 1, video_stream: 0
[2026-03-19 12:10:31.992] [info] [thread 31788] audio packet pts: 128000, audio_pkt_size=426
[2026-03-19 12:10:32.040] [info] [thread 28368] audio.nb_samples=1024, channels=2, channel_layout=stereo, format=8, sample_rate=44100
[2026-03-19 12:10:32.040] [info] [thread 28368] audio frame data pointers: data[0]=0x21916b27480, data[1]=0x21916f92a00
[2026-03-19 12:10:32.055] [info] [thread 31788] read_thread loop: ret=0, pkt->stream_index=0, audioq.size=21511, videoq.size=511615, eof=0
[2026-03-19 12:10:32.056] [info] [thread 31788] audio_stream: 1, video_stream: 0
[2026-03-19 12:10:32.057] [info] [thread 31788] read_thread loop: ret=0, pkt->stream_index=0, audioq.size=21511, videoq.size=517749, eof=0
[2026-03-19 12:10:32.057] [info] [thread 31788] audio_stream: 1, video_stream: 0
[2026-03-19 12:10:32.058] [info] [thread 31788] read_thread loop: ret=0, pkt->stream_index=1, audioq.size=21511, videoq.size=531979, eof=0
[2026-03-19 12:10:32.058] [info] [thread 31788] audio_stream: 1, video_stream: 0
[2026-03-19 12:10:32.058] [info] [thread 31788] audio packet pts: 129024, audio_pkt_size=385
[2026-03-19 12:10:32.080] [info] [thread 28368] audio.nb_samples=1024, channels=2, channel_layout=stereo, format=8, sample_rate=44100
[2026-03-19 12:10:32.080] [info] [thread 28368] audio frame data pointers: data[0]=0x21916f96e40, data[1]=0x21916f9b500
[2026-03-19 12:10:32.090] [info] [thread 31788] read_thread loop: ret=0, pkt->stream_index=0, audioq.size=21525, videoq.size=528467, eof=0
[2026-03-19 12:10:32.091] [info] [thread 31788] audio_stream: 1, video_stream: 0
[2026-03-19 12:10:32.092] [info] [thread 31788] read_thread loop: ret=0, pkt->stream_index=1, audioq.size=21525, videoq.size=537253, eof=0
[2026-03-19 12:10:32.092] [info] [thread 31788] audio_stream: 1, video_stream: 0
[2026-03-19 12:10:32.092] [info] [thread 31788] audio packet pts: 130048, audio_pkt_size=325
[2026-03-19 12:10:32.130] [info] [thread 28368] audio.nb_samples=1024, channels=2, channel_layout=stereo, format=8, sample_rate=44100
[2026-03-19 12:10:32.131] [info] [thread 28368] audio frame data pointers: data[0]=0x21916a5bb00, data[1]=0x21916f98e80
[2026-03-19 12:10:32.135] [info] [thread 31788] read_thread loop: ret=0, pkt->stream_index=0, audioq.size=21482, videoq.size=531883, eof=0
[2026-03-19 12:10:32.135] [info] [thread 31788] audio_stream: 1, video_stream: 0
[2026-03-19 12:10:32.136] [info] [thread 31788] read_thread loop: ret=0, pkt->stream_index=0, audioq.size=21482, videoq.size=539040, eof=0
[2026-03-19 12:10:32.136] [info] [thread 31788] audio_stream: 1, video_stream: 0
[2026-03-19 12:10:32.136] [info] [thread 31788] read_thread loop: ret=0, pkt->stream_index=1, audioq.size=21482, videoq.size=544937, eof=0
[2026-03-19 12:10:32.137] [info] [thread 31788] audio_stream: 1, video_stream: 0
[2026-03-19 12:10:32.137] [info] [thread 31788] audio packet pts: 131072, audio_pkt_size=314
[2026-03-19 12:10:32.180] [info] [thread 28368] audio.nb_samples=1024, channels=2, channel_layout=stereo, format=8, sample_rate=44100
[2026-03-19 12:10:32.180] [info] [thread 28368] audio frame data pointers: data[0]=0x21916a5db80, data[1]=0x2191427f980
[2026-03-19 12:10:32.199] [info] [thread 31788] read_thread loop: ret=0, pkt->stream_index=0, audioq.size=21402, videoq.size=525795, eof=0
[2026-03-19 12:10:32.200] [info] [thread 31788] audio_stream: 1, video_stream: 0
[2026-03-19 12:10:32.201] [info] [thread 31788] read_thread loop: ret=0, pkt->stream_index=1, audioq.size=21402, videoq.size=541303, eof=0
[2026-03-19 12:10:32.201] [info] [thread 31788] audio_stream: 1, video_stream: 0
[2026-03-19 12:10:32.201] [info] [thread 31788] audio packet pts: 132096, audio_pkt_size=343
[2026-03-19 12:10:32.220] [info] [thread 28368] audio.nb_samples=1024, channels=2, channel_layout=stereo, format=8, sample_rate=44100
[2026-03-19 12:10:32.220] [info] [thread 28368] audio frame data pointers: data[0]=0x21914279380, data[1]=0x2191427b580
[2026-03-19 12:10:32.222] [info] [thread 31788] read_thread loop: ret=0, pkt->stream_index=0, audioq.size=21387, videoq.size=537528, eof=0
[2026-03-19 12:10:32.223] [info] [thread 31788] audio_stream: 1, video_stream: 0
[2026-03-19 12:10:32.224] [info] [thread 31788] read_thread loop: ret=0, pkt->stream_index=1, audioq.size=21387, videoq.size=544994, eof=0
[2026-03-19 12:10:32.224] [info] [thread 31788] audio_stream: 1, video_stream: 0
[2026-03-19 12:10:32.224] [info] [thread 31788] audio packet pts: 133120, audio_pkt_size=330
[2026-03-19 12:10:32.270] [info] [thread 28368] audio.nb_samples=1024, channels=2, channel_layout=stereo, format=8, sample_rate=44100
[2026-03-19 12:10:32.270] [info] [thread 28368] audio frame data pointers: data[0]=0x21914281bc0, data[1]=0x21914283dc0
[2026-03-19 12:10:32.278] [info] [thread 31788] read_thread loop: ret=0, pkt->stream_index=0, audioq.size=21355, videoq.size=540911, eof=0
[2026-03-19 12:10:32.279] [info] [thread 31788] audio_stream: 1, video_stream: 0
[2026-03-19 12:10:32.280] [info] [thread 31788] read_thread loop: ret=0, pkt->stream_index=0, audioq.size=21355, videoq.size=555600, eof=0
[2026-03-19 12:10:32.280] [info] [thread 31788] audio_stream: 1, video_stream: 0
[2026-03-19 12:10:32.280] [info] [thread 31788] read_thread loop: ret=0, pkt->stream_index=1, audioq.size=21355, videoq.size=565715, eof=0
[2026-03-19 12:10:32.280] [info] [thread 31788] audio_stream: 1, video_stream: 0
[2026-03-19 12:10:32.281] [info] [thread 31788] audio packet pts: 134144, audio_pkt_size=377
[2026-03-19 12:10:32.320] [info] [thread 28368] audio.nb_samples=1024, channels=2, channel_layout=stereo, format=8, sample_rate=44100
[2026-03-19 12:10:32.320] [info] [thread 28368] audio frame data pointers: data[0]=0x2191427d780, data[1]=0x21914285fc0
[2026-03-19 12:10:32.324] [info] [thread 31788] read_thread loop: ret=0, pkt->stream_index=0, audioq.size=21377, videoq.size=545418, eof=0
[2026-03-19 12:10:32.325] [info] [thread 31788] audio_stream: 1, video_stream: 0
[2026-03-19 12:10:32.325] [info] [thread 31788] read_thread loop: ret=0, pkt->stream_index=1, audioq.size=21377, videoq.size=552169, eof=0
[2026-03-19 12:10:32.326] [info] [thread 31788] audio_stream: 1, video_stream: 0
[2026-03-19 12:10:32.326] [info] [thread 31788] audio packet pts: 135168, audio_pkt_size=311
[2026-03-19 12:10:32.360] [info] [thread 28368] audio.nb_samples=1024, channels=2, channel_layout=stereo, format=8, sample_rate=44100
[2026-03-19 12:10:32.360] [info] [thread 28368] audio frame data pointers: data[0]=0x219142881c0, data[1]=0x2191428c600
[2026-03-19 12:10:32.368] [info] [thread 31788] read_thread loop: ret=0, pkt->stream_index=0, audioq.size=21325, videoq.size=548468, eof=0
[2026-03-19 12:10:32.369] [info] [thread 31788] audio_stream: 1, video_stream: 0
[2026-03-19 12:10:32.370] [info] [thread 31788] read_thread loop: ret=0, pkt->stream_index=0, audioq.size=21325, videoq.size=556004, eof=0
[2026-03-19 12:10:32.370] [info] [thread 31788] audio_stream: 1, video_stream: 0
[2026-03-19 12:10:32.370] [info] [thread 31788] read_thread loop: ret=0, pkt->stream_index=1, audioq.size=21325, videoq.size=569994, eof=0
[2026-03-19 12:10:32.371] [info] [thread 31788] audio_stream: 1, video_stream: 0
[2026-03-19 12:10:32.371] [info] [thread 31788] audio packet pts: 136192, audio_pkt_size=347
[2026-03-19 12:10:32.410] [info] [thread 28368] audio.nb_samples=1024, channels=2, channel_layout=stereo, format=8, sample_rate=44100
[2026-03-19 12:10:32.410] [info] [thread 28368] audio frame data pointers: data[0]=0x2191428a400, data[1]=0x21914290a00
[2026-03-19 12:10:32.412] [info] [thread 31788] read_thread loop: ret=0, pkt->stream_index=0, audioq.size=21307, videoq.size=565894, eof=0
[2026-03-19 12:10:32.412] [info] [thread 31788] audio_stream: 1, video_stream: 0
[2026-03-19 12:10:32.413] [info] [thread 31788] read_thread loop: ret=0, pkt->stream_index=1, audioq.size=21307, videoq.size=574699, eof=0
[2026-03-19 12:10:32.413] [info] [thread 31788] audio_stream: 1, video_stream: 0
[2026-03-19 12:10:32.413] [info] [thread 31788] audio packet pts: 137216, audio_pkt_size=328
[2026-03-19 12:10:32.460] [info] [thread 28368] audio.nb_samples=1024, channels=2, channel_layout=stereo, format=8, sample_rate=44100
[2026-03-19 12:10:32.461] [info] [thread 28368] audio frame data pointers: data[0]=0x2191478a0c0, data[1]=0x21914788040
[2026-03-19 12:10:32.466] [info] [thread 31788] read_thread loop: ret=0, pkt->stream_index=0, audioq.size=21213, videoq.size=554558, eof=0
[2026-03-19 12:10:32.466] [info] [thread 31788] audio_stream: 1, video_stream: 0
[2026-03-19 12:10:32.467] [info] [thread 31788] read_thread loop: ret=0, pkt->stream_index=1, audioq.size=21213, videoq.size=558903, eof=0
[2026-03-19 12:10:32.467] [info] [thread 31788] audio_stream: 1, video_stream: 0
[2026-03-19 12:10:32.467] [info] [thread 31788] audio packet pts: 138240, audio_pkt_size=346
[2026-03-19 12:10:32.500] [info] [thread 28368] audio.nb_samples=1024, channels=2, channel_layout=stereo, format=8, sample_rate=44100
[2026-03-19 12:10:32.500] [info] [thread 28368] audio frame data pointers: data[0]=0x21916f92a00, data[1]=0x21916b27480
[2026-03-19 12:10:32.513] [info] [thread 31788] read_thread loop: ret=0, pkt->stream_index=0, audioq.size=21105, videoq.size=554685, eof=0
[2026-03-19 12:10:32.513] [info] [thread 31788] audio_stream: 1, video_stream: 0
[2026-03-19 12:10:32.514] [info] [thread 31788] read_thread loop: ret=0, pkt->stream_index=0, audioq.size=21105, videoq.size=560368, eof=0
[2026-03-19 12:10:32.514] [info] [thread 31788] audio_stream: 1, video_stream: 0
[2026-03-19 12:10:32.515] [info] [thread 31788] read_thread loop: ret=0, pkt->stream_index=1, audioq.size=21105, videoq.size=575791, eof=0
[2026-03-19 12:10:32.515] [info] [thread 31788] audio_stream: 1, video_stream: 0
[2026-03-19 12:10:32.515] [info] [thread 31788] audio packet pts: 139264, audio_pkt_size=348
[2026-03-19 12:10:32.550] [info] [thread 28368] audio.nb_samples=1024, channels=2, channel_layout=stereo, format=8, sample_rate=44100
[2026-03-19 12:10:32.550] [info] [thread 28368] audio frame data pointers: data[0]=0x21916f9b500, data[1]=0x21916f96e40
[2026-03-19 12:10:32.559] [info] [thread 31788] read_thread loop: ret=0, pkt->stream_index=0, audioq.size=21081, videoq.size=553953, eof=0
[2026-03-19 12:10:32.559] [info] [thread 31788] audio_stream: 1, video_stream: 0
[2026-03-19 12:10:32.560] [info] [thread 31788] read_thread loop: ret=0, pkt->stream_index=1, audioq.size=21081, videoq.size=560178, eof=0
[2026-03-19 12:10:32.560] [info] [thread 31788] audio_stream: 1, video_stream: 0
[2026-03-19 12:10:32.561] [info] [thread 31788] audio packet pts: 140288, audio_pkt_size=346
[2026-03-19 12:10:32.600] [info] [thread 28368] audio.nb_samples=1024, channels=2, channel_layout=stereo, format=8, sample_rate=44100
[2026-03-19 12:10:32.601] [info] [thread 28368] audio frame data pointers: data[0]=0x21916f98e80, data[1]=0x21916a5bb00
[2026-03-19 12:10:32.604] [info] [thread 31788] read_thread loop: ret=0, pkt->stream_index=0, audioq.size=21010, videoq.size=551384, eof=0
[2026-03-19 12:10:32.604] [info] [thread 31788] audio_stream: 1, video_stream: 0
[2026-03-19 12:10:32.605] [info] [thread 31788] read_thread loop: ret=0, pkt->stream_index=0, audioq.size=21010, videoq.size=556773, eof=0
[2026-03-19 12:10:32.605] [info] [thread 31788] audio_stream: 1, video_stream: 0
[2026-03-19 12:10:32.606] [info] [thread 31788] read_thread loop: ret=0, pkt->stream_index=1, audioq.size=21010, videoq.size=560907, eof=0
[2026-03-19 12:10:32.606] [info] [thread 31788] audio_stream: 1, video_stream: 0
[2026-03-19 12:10:32.606] [info] [thread 31788] audio packet pts: 141312, audio_pkt_size=356
[2026-03-19 12:10:32.640] [info] [thread 28368] audio.nb_samples=1024, channels=2, channel_layout=stereo, format=8, sample_rate=44100
[2026-03-19 12:10:32.641] [info] [thread 28368] audio frame data pointers: data[0]=0x2191427f980, data[1]=0x21916a5db80
[2026-03-19 12:10:32.648] [info] [thread 31788] read_thread loop: ret=0, pkt->stream_index=0, audioq.size=21016, videoq.size=555644, eof=0
[2026-03-19 12:10:32.649] [info] [thread 31788] audio_stream: 1, video_stream: 0
[2026-03-19 12:10:32.649] [info] [thread 31788] read_thread loop: ret=0, pkt->stream_index=1, audioq.size=21016, videoq.size=569445, eof=0
[2026-03-19 12:10:32.650] [info] [thread 31788] audio_stream: 1, video_stream: 0
[2026-03-19 12:10:32.650] [info] [thread 31788] audio packet pts: 142336, audio_pkt_size=387
[2026-03-19 12:10:32.690] [info] [thread 28368] audio.nb_samples=1024, channels=2, channel_layout=stereo, format=8, sample_rate=44100
[2026-03-19 12:10:32.690] [info] [thread 28368] audio frame data pointers: data[0]=0x2191427b580, data[1]=0x21914279380
[2026-03-19 12:10:32.692] [info] [thread 31788] read_thread loop: ret=0, pkt->stream_index=0, audioq.size=21036, videoq.size=545026, eof=0
[2026-03-19 12:10:32.693] [info] [thread 31788] audio_stream: 1, video_stream: 0
[2026-03-19 12:10:32.693] [info] [thread 31788] read_thread loop: ret=0, pkt->stream_index=1, audioq.size=21036, videoq.size=551904, eof=0
[2026-03-19 12:10:32.694] [info] [thread 31788] audio_stream: 1, video_stream: 0
[2026-03-19 12:10:32.694] [info] [thread 31788] audio packet pts: 143360, audio_pkt_size=451
[2026-03-19 12:10:32.730] [info] [thread 28368] audio.nb_samples=1024, channels=2, channel_layout=stereo, format=8, sample_rate=44100
[2026-03-19 12:10:32.730] [info] [thread 28368] audio frame data pointers: data[0]=0x21914283dc0, data[1]=0x21914281bc0
[2026-03-19 12:10:32.748] [info] [thread 31788] read_thread loop: ret=0, pkt->stream_index=0, audioq.size=21137, videoq.size=543198, eof=0
[2026-03-19 12:10:32.749] [info] [thread 31788] audio_stream: 1, video_stream: 0
[2026-03-19 12:10:32.750] [info] [thread 31788] read_thread loop: ret=0, pkt->stream_index=0, audioq.size=21137, videoq.size=548264, eof=0
[2026-03-19 12:10:32.750] [info] [thread 31788] audio_stream: 1, video_stream: 0
[2026-03-19 12:10:32.750] [info] [thread 31788] read_thread loop: ret=0, pkt->stream_index=1, audioq.size=21137, videoq.size=552428, eof=0
[2026-03-19 12:10:32.751] [info] [thread 31788] audio_stream: 1, video_stream: 0
[2026-03-19 12:10:32.751] [info] [thread 31788] audio packet pts: 144384, audio_pkt_size=461
[2026-03-19 12:10:32.780] [info] [thread 28368] audio.nb_samples=1024, channels=2, channel_layout=stereo, format=8, sample_rate=44100
[2026-03-19 12:10:32.781] [info] [thread 28368] audio frame data pointers: data[0]=0x21914285fc0, data[1]=0x2191427d780
[2026-03-19 12:10:32.794] [info] [thread 31788] read_thread loop: ret=0, pkt->stream_index=0, audioq.size=21240, videoq.size=541319, eof=0
[2026-03-19 12:10:32.795] [info] [thread 31788] audio_stream: 1, video_stream: 0
[2026-03-19 12:10:32.795] [info] [thread 31788] read_thread loop: ret=0, pkt->stream_index=1, audioq.size=21240, videoq.size=556239, eof=0
[2026-03-19 12:10:32.795] [info] [thread 31788] audio_stream: 1, video_stream: 0
[2026-03-19 12:10:32.796] [info] [thread 31788] audio packet pts: 145408, audio_pkt_size=380
[2026-03-19 12:10:32.830] [info] [thread 28368] audio.nb_samples=1024, channels=2, channel_layout=stereo, format=8, sample_rate=44100
[2026-03-19 12:10:32.831] [info] [thread 28368] audio frame data pointers: data[0]=0x2191428c600, data[1]=0x219142881c0
[2026-03-19 12:10:32.838] [info] [thread 31788] read_thread loop: ret=0, pkt->stream_index=0, audioq.size=21269, videoq.size=537778, eof=0
[2026-03-19 12:10:32.839] [info] [thread 31788] audio_stream: 1, video_stream: 0
[2026-03-19 12:10:32.839] [info] [thread 31788] read_thread loop: ret=0, pkt->stream_index=0, audioq.size=21269, videoq.size=543144, eof=0
[2026-03-19 12:10:32.840] [info] [thread 31788] audio_stream: 1, video_stream: 0
[2026-03-19 12:10:32.840] [info] [thread 31788] read_thread loop: ret=0, pkt->stream_index=1, audioq.size=21269, videoq.size=549900, eof=0
[2026-03-19 12:10:32.840] [info] [thread 31788] audio_stream: 1, video_stream: 0
[2026-03-19 12:10:32.841] [info] [thread 31788] audio packet pts: 146432, audio_pkt_size=392
[2026-03-19 12:10:32.870] [info] [thread 28368] audio.nb_samples=1024, channels=2, channel_layout=stereo, format=8, sample_rate=44100
[2026-03-19 12:10:32.870] [info] [thread 28368] audio frame data pointers: data[0]=0x21914290a00, data[1]=0x2191428a400
[2026-03-19 12:10:32.872] [info] [thread 31788] read_thread loop: ret=0, pkt->stream_index=0, audioq.size=21299, videoq.size=541914, eof=0
[2026-03-19 12:10:32.872] [info] [thread 31788] audio_stream: 1, video_stream: 0
[2026-03-19 12:10:32.873] [info] [thread 31788] read_thread loop: ret=0, pkt->stream_index=1, audioq.size=21299, videoq.size=557956, eof=0
[2026-03-19 12:10:32.873] [info] [thread 31788] audio_stream: 1, video_stream: 0
[2026-03-19 12:10:32.874] [info] [thread 31788] audio packet pts: 147456, audio_pkt_size=373
[2026-03-19 12:10:32.920] [info] [thread 28368] audio.nb_samples=1024, channels=2, channel_layout=stereo, format=8, sample_rate=44100
[2026-03-19 12:10:32.921] [info] [thread 28368] audio frame data pointers: data[0]=0x21914788040, data[1]=0x2191478a0c0
[2026-03-19 12:10:32.927] [info] [thread 31788] read_thread loop: ret=0, pkt->stream_index=0, audioq.size=21320, videoq.size=548471, eof=0
[2026-03-19 12:10:32.927] [info] [thread 31788] audio_stream: 1, video_stream: 0
[2026-03-19 12:10:32.928] [info] [thread 31788] read_thread loop: ret=0, pkt->stream_index=1, audioq.size=21320, videoq.size=565252, eof=0
[2026-03-19 12:10:32.929] [info] [thread 31788] audio_stream: 1, video_stream: 0
[2026-03-19 12:10:32.929] [info] [thread 31788] audio packet pts: 148480, audio_pkt_size=356
[2026-03-19 12:10:32.970] [info] [thread 28368] audio.nb_samples=1024, channels=2, channel_layout=stereo, format=8, sample_rate=44100
[2026-03-19 12:10:32.970] [info] [thread 28368] audio frame data pointers: data[0]=0x21916b27480, data[1]=0x21916f92a00
[2026-03-19 12:10:32.981] [info] [thread 31788] read_thread loop: ret=0, pkt->stream_index=0, audioq.size=21315, videoq.size=548640, eof=0
[2026-03-19 12:10:32.982] [info] [thread 31788] audio_stream: 1, video_stream: 0
[2026-03-19 12:10:32.982] [info] [thread 31788] read_thread loop: ret=0, pkt->stream_index=0, audioq.size=21315, videoq.size=558853, eof=0
[2026-03-19 12:10:32.983] [info] [thread 31788] audio_stream: 1, video_stream: 0
[2026-03-19 12:10:32.983] [info] [thread 31788] read_thread loop: ret=0, pkt->stream_index=1, audioq.size=21315, videoq.size=565528, eof=0
[2026-03-19 12:10:32.984] [info] [thread 31788] audio_stream: 1, video_stream: 0
[2026-03-19 12:10:32.984] [info] [thread 31788] audio packet pts: 149504, audio_pkt_size=418
[2026-03-19 12:10:33.010] [info] [thread 28368] audio.nb_samples=1024, channels=2, channel_layout=stereo, format=8, sample_rate=44100
[2026-03-19 12:10:33.010] [info] [thread 28368] audio frame data pointers: data[0]=0x21916f96e40, data[1]=0x21916f9b500
[2026-03-19 12:10:33.026] [info] [thread 31788] read_thread loop: ret=0, pkt->stream_index=0, audioq.size=21363, videoq.size=553723, eof=0
[2026-03-19 12:10:33.026] [info] [thread 31788] audio_stream: 1, video_stream: 0
[2026-03-19 12:10:33.027] [info] [thread 31788] read_thread loop: ret=0, pkt->stream_index=1, audioq.size=21363, videoq.size=560292, eof=0
[2026-03-19 12:10:33.027] [info] [thread 31788] audio_stream: 1, video_stream: 0
[2026-03-19 12:10:33.028] [info] [thread 31788] audio packet pts: 150528, audio_pkt_size=433
[2026-03-19 12:10:33.060] [info] [thread 28368] audio.nb_samples=1024, channels=2, channel_layout=stereo, format=8, sample_rate=44100
[2026-03-19 12:10:33.060] [info] [thread 31788] read_thread loop: ret=0, pkt->stream_index=0, audioq.size=21424, videoq.size=556078, eof=0
[2026-03-19 12:10:33.060] [info] [thread 31788] audio_stream: 1, video_stream: 0
[2026-03-19 12:10:33.060] [info] [thread 28368] audio frame data pointers: data[0]=0x21916a5bb00, data[1]=0x21916f98e80
[2026-03-19 12:10:33.061] [info] [thread 31788] read_thread loop: ret=0, pkt->stream_index=1, audioq.size=21424, videoq.size=572196, eof=0
[2026-03-19 12:10:33.062] [info] [thread 31788] audio_stream: 1, video_stream: 0
[2026-03-19 12:10:33.062] [info] [thread 31788] audio packet pts: 151552, audio_pkt_size=400
[2026-03-19 12:10:33.110] [info] [thread 28368] audio.nb_samples=1024, channels=2, channel_layout=stereo, format=8, sample_rate=44100
[2026-03-19 12:10:33.110] [info] [thread 28368] audio frame data pointers: data[0]=0x21916a5db80, data[1]=0x2191427f980
[2026-03-19 12:10:33.115] [info] [thread 31788] read_thread loop: ret=0, pkt->stream_index=0, audioq.size=21446, videoq.size=557163, eof=0
[2026-03-19 12:10:33.115] [info] [thread 31788] audio_stream: 1, video_stream: 0
[2026-03-19 12:10:33.116] [info] [thread 31788] read_thread loop: ret=0, pkt->stream_index=0, audioq.size=21446, videoq.size=565679, eof=0
[2026-03-19 12:10:33.117] [info] [thread 31788] audio_stream: 1, video_stream: 0
[2026-03-19 12:10:33.117] [info] [thread 31788] read_thread loop: ret=0, pkt->stream_index=1, audioq.size=21446, videoq.size=571668, eof=0
[2026-03-19 12:10:33.117] [info] [thread 31788] audio_stream: 1, video_stream: 0
[2026-03-19 12:10:33.118] [info] [thread 31788] audio packet pts: 152576, audio_pkt_size=343
[2026-03-19 12:10:33.150] [info] [thread 28368] audio.nb_samples=1024, channels=2, channel_layout=stereo, format=8, sample_rate=44100
[2026-03-19 12:10:33.150] [info] [thread 28368] audio frame data pointers: data[0]=0x21914279380, data[1]=0x2191427b580
[2026-03-19 12:10:33.160] [info] [thread 31788] read_thread loop: ret=0, pkt->stream_index=0, audioq.size=21421, videoq.size=561366, eof=0
[2026-03-19 12:10:33.161] [info] [thread 31788] audio_stream: 1, video_stream: 0
[2026-03-19 12:10:33.162] [info] [thread 31788] read_thread loop: ret=0, pkt->stream_index=1, audioq.size=21421, videoq.size=566344, eof=0
[2026-03-19 12:10:33.162] [info] [thread 31788] audio_stream: 1, video_stream: 0
[2026-03-19 12:10:33.162] [info] [thread 31788] audio packet pts: 153600, audio_pkt_size=337
[2026-03-19 12:10:33.200] [info] [thread 28368] audio.nb_samples=1024, channels=2, channel_layout=stereo, format=8, sample_rate=44100
[2026-03-19 12:10:33.200] [info] [thread 28368] audio frame data pointers: data[0]=0x21914281bc0, data[1]=0x21914283dc0
[2026-03-19 12:10:33.215] [info] [thread 31788] read_thread loop: ret=0, pkt->stream_index=0, audioq.size=21394, videoq.size=562558, eof=0
[2026-03-19 12:10:33.216] [info] [thread 31788] audio_stream: 1, video_stream: 0
[2026-03-19 12:10:33.216] [info] [thread 31788] read_thread loop: ret=0, pkt->stream_index=0, audioq.size=21394, videoq.size=579384, eof=0
[2026-03-19 12:10:33.217] [info] [thread 31788] audio_stream: 1, video_stream: 0
[2026-03-19 12:10:33.217] [info] [thread 31788] read_thread loop: ret=0, pkt->stream_index=1, audioq.size=21394, videoq.size=587355, eof=0
[2026-03-19 12:10:33.217] [info] [thread 31788] audio_stream: 1, video_stream: 0
[2026-03-19 12:10:33.217] [info] [thread 31788] audio packet pts: 154624, audio_pkt_size=351
[2026-03-19 12:10:33.250] [info] [thread 28368] audio.nb_samples=1024, channels=2, channel_layout=stereo, format=8, sample_rate=44100
[2026-03-19 12:10:33.251] [info] [thread 28368] audio frame data pointers: data[0]=0x2191427d780, data[1]=0x21914285fc0
[2026-03-19 12:10:33.262] [info] [thread 31788] read_thread loop: ret=0, pkt->stream_index=0, audioq.size=21370, videoq.size=563149, eof=0
[2026-03-19 12:10:33.262] [info] [thread 31788] audio_stream: 1, video_stream: 0
[2026-03-19 12:10:33.263] [info] [thread 31788] read_thread loop: ret=0, pkt->stream_index=1, audioq.size=21370, videoq.size=569050, eof=0
[2026-03-19 12:10:33.264] [info] [thread 31788] audio_stream: 1, video_stream: 0
[2026-03-19 12:10:33.264] [info] [thread 31788] audio packet pts: 155648, audio_pkt_size=351
[2026-03-19 12:10:33.290] [info] [thread 28368] audio.nb_samples=1024, channels=2, channel_layout=stereo, format=8, sample_rate=44100
[2026-03-19 12:10:33.290] [info] [thread 28368] audio frame data pointers: data[0]=0x219142881c0, data[1]=0x2191428c600
[2026-03-19 12:10:33.295] [info] [thread 31788] read_thread loop: ret=0, pkt->stream_index=0, audioq.size=21364, videoq.size=564877, eof=0
[2026-03-19 12:10:33.296] [info] [thread 31788] audio_stream: 1, video_stream: 0
[2026-03-19 12:10:33.296] [info] [thread 31788] read_thread loop: ret=0, pkt->stream_index=1, audioq.size=21364, videoq.size=569289, eof=0
[2026-03-19 12:10:33.297] [info] [thread 31788] audio_stream: 1, video_stream: 0
[2026-03-19 12:10:33.297] [info] [thread 31788] audio packet pts: 156672, audio_pkt_size=353
[2026-03-19 12:10:33.340] [info] [thread 28368] audio.nb_samples=1024, channels=2, channel_layout=stereo, format=8, sample_rate=44100
[2026-03-19 12:10:33.340] [info] [thread 28368] audio frame data pointers: data[0]=0x2191428a400, data[1]=0x21914290a00
[2026-03-19 12:10:33.351] [info] [thread 31788] read_thread loop: ret=0, pkt->stream_index=0, audioq.size=21328, videoq.size=565267, eof=0
[2026-03-19 12:10:33.351] [info] [thread 31788] audio_stream: 1, video_stream: 0
[2026-03-19 12:10:33.351] [info] [thread 31788] read_thread loop: ret=0, pkt->stream_index=0, audioq.size=21328, videoq.size=577888, eof=0
[2026-03-19 12:10:33.352] [info] [thread 31788] audio_stream: 1, video_stream: 0
[2026-03-19 12:10:33.352] [info] [thread 31788] read_thread loop: ret=0, pkt->stream_index=1, audioq.size=21328, videoq.size=583184, eof=0
[2026-03-19 12:10:33.353] [info] [thread 31788] audio_stream: 1, video_stream: 0
[2026-03-19 12:10:33.353] [info] [thread 31788] audio packet pts: 157696, audio_pkt_size=383
[2026-03-19 12:10:33.380] [info] [thread 28368] audio.nb_samples=1024, channels=2, channel_layout=stereo, format=8, sample_rate=44100
[2026-03-19 12:10:33.380] [info] [thread 28368] audio frame data pointers: data[0]=0x2191478a0c0, data[1]=0x21914788040
[2026-03-19 12:10:33.385] [info] [thread 31788] read_thread loop: ret=0, pkt->stream_index=0, audioq.size=21302, videoq.size=567604, eof=0
[2026-03-19 12:10:33.386] [info] [thread 31788] audio_stream: 1, video_stream: 0
[2026-03-19 12:10:33.387] [info] [thread 31788] read_thread loop: ret=0, pkt->stream_index=1, audioq.size=21302, videoq.size=571209, eof=0
[2026-03-19 12:10:33.387] [info] [thread 31788] audio_stream: 1, video_stream: 0
[2026-03-19 12:10:33.387] [info] [thread 31788] audio packet pts: 158720, audio_pkt_size=406
[2026-03-19 12:10:33.430] [info] [thread 28368] audio.nb_samples=1024, channels=2, channel_layout=stereo, format=8, sample_rate=44100
[2026-03-19 12:10:33.430] [info] [thread 31788] read_thread loop: ret=0, pkt->stream_index=0, audioq.size=21317, videoq.size=560589, eof=0
[2026-03-19 12:10:33.430] [info] [thread 28368] audio frame data pointers: data[0]=0x21916f92a00, data[1]=0x21916b27480
[2026-03-19 12:10:33.431] [info] [thread 31788] audio_stream: 1, video_stream: 0
[2026-03-19 12:10:33.432] [info] [thread 31788] read_thread loop: ret=0, pkt->stream_index=0, audioq.size=21317, videoq.size=563781, eof=0
[2026-03-19 12:10:33.432] [info] [thread 31788] audio_stream: 1, video_stream: 0
[2026-03-19 12:10:33.432] [info] [thread 31788] read_thread loop: ret=0, pkt->stream_index=1, audioq.size=21317, videoq.size=572723, eof=0
[2026-03-19 12:10:33.432] [info] [thread 31788] audio_stream: 1, video_stream: 0
[2026-03-19 12:10:33.433] [info] [thread 31788] audio packet pts: 159744, audio_pkt_size=424
[2026-03-19 12:10:33.480] [info] [thread 28368] audio.nb_samples=1024, channels=2, channel_layout=stereo, format=8, sample_rate=44100
[2026-03-19 12:10:33.481] [info] [thread 28368] audio frame data pointers: data[0]=0x21916f9b500, data[1]=0x21916f96e40
[2026-03-19 12:10:33.495] [info] [thread 31788] read_thread loop: ret=0, pkt->stream_index=0, audioq.size=21382, videoq.size=552308, eof=0
[2026-03-19 12:10:33.495] [info] [thread 31788] audio_stream: 1, video_stream: 0
[2026-03-19 12:10:33.496] [info] [thread 31788] read_thread loop: ret=0, pkt->stream_index=1, audioq.size=21382, videoq.size=556121, eof=0
[2026-03-19 12:10:33.496] [info] [thread 31788] audio_stream: 1, video_stream: 0
[2026-03-19 12:10:33.496] [info] [thread 31788] audio packet pts: 160768, audio_pkt_size=377
[2026-03-19 12:10:33.520] [info] [thread 28368] audio.nb_samples=1024, channels=2, channel_layout=stereo, format=8, sample_rate=44100
[2026-03-19 12:10:33.520] [info] [thread 28368] audio frame data pointers: data[0]=0x21916f98e80, data[1]=0x21916a5bb00
[2026-03-19 12:10:33.529] [info] [thread 31788] read_thread loop: ret=0, pkt->stream_index=0, audioq.size=21406, videoq.size=549083, eof=0
[2026-03-19 12:10:33.530] [info] [thread 31788] audio_stream: 1, video_stream: 0
[2026-03-19 12:10:33.530] [info] [thread 31788] read_thread loop: ret=0, pkt->stream_index=1, audioq.size=21406, videoq.size=550965, eof=0
[2026-03-19 12:10:33.531] [info] [thread 31788] audio_stream: 1, video_stream: 0
[2026-03-19 12:10:33.531] [info] [thread 31788] audio packet pts: 161792, audio_pkt_size=344
[2026-03-19 12:10:33.570] [info] [thread 28368] audio.nb_samples=1024, channels=2, channel_layout=stereo, format=8, sample_rate=44100
[2026-03-19 12:10:33.570] [info] [thread 28368] audio frame data pointers: data[0]=0x2191427f980, data[1]=0x21916a5db80
[2026-03-19 12:10:33.574] [info] [thread 31788] read_thread loop: ret=0, pkt->stream_index=0, audioq.size=21384, videoq.size=546994, eof=0
[2026-03-19 12:10:33.575] [info] [thread 31788] audio_stream: 1, video_stream: 0
[2026-03-19 12:10:33.575] [info] [thread 31788] read_thread loop: ret=0, pkt->stream_index=0, audioq.size=21384, videoq.size=549726, eof=0
[2026-03-19 12:10:33.575] [info] [thread 31788] audio_stream: 1, video_stream: 0
[2026-03-19 12:10:33.576] [info] [thread 31788] read_thread loop: ret=0, pkt->stream_index=1, audioq.size=21384, videoq.size=573820, eof=0
[2026-03-19 12:10:33.576] [info] [thread 31788] audio_stream: 1, video_stream: 0
[2026-03-19 12:10:33.576] [info] [thread 31788] audio packet pts: 162816, audio_pkt_size=329
[2026-03-19 12:10:33.620] [info] [thread 28368] audio.nb_samples=1024, channels=2, channel_layout=stereo, format=8, sample_rate=44100
[2026-03-19 12:10:33.620] [info] [thread 28368] audio frame data pointers: data[0]=0x2191427b580, data[1]=0x21914279380
[2026-03-19 12:10:33.631] [info] [thread 31788] read_thread loop: ret=0, pkt->stream_index=0, audioq.size=21353, videoq.size=554881, eof=0
[2026-03-19 12:10:33.631] [info] [thread 31788] audio_stream: 1, video_stream: 0
[2026-03-19 12:10:33.632] [info] [thread 31788] read_thread loop: ret=0, pkt->stream_index=1, audioq.size=21353, videoq.size=566319, eof=0
[2026-03-19 12:10:33.632] [info] [thread 31788] audio_stream: 1, video_stream: 0
[2026-03-19 12:10:33.633] [info] [thread 31788] audio packet pts: 163840, audio_pkt_size=343
[2026-03-19 12:10:33.660] [info] [thread 28368] audio.nb_samples=1024, channels=2, channel_layout=stereo, format=8, sample_rate=44100
[2026-03-19 12:10:33.660] [info] [thread 28368] audio frame data pointers: data[0]=0x21914283dc0, data[1]=0x21914281bc0
[2026-03-19 12:10:33.664] [info] [thread 31788] read_thread loop: ret=0, pkt->stream_index=0, audioq.size=21345, videoq.size=559106, eof=0
[2026-03-19 12:10:33.665] [info] [thread 31788] audio_stream: 1, video_stream: 0
[2026-03-19 12:10:33.665] [info] [thread 31788] read_thread loop: ret=0, pkt->stream_index=0, audioq.size=21345, videoq.size=565194, eof=0
[2026-03-19 12:10:33.666] [info] [thread 31788] audio_stream: 1, video_stream: 0
[2026-03-19 12:10:33.666] [info] [thread 31788] read_thread loop: ret=0, pkt->stream_index=1, audioq.size=21345, videoq.size=573154, eof=0
[2026-03-19 12:10:33.666] [info] [thread 31788] audio_stream: 1, video_stream: 0
[2026-03-19 12:10:33.667] [info] [thread 31788] audio packet pts: 164864, audio_pkt_size=399
[2026-03-19 12:10:33.710] [info] [thread 28368] audio.nb_samples=1024, channels=2, channel_layout=stereo, format=8, sample_rate=44100
[2026-03-19 12:10:33.710] [info] [thread 28368] audio frame data pointers: data[0]=0x21914285fc0, data[1]=0x2191427d780
[2026-03-19 12:10:33.730] [info] [thread 31788] read_thread loop: ret=0, pkt->stream_index=0, audioq.size=21385, videoq.size=564333, eof=0
[2026-03-19 12:10:33.731] [info] [thread 31788] audio_stream: 1, video_stream: 0
[2026-03-19 12:10:33.731] [info] [thread 31788] read_thread loop: ret=0, pkt->stream_index=1, audioq.size=21385, videoq.size=580548, eof=0
[2026-03-19 12:10:33.732] [info] [thread 31788] audio_stream: 1, video_stream: 0
[2026-03-19 12:10:33.732] [info] [thread 31788] audio packet pts: 165888, audio_pkt_size=407
[2026-03-19 12:10:33.760] [info] [thread 28368] audio.nb_samples=1024, channels=2, channel_layout=stereo, format=8, sample_rate=44100
[2026-03-19 12:10:33.760] [info] [thread 28368] audio frame data pointers: data[0]=0x2191428c600, data[1]=0x219142881c0
[2026-03-19 12:10:33.764] [info] [thread 31788] read_thread loop: ret=0, pkt->stream_index=0, audioq.size=21405, videoq.size=561788, eof=0
[2026-03-19 12:10:33.765] [info] [thread 31788] audio_stream: 1, video_stream: 0
[2026-03-19 12:10:33.765] [info] [thread 31788] read_thread loop: ret=0, pkt->stream_index=1, audioq.size=21405, videoq.size=569704, eof=0
[2026-03-19 12:10:33.766] [info] [thread 31788] audio_stream: 1, video_stream: 0
[2026-03-19 12:10:33.766] [info] [thread 31788] audio packet pts: 166912, audio_pkt_size=424
[2026-03-19 12:10:33.800] [info] [thread 28368] audio.nb_samples=1024, channels=2, channel_layout=stereo, format=8, sample_rate=44100
[2026-03-19 12:10:33.800] [info] [thread 28368] audio frame data pointers: data[0]=0x21914290a00, data[1]=0x2191428a400
[2026-03-19 12:10:33.810] [info] [thread 31788] read_thread loop: ret=0, pkt->stream_index=0, audioq.size=21356, videoq.size=560948, eof=0
[2026-03-19 12:10:33.811] [info] [thread 31788] audio_stream: 1, video_stream: 0
[2026-03-19 12:10:33.811] [info] [thread 31788] read_thread loop: ret=0, pkt->stream_index=0, audioq.size=21356, videoq.size=566646, eof=0
[2026-03-19 12:10:33.811] [info] [thread 31788] audio_stream: 1, video_stream: 0
[2026-03-19 12:10:33.812] [info] [thread 31788] read_thread loop: ret=0, pkt->stream_index=1, audioq.size=21356, videoq.size=571656, eof=0
[2026-03-19 12:10:33.812] [info] [thread 31788] audio_stream: 1, video_stream: 0
[2026-03-19 12:10:33.812] [info] [thread 31788] audio packet pts: 167936, audio_pkt_size=404
[2026-03-19 12:10:33.850] [info] [thread 28368] audio.nb_samples=1024, channels=2, channel_layout=stereo, format=8, sample_rate=44100
[2026-03-19 12:10:33.851] [info] [thread 28368] audio frame data pointers: data[0]=0x21914788040, data[1]=0x2191478a0c0
[2026-03-19 12:10:33.854] [info] [thread 31788] read_thread loop: ret=0, pkt->stream_index=0, audioq.size=21299, videoq.size=566663, eof=0
[2026-03-19 12:10:33.855] [info] [thread 31788] audio_stream: 1, video_stream: 0
[2026-03-19 12:10:33.855] [info] [thread 31788] read_thread loop: ret=0, pkt->stream_index=1, audioq.size=21299, videoq.size=576699, eof=0
[2026-03-19 12:10:33.856] [info] [thread 31788] audio_stream: 1, video_stream: 0
[2026-03-19 12:10:33.856] [info] [thread 31788] audio packet pts: 168960, audio_pkt_size=408
[2026-03-19 12:10:33.900] [info] [thread 28368] audio.nb_samples=1024, channels=2, channel_layout=stereo, format=8, sample_rate=44100
[2026-03-19 12:10:33.900] [info] [thread 28368] audio frame data pointers: data[0]=0x21916b27480, data[1]=0x21916f92a00
[2026-03-19 12:10:33.910] [info] [thread 31788] read_thread loop: ret=0, pkt->stream_index=0, audioq.size=21268, videoq.size=549402, eof=0
[2026-03-19 12:10:33.911] [info] [thread 31788] audio_stream: 1, video_stream: 0
[2026-03-19 12:10:33.911] [info] [thread 31788] read_thread loop: ret=0, pkt->stream_index=0, audioq.size=21268, videoq.size=557206, eof=0
[2026-03-19 12:10:33.912] [info] [thread 31788] audio_stream: 1, video_stream: 0
[2026-03-19 12:10:33.912] [info] [thread 31788] read_thread loop: ret=0, pkt->stream_index=1, audioq.size=21268, videoq.size=561862, eof=0
[2026-03-19 12:10:33.912] [info] [thread 31788] audio_stream: 1, video_stream: 0
[2026-03-19 12:10:33.913] [info] [thread 31788] audio packet pts: 169984, audio_pkt_size=400
[2026-03-19 12:10:33.940] [info] [thread 28368] audio.nb_samples=1024, channels=2, channel_layout=stereo, format=8, sample_rate=44100
[2026-03-19 12:10:33.941] [info] [thread 28368] audio frame data pointers: data[0]=0x21916f96e40, data[1]=0x21916f9b500
[2026-03-19 12:10:33.944] [info] [thread 31788] read_thread loop: ret=0, pkt->stream_index=0, audioq.size=21306, videoq.size=552061, eof=0
[2026-03-19 12:10:33.945] [info] [thread 31788] audio_stream: 1, video_stream: 0
[2026-03-19 12:10:33.946] [info] [thread 31788] read_thread loop: ret=0, pkt->stream_index=1, audioq.size=21306, videoq.size=557637, eof=0
[2026-03-19 12:10:33.946] [info] [thread 31788] audio_stream: 1, video_stream: 0
[2026-03-19 12:10:33.946] [info] [thread 31788] audio packet pts: 171008, audio_pkt_size=391
[2026-03-19 12:10:33.990] [info] [thread 28368] audio.nb_samples=1024, channels=2, channel_layout=stereo, format=8, sample_rate=44100
[2026-03-19 12:10:33.990] [info] [thread 28368] audio frame data pointers: data[0]=0x21916a5bb00, data[1]=0x21916f98e80
[2026-03-19 12:10:34.010] [info] [thread 31788] read_thread loop: ret=0, pkt->stream_index=0, audioq.size=21267, videoq.size=543020, eof=0
[2026-03-19 12:10:34.010] [info] [thread 31788] audio_stream: 1, video_stream: 0
[2026-03-19 12:10:34.011] [info] [thread 31788] read_thread loop: ret=0, pkt->stream_index=1, audioq.size=21267, videoq.size=560815, eof=0
[2026-03-19 12:10:34.011] [info] [thread 31788] audio_stream: 1, video_stream: 0
[2026-03-19 12:10:34.012] [info] [thread 31788] audio packet pts: 172032, audio_pkt_size=393
[2026-03-19 12:10:34.030] [info] [thread 28368] audio.nb_samples=1024, channels=2, channel_layout=stereo, format=8, sample_rate=44100
[2026-03-19 12:10:34.031] [info] [thread 28368] audio frame data pointers: data[0]=0x21916a5db80, data[1]=0x2191427f980
[2026-03-19 12:10:34.044] [info] [thread 31788] read_thread loop: ret=0, pkt->stream_index=0, audioq.size=21234, videoq.size=543556, eof=0
[2026-03-19 12:10:34.045] [info] [thread 31788] audio_stream: 1, video_stream: 0
[2026-03-19 12:10:34.046] [info] [thread 31788] read_thread loop: ret=0, pkt->stream_index=0, audioq.size=21234, videoq.size=552369, eof=0
[2026-03-19 12:10:34.046] [info] [thread 31788] audio_stream: 1, video_stream: 0
[2026-03-19 12:10:34.047] [info] [thread 31788] read_thread loop: ret=0, pkt->stream_index=1, audioq.size=21234, videoq.size=557637, eof=0
[2026-03-19 12:10:34.047] [info] [thread 31788] audio_stream: 1, video_stream: 0
[2026-03-19 12:10:34.047] [info] [thread 31788] audio packet pts: 173056, audio_pkt_size=368
[2026-03-19 12:10:34.080] [info] [thread 28368] audio.nb_samples=1024, channels=2, channel_layout=stereo, format=8, sample_rate=44100
[2026-03-19 12:10:34.080] [info] [thread 28368] audio frame data pointers: data[0]=0x21914279380, data[1]=0x2191427b580
[2026-03-19 12:10:34.090] [info] [thread 31788] read_thread loop: ret=0, pkt->stream_index=0, audioq.size=21217, videoq.size=544569, eof=0
[2026-03-19 12:10:34.090] [info] [thread 31788] audio_stream: 1, video_stream: 0
[2026-03-19 12:10:34.091] [info] [thread 31788] read_thread loop: ret=0, pkt->stream_index=1, audioq.size=21217, videoq.size=549968, eof=0
[2026-03-19 12:10:34.091] [info] [thread 31788] audio_stream: 1, video_stream: 0
[2026-03-19 12:10:34.092] [info] [thread 31788] audio packet pts: 174080, audio_pkt_size=376
[2026-03-19 12:10:34.130] [info] [thread 28368] audio.nb_samples=1024, channels=2, channel_layout=stereo, format=8, sample_rate=44100
[2026-03-19 12:10:34.130] [info] [thread 28368] audio frame data pointers: data[0]=0x21914281bc0, data[1]=0x21914283dc0
[2026-03-19 12:10:34.135] [info] [thread 31788] read_thread loop: ret=0, pkt->stream_index=0, audioq.size=21268, videoq.size=543834, eof=0
[2026-03-19 12:10:34.135] [info] [thread 31788] audio_stream: 1, video_stream: 0
[2026-03-19 12:10:34.136] [info] [thread 31788] read_thread loop: ret=0, pkt->stream_index=1, audioq.size=21268, videoq.size=560919, eof=0
[2026-03-19 12:10:34.136] [info] [thread 31788] audio_stream: 1, video_stream: 0
[2026-03-19 12:10:34.137] [info] [thread 31788] audio packet pts: 175104, audio_pkt_size=367
[2026-03-19 12:10:34.170] [info] [thread 28368] audio.nb_samples=1024, channels=2, channel_layout=stereo, format=8, sample_rate=44100
[2026-03-19 12:10:34.170] [info] [thread 28368] audio frame data pointers: data[0]=0x2191427d780, data[1]=0x21914285fc0
[2026-03-19 12:10:34.179] [info] [thread 31788] read_thread loop: ret=0, pkt->stream_index=0, audioq.size=21321, videoq.size=546689, eof=0
[2026-03-19 12:10:34.180] [info] [thread 31788] audio_stream: 1, video_stream: 0
[2026-03-19 12:10:34.180] [info] [thread 31788] read_thread loop: ret=0, pkt->stream_index=0, audioq.size=21321, videoq.size=555813, eof=0
[2026-03-19 12:10:34.180] [info] [thread 31788] audio_stream: 1, video_stream: 0
[2026-03-19 12:10:34.181] [info] [thread 31788] read_thread loop: ret=0, pkt->stream_index=1, audioq.size=21321, videoq.size=560729, eof=0
[2026-03-19 12:10:34.181] [info] [thread 31788] audio_stream: 1, video_stream: 0
[2026-03-19 12:10:34.181] [info] [thread 31788] audio packet pts: 176128, audio_pkt_size=348
[2026-03-19 12:10:34.220] [info] [thread 28368] audio.nb_samples=1024, channels=2, channel_layout=stereo, format=8, sample_rate=44100
[2026-03-19 12:10:34.221] [info] [thread 28368] audio frame data pointers: data[0]=0x219142881c0, data[1]=0x2191428c600
[2026-03-19 12:10:34.224] [info] [thread 31788] read_thread loop: ret=0, pkt->stream_index=0, audioq.size=21326, videoq.size=544786, eof=0
[2026-03-19 12:10:34.225] [info] [thread 31788] audio_stream: 1, video_stream: 0
[2026-03-19 12:10:34.225] [info] [thread 31788] read_thread loop: ret=0, pkt->stream_index=1, audioq.size=21326, videoq.size=550409, eof=0
[2026-03-19 12:10:34.225] [info] [thread 31788] audio_stream: 1, video_stream: 0
[2026-03-19 12:10:34.226] [info] [thread 31788] audio packet pts: 177152, audio_pkt_size=362
[2026-03-19 12:10:34.270] [info] [thread 28368] audio.nb_samples=1024, channels=2, channel_layout=stereo, format=8, sample_rate=44100
[2026-03-19 12:10:34.270] [info] [thread 28368] audio frame data pointers: data[0]=0x2191428a400, data[1]=0x21914290a00
[2026-03-19 12:10:34.279] [info] [thread 31788] read_thread loop: ret=0, pkt->stream_index=0, audioq.size=21358, videoq.size=544512, eof=0
[2026-03-19 12:10:34.279] [info] [thread 31788] audio_stream: 1, video_stream: 0
[2026-03-19 12:10:34.280] [info] [thread 31788] read_thread loop: ret=0, pkt->stream_index=0, audioq.size=21358, videoq.size=564688, eof=0
[2026-03-19 12:10:34.280] [info] [thread 31788] audio_stream: 1, video_stream: 0
[2026-03-19 12:10:34.281] [info] [thread 31788] read_thread loop: ret=0, pkt->stream_index=1, audioq.size=21358, videoq.size=575675, eof=0
[2026-03-19 12:10:34.281] [info] [thread 31788] audio_stream: 1, video_stream: 0
[2026-03-19 12:10:34.282] [info] [thread 31788] audio packet pts: 178176, audio_pkt_size=344
[2026-03-19 12:10:34.310] [info] [thread 28368] audio.nb_samples=1024, channels=2, channel_layout=stereo, format=8, sample_rate=44100
[2026-03-19 12:10:34.310] [info] [thread 28368] audio frame data pointers: data[0]=0x2191478a0c0, data[1]=0x21914788040
[2026-03-19 12:10:34.324] [info] [thread 31788] read_thread loop: ret=0, pkt->stream_index=0, audioq.size=21325, videoq.size=552701, eof=0
[2026-03-19 12:10:34.325] [info] [thread 31788] audio_stream: 1, video_stream: 0
[2026-03-19 12:10:34.326] [info] [thread 31788] read_thread loop: ret=0, pkt->stream_index=1, audioq.size=21325, videoq.size=558931, eof=0
[2026-03-19 12:10:34.326] [info] [thread 31788] audio_stream: 1, video_stream: 0
[2026-03-19 12:10:34.327] [info] [thread 31788] audio packet pts: 179200, audio_pkt_size=332
[2026-03-19 12:10:34.360] [info] [thread 28368] audio.nb_samples=1024, channels=2, channel_layout=stereo, format=8, sample_rate=44100
[2026-03-19 12:10:34.360] [info] [thread 28368] audio frame data pointers: data[0]=0x21916f92a00, data[1]=0x21916b27480
[2026-03-19 12:10:34.370] [info] [thread 31788] read_thread loop: ret=0, pkt->stream_index=0, audioq.size=21346, videoq.size=544242, eof=0
[2026-03-19 12:10:34.370] [info] [thread 31788] audio_stream: 1, video_stream: 0
[2026-03-19 12:10:34.371] [info] [thread 31788] read_thread loop: ret=0, pkt->stream_index=1, audioq.size=21346, videoq.size=551062, eof=0
[2026-03-19 12:10:34.372] [info] [thread 31788] audio_stream: 1, video_stream: 0
[2026-03-19 12:10:34.372] [info] [thread 31788] audio packet pts: 180224, audio_pkt_size=355
[2026-03-19 12:10:34.410] [info] [thread 28368] audio.nb_samples=1024, channels=2, channel_layout=stereo, format=8, sample_rate=44100
[2026-03-19 12:10:34.410] [info] [thread 28368] audio frame data pointers: data[0]=0x21916f9b500, data[1]=0x21916f96e40
[2026-03-19 12:10:34.415] [info] [thread 31788] read_thread loop: ret=0, pkt->stream_index=0, audioq.size=21354, videoq.size=540947, eof=0
[2026-03-19 12:10:34.416] [info] [thread 31788] audio_stream: 1, video_stream: 0
[2026-03-19 12:10:34.416] [info] [thread 31788] read_thread loop: ret=0, pkt->stream_index=0, audioq.size=21354, videoq.size=554687, eof=0
[2026-03-19 12:10:34.417] [info] [thread 31788] audio_stream: 1, video_stream: 0
[2026-03-19 12:10:34.417] [info] [thread 31788] read_thread loop: ret=0, pkt->stream_index=1, audioq.size=21354, videoq.size=562771, eof=0
[2026-03-19 12:10:34.418] [info] [thread 31788] audio_stream: 1, video_stream: 0
[2026-03-19 12:10:34.418] [info] [thread 31788] audio packet pts: 181248, audio_pkt_size=341
[2026-03-19 12:10:34.450] [info] [thread 28368] audio.nb_samples=1024, channels=2, channel_layout=stereo, format=8, sample_rate=44100
[2026-03-19 12:10:34.450] [info] [thread 28368] audio frame data pointers: data[0]=0x21916f98e80, data[1]=0x21916a5bb00
[2026-03-19 12:10:34.451] [info] [thread 31788] read_thread loop: ret=0, pkt->stream_index=0, audioq.size=21367, videoq.size=556020, eof=0
[2026-03-19 12:10:34.451] [info] [thread 31788] audio_stream: 1, video_stream: 0
[2026-03-19 12:10:34.452] [info] [thread 31788] read_thread loop: ret=0, pkt->stream_index=1, audioq.size=21367, videoq.size=564150, eof=0
[2026-03-19 12:10:34.452] [info] [thread 31788] audio_stream: 1, video_stream: 0
[2026-03-19 12:10:34.452] [info] [thread 31788] audio packet pts: 182272, audio_pkt_size=348
[2026-03-19 12:10:34.500] [info] [thread 28368] audio.nb_samples=1024, channels=2, channel_layout=stereo, format=8, sample_rate=44100
[2026-03-19 12:10:34.501] [info] [thread 28368] audio frame data pointers: data[0]=0x2191427f980, data[1]=0x21916a5db80
[2026-03-19 12:10:34.503] [info] [thread 31788] read_thread loop: ret=0, pkt->stream_index=0, audioq.size=21369, videoq.size=542624, eof=0
[2026-03-19 12:10:34.504] [info] [thread 31788] audio_stream: 1, video_stream: 0
[2026-03-19 12:10:34.505] [info] [thread 31788] read_thread loop: ret=0, pkt->stream_index=0, audioq.size=21369, videoq.size=595636, eof=0
[2026-03-19 12:10:34.505] [info] [thread 31788] audio_stream: 1, video_stream: 0
[2026-03-19 12:10:34.506] [info] [thread 31788] read_thread loop: ret=0, pkt->stream_index=1, audioq.size=21369, videoq.size=613906, eof=0
[2026-03-19 12:10:34.506] [info] [thread 31788] audio_stream: 1, video_stream: 0
[2026-03-19 12:10:34.506] [info] [thread 31788] audio packet pts: 183296, audio_pkt_size=394
[2026-03-19 12:10:34.550] [info] [thread 28368] audio.nb_samples=1024, channels=2, channel_layout=stereo, format=8, sample_rate=44100
[2026-03-19 12:10:34.551] [info] [thread 28368] audio frame data pointers: data[0]=0x2191427b580, data[1]=0x21914279380
[2026-03-19 12:10:34.559] [info] [thread 31788] read_thread loop: ret=0, pkt->stream_index=0, audioq.size=21415, videoq.size=600756, eof=0
[2026-03-19 12:10:34.559] [info] [thread 31788] audio_stream: 1, video_stream: 0
[2026-03-19 12:10:34.560] [info] [thread 31788] read_thread loop: ret=0, pkt->stream_index=1, audioq.size=21415, videoq.size=609866, eof=0
[2026-03-19 12:10:34.561] [info] [thread 31788] audio_stream: 1, video_stream: 0
[2026-03-19 12:10:34.561] [info] [thread 31788] audio packet pts: 184320, audio_pkt_size=331
[2026-03-19 12:10:34.590] [info] [thread 28368] audio.nb_samples=1024, channels=2, channel_layout=stereo, format=8, sample_rate=44100
[2026-03-19 12:10:34.590] [info] [thread 28368] audio frame data pointers: data[0]=0x21914283dc0, data[1]=0x21914281bc0
[2026-03-19 12:10:34.604] [info] [thread 31788] read_thread loop: ret=0, pkt->stream_index=0, audioq.size=21400, videoq.size=604183, eof=0
[2026-03-19 12:10:34.604] [info] [thread 31788] audio_stream: 1, video_stream: 0
[2026-03-19 12:10:34.605] [info] [thread 31788] read_thread loop: ret=0, pkt->stream_index=1, audioq.size=21400, videoq.size=610790, eof=0
[2026-03-19 12:10:34.605] [info] [thread 31788] audio_stream: 1, video_stream: 0
[2026-03-19 12:10:34.605] [info] [thread 31788] audio packet pts: 185344, audio_pkt_size=349
[2026-03-19 12:10:34.640] [info] [thread 28368] audio.nb_samples=1024, channels=2, channel_layout=stereo, format=8, sample_rate=44100
[2026-03-19 12:10:34.640] [info] [thread 28368] audio frame data pointers: data[0]=0x21914285fc0, data[1]=0x2191427d780
[2026-03-19 12:10:34.648] [info] [thread 31788] read_thread loop: ret=0, pkt->stream_index=0, audioq.size=21393, videoq.size=595367, eof=0
[2026-03-19 12:10:34.649] [info] [thread 31788] audio_stream: 1, video_stream: 0
[2026-03-19 12:10:34.650] [info] [thread 31788] read_thread loop: ret=0, pkt->stream_index=0, audioq.size=21393, videoq.size=601848, eof=0
[2026-03-19 12:10:34.650] [info] [thread 31788] audio_stream: 1, video_stream: 0
[2026-03-19 12:10:34.651] [info] [thread 31788] read_thread loop: ret=0, pkt->stream_index=1, audioq.size=21393, videoq.size=620291, eof=0
[2026-03-19 12:10:34.652] [info] [thread 31788] audio_stream: 1, video_stream: 0
[2026-03-19 12:10:34.652] [info] [thread 31788] audio packet pts: 186368, audio_pkt_size=331
[2026-03-19 12:10:34.680] [info] [thread 28368] audio.nb_samples=1024, channels=2, channel_layout=stereo, format=8, sample_rate=44100
[2026-03-19 12:10:34.681] [info] [thread 28368] audio frame data pointers: data[0]=0x2191428c600, data[1]=0x219142881c0
[2026-03-19 12:10:34.684] [info] [thread 31788] read_thread loop: ret=0, pkt->stream_index=0, audioq.size=21337, videoq.size=614066, eof=0
[2026-03-19 12:10:34.685] [info] [thread 31788] audio_stream: 1, video_stream: 0
[2026-03-19 12:10:34.686] [info] [thread 31788] read_thread loop: ret=0, pkt->stream_index=1, audioq.size=21337, videoq.size=623590, eof=0
[2026-03-19 12:10:34.686] [info] [thread 31788] audio_stream: 1, video_stream: 0
[2026-03-19 12:10:34.687] [info] [thread 31788] audio packet pts: 187392, audio_pkt_size=357
[2026-03-19 12:10:34.730] [info] [thread 28368] audio.nb_samples=1024, channels=2, channel_layout=stereo, format=8, sample_rate=44100
[2026-03-19 12:10:34.730] [info] [thread 28368] audio frame data pointers: data[0]=0x21914290a00, data[1]=0x2191428a400
[2026-03-19 12:10:34.740] [info] [thread 31788] read_thread loop: ret=0, pkt->stream_index=0, audioq.size=21243, videoq.size=614067, eof=0
[2026-03-19 12:10:34.740] [info] [thread 31788] audio_stream: 1, video_stream: 0
[2026-03-19 12:10:34.741] [info] [thread 31788] read_thread loop: ret=0, pkt->stream_index=0, audioq.size=21243, videoq.size=620708, eof=0
[2026-03-19 12:10:34.741] [info] [thread 31788] audio_stream: 1, video_stream: 0
[2026-03-19 12:10:34.742] [info] [thread 31788] read_thread loop: ret=0, pkt->stream_index=1, audioq.size=21243, videoq.size=626577, eof=0
[2026-03-19 12:10:34.742] [info] [thread 31788] audio_stream: 1, video_stream: 0
[2026-03-19 12:10:34.742] [info] [thread 31788] audio packet pts: 188416, audio_pkt_size=361
[2026-03-19 12:10:34.780] [info] [thread 28368] audio.nb_samples=1024, channels=2, channel_layout=stereo, format=8, sample_rate=44100
[2026-03-19 12:10:34.781] [info] [thread 28368] audio frame data pointers: data[0]=0x21914788040, data[1]=0x2191478a0c0
[2026-03-19 12:10:34.795] [info] [thread 31788] read_thread loop: ret=0, pkt->stream_index=0, audioq.size=21143, videoq.size=605898, eof=0
[2026-03-19 12:10:34.796] [info] [thread 31788] audio_stream: 1, video_stream: 0
[2026-03-19 12:10:34.796] [info] [thread 31788] read_thread loop: ret=0, pkt->stream_index=1, audioq.size=21143, videoq.size=623334, eof=0
[2026-03-19 12:10:34.797] [info] [thread 31788] audio_stream: 1, video_stream: 0
[2026-03-19 12:10:34.797] [info] [thread 31788] audio packet pts: 189440, audio_pkt_size=348
[2026-03-19 12:10:34.820] [info] [thread 28368] audio.nb_samples=1024, channels=2, channel_layout=stereo, format=8, sample_rate=44100
[2026-03-19 12:10:34.820] [info] [thread 28368] audio frame data pointers: data[0]=0x21916b27480, data[1]=0x21916f92a00
[2026-03-19 12:10:34.841] [info] [thread 31788] read_thread loop: ret=0, pkt->stream_index=0, audioq.size=21111, videoq.size=618268, eof=0
[2026-03-19 12:10:34.842] [info] [thread 31788] audio_stream: 1, video_stream: 0
[2026-03-19 12:10:34.843] [info] [thread 31788] read_thread loop: ret=0, pkt->stream_index=1, audioq.size=21111, videoq.size=626695, eof=0
[2026-03-19 12:10:34.843] [info] [thread 31788] audio_stream: 1, video_stream: 0
[2026-03-19 12:10:34.843] [info] [thread 31788] audio packet pts: 190464, audio_pkt_size=351
[2026-03-19 12:10:34.870] [info] [thread 28368] audio.nb_samples=1024, channels=2, channel_layout=stereo, format=8, sample_rate=44100
[2026-03-19 12:10:34.871] [info] [thread 28368] audio frame data pointers: data[0]=0x21916f96e40, data[1]=0x21916f9b500
[2026-03-19 12:10:34.885] [info] [thread 31788] read_thread loop: ret=0, pkt->stream_index=0, audioq.size=21070, videoq.size=622531, eof=0
[2026-03-19 12:10:34.886] [info] [thread 31788] audio_stream: 1, video_stream: 0
[2026-03-19 12:10:34.886] [info] [thread 31788] read_thread loop: ret=0, pkt->stream_index=0, audioq.size=21070, videoq.size=627508, eof=0
[2026-03-19 12:10:34.887] [info] [thread 31788] audio_stream: 1, video_stream: 0
[2026-03-19 12:10:34.887] [info] [thread 31788] read_thread loop: ret=0, pkt->stream_index=1, audioq.size=21070, videoq.size=632733, eof=0
[2026-03-19 12:10:34.887] [info] [thread 31788] audio_stream: 1, video_stream: 0
[2026-03-19 12:10:34.888] [info] [thread 31788] audio packet pts: 191488, audio_pkt_size=361
[2026-03-19 12:10:34.920] [info] [thread 28368] audio.nb_samples=1024, channels=2, channel_layout=stereo, format=8, sample_rate=44100
[2026-03-19 12:10:34.921] [info] [thread 28368] audio frame data pointers: data[0]=0x21916a5bb00, data[1]=0x21916f98e80
[2026-03-19 12:10:34.930] [info] [thread 31788] read_thread loop: ret=0, pkt->stream_index=0, audioq.size=21058, videoq.size=612447, eof=0
[2026-03-19 12:10:34.931] [info] [thread 31788] audio_stream: 1, video_stream: 0
[2026-03-19 12:10:34.931] [info] [thread 31788] read_thread loop: ret=0, pkt->stream_index=1, audioq.size=21058, videoq.size=629679, eof=0
[2026-03-19 12:10:34.932] [info] [thread 31788] audio_stream: 1, video_stream: 0
[2026-03-19 12:10:34.932] [info] [thread 31788] audio packet pts: 192512, audio_pkt_size=362
[2026-03-19 12:10:34.960] [info] [thread 28368] audio.nb_samples=1024, channels=2, channel_layout=stereo, format=8, sample_rate=44100
[2026-03-19 12:10:34.960] [info] [thread 28368] audio frame data pointers: data[0]=0x21916a5db80, data[1]=0x2191427f980
[2026-03-19 12:10:34.963] [info] [thread 31788] read_thread loop: ret=0, pkt->stream_index=0, audioq.size=21064, videoq.size=622923, eof=0
[2026-03-19 12:10:34.964] [info] [thread 31788] audio_stream: 1, video_stream: 0
[2026-03-19 12:10:34.964] [info] [thread 31788] read_thread loop: ret=0, pkt->stream_index=0, audioq.size=21064, videoq.size=631379, eof=0
[2026-03-19 12:10:34.965] [info] [thread 31788] audio_stream: 1, video_stream: 0
[2026-03-19 12:10:34.965] [info] [thread 31788] read_thread loop: ret=0, pkt->stream_index=1, audioq.size=21064, videoq.size=636600, eof=0
[2026-03-19 12:10:34.965] [info] [thread 31788] audio_stream: 1, video_stream: 0
[2026-03-19 12:10:34.966] [info] [thread 31788] audio packet pts: 193536, audio_pkt_size=360
[2026-03-19 12:10:35.010] [info] [thread 28368] audio.nb_samples=1024, channels=2, channel_layout=stereo, format=8, sample_rate=44100
[2026-03-19 12:10:35.010] [info] [thread 28368] audio frame data pointers: data[0]=0x21914279380, data[1]=0x2191427b580
[2026-03-19 12:10:35.020] [info] [thread 31788] read_thread loop: ret=0, pkt->stream_index=0, audioq.size=21006, videoq.size=620558, eof=0
[2026-03-19 12:10:35.021] [info] [thread 31788] audio_stream: 1, video_stream: 0
[2026-03-19 12:10:35.021] [info] [thread 31788] read_thread loop: ret=0, pkt->stream_index=1, audioq.size=21006, videoq.size=625620, eof=0
[2026-03-19 12:10:35.022] [info] [thread 31788] audio_stream: 1, video_stream: 0
[2026-03-19 12:10:35.022] [info] [thread 31788] audio packet pts: 194560, audio_pkt_size=370
[2026-03-19 12:10:35.060] [info] [thread 28368] audio.nb_samples=1024, channels=2, channel_layout=stereo, format=8, sample_rate=44100
[2026-03-19 12:10:35.060] [info] [thread 28368] audio frame data pointers: data[0]=0x21914281bc0, data[1]=0x21914283dc0
[2026-03-19 12:10:35.076] [info] [thread 31788] read_thread loop: ret=0, pkt->stream_index=0, audioq.size=20943, videoq.size=598626, eof=0
[2026-03-19 12:10:35.077] [info] [thread 31788] audio_stream: 1, video_stream: 0
[2026-03-19 12:10:35.077] [info] [thread 31788] read_thread loop: ret=0, pkt->stream_index=1, audioq.size=20943, videoq.size=617481, eof=0
[2026-03-19 12:10:35.078] [info] [thread 31788] audio_stream: 1, video_stream: 0
[2026-03-19 12:10:35.078] [info] [thread 31788] audio packet pts: 195584, audio_pkt_size=361
[2026-03-19 12:10:35.100] [info] [thread 28368] audio.nb_samples=1024, channels=2, channel_layout=stereo, format=8, sample_rate=44100
[2026-03-19 12:10:35.101] [info] [thread 28368] audio frame data pointers: data[0]=0x2191427d780, data[1]=0x21914285fc0
[2026-03-19 12:10:35.118] [info] [thread 31788] read_thread loop: ret=0, pkt->stream_index=0, audioq.size=20904, videoq.size=610806, eof=0
[2026-03-19 12:10:35.119] [info] [thread 31788] audio_stream: 1, video_stream: 0
[2026-03-19 12:10:35.120] [info] [thread 31788] read_thread loop: ret=0, pkt->stream_index=0, audioq.size=20904, videoq.size=620953, eof=0
[2026-03-19 12:10:35.120] [info] [thread 31788] audio_stream: 1, video_stream: 0
[2026-03-19 12:10:35.120] [info] [thread 31788] read_thread loop: ret=0, pkt->stream_index=1, audioq.size=20904, videoq.size=627085, eof=0
[2026-03-19 12:10:35.120] [info] [thread 31788] audio_stream: 1, video_stream: 0
[2026-03-19 12:10:35.121] [info] [thread 31788] audio packet pts: 196608, audio_pkt_size=393
[2026-03-19 12:10:35.150] [info] [thread 28368] audio.nb_samples=1024, channels=2, channel_layout=stereo, format=8, sample_rate=44100
[2026-03-19 12:10:35.150] [info] [thread 28368] audio frame data pointers: data[0]=0x219142881c0, data[1]=0x2191428c600
[2026-03-19 12:10:35.152] [info] [thread 31788] read_thread loop: ret=0, pkt->stream_index=0, audioq.size=20954, videoq.size=620516, eof=0
[2026-03-19 12:10:35.153] [info] [thread 31788] audio_stream: 1, video_stream: 0
[2026-03-19 12:10:35.153] [info] [thread 31788] read_thread loop: ret=0, pkt->stream_index=1, audioq.size=20954, videoq.size=626829, eof=0
[2026-03-19 12:10:35.154] [info] [thread 31788] audio_stream: 1, video_stream: 0
[2026-03-19 12:10:35.154] [info] [thread 31788] audio packet pts: 197632, audio_pkt_size=347
[2026-03-19 12:10:35.200] [info] [thread 28368] audio.nb_samples=1024, channels=2, channel_layout=stereo, format=8, sample_rate=44100
[2026-03-19 12:10:35.200] [info] [thread 28368] audio frame data pointers: data[0]=0x2191428a400, data[1]=0x21914290a00
[2026-03-19 12:10:35.208] [info] [thread 31788] read_thread loop: ret=0, pkt->stream_index=0, audioq.size=20964, videoq.size=602195, eof=0
[2026-03-19 12:10:35.209] [info] [thread 31788] audio_stream: 1, video_stream: 0
[2026-03-19 12:10:35.210] [info] [thread 31788] read_thread loop: ret=0, pkt->stream_index=0, audioq.size=20964, videoq.size=619704, eof=0
[2026-03-19 12:10:35.210] [info] [thread 31788] audio_stream: 1, video_stream: 0
[2026-03-19 12:10:35.210] [info] [thread 31788] read_thread loop: ret=0, pkt->stream_index=1, audioq.size=20964, videoq.size=628627, eof=0
[2026-03-19 12:10:35.211] [info] [thread 31788] audio_stream: 1, video_stream: 0
[2026-03-19 12:10:35.211] [info] [thread 31788] audio packet pts: 198656, audio_pkt_size=358
[2026-03-19 12:10:35.240] [info] [thread 28368] audio.nb_samples=1024, channels=2, channel_layout=stereo, format=8, sample_rate=44100
[2026-03-19 12:10:35.240] [info] [thread 28368] audio frame data pointers: data[0]=0x2191478a0c0, data[1]=0x21914788040
[2026-03-19 12:10:35.243] [info] [thread 31788] read_thread loop: ret=0, pkt->stream_index=0, audioq.size=20971, videoq.size=622638, eof=0
[2026-03-19 12:10:35.244] [info] [thread 31788] audio_stream: 1, video_stream: 0
[2026-03-19 12:10:35.245] [info] [thread 31788] read_thread loop: ret=0, pkt->stream_index=1, audioq.size=20971, videoq.size=629871, eof=0
[2026-03-19 12:10:35.245] [info] [thread 31788] audio_stream: 1, video_stream: 0
[2026-03-19 12:10:35.245] [info] [thread 31788] audio packet pts: 199680, audio_pkt_size=412
[2026-03-19 12:10:35.290] [info] [thread 28368] audio.nb_samples=1024, channels=2, channel_layout=stereo, format=8, sample_rate=44100
[2026-03-19 12:10:35.290] [info] [thread 28368] audio frame data pointers: data[0]=0x21916f92a00, data[1]=0x21916b27480
[2026-03-19 12:10:35.310] [info] [thread 31788] read_thread loop: ret=0, pkt->stream_index=0, audioq.size=21032, videoq.size=608067, eof=0
[2026-03-19 12:10:35.311] [info] [thread 31788] audio_stream: 1, video_stream: 0
[2026-03-19 12:10:35.311] [info] [thread 31788] read_thread loop: ret=0, pkt->stream_index=1, audioq.size=21032, videoq.size=612924, eof=0
[2026-03-19 12:10:35.312] [info] [thread 31788] audio_stream: 1, video_stream: 0
[2026-03-19 12:10:35.312] [info] [thread 31788] audio packet pts: 200704, audio_pkt_size=357
[2026-03-19 12:10:35.340] [info] [thread 28368] audio.nb_samples=1024, channels=2, channel_layout=stereo, format=8, sample_rate=44100
[2026-03-19 12:10:35.340] [info] [thread 28368] audio frame data pointers: data[0]=0x21916f9b500, data[1]=0x21916f96e40
[2026-03-19 12:10:35.353] [info] [thread 31788] read_thread loop: ret=0, pkt->stream_index=0, audioq.size=21036, videoq.size=604953, eof=0
[2026-03-19 12:10:35.353] [info] [thread 31788] audio_stream: 1, video_stream: 0
[2026-03-19 12:10:35.354] [info] [thread 31788] read_thread loop: ret=0, pkt->stream_index=0, audioq.size=21036, videoq.size=626517, eof=0
[2026-03-19 12:10:35.354] [info] [thread 31788] audio_stream: 1, video_stream: 0
[2026-03-19 12:10:35.354] [info] [thread 31788] read_thread loop: ret=0, pkt->stream_index=1, audioq.size=21036, videoq.size=635703, eof=0
[2026-03-19 12:10:35.355] [info] [thread 31788] audio_stream: 1, video_stream: 0
[2026-03-19 12:10:35.355] [info] [thread 31788] audio packet pts: 201728, audio_pkt_size=349
[2026-03-19 12:10:35.380] [info] [thread 28368] audio.nb_samples=1024, channels=2, channel_layout=stereo, format=8, sample_rate=44100
[2026-03-19 12:10:35.381] [info] [thread 28368] audio frame data pointers: data[0]=0x21916f98e80, data[1]=0x21916a5bb00
[2026-03-19 12:10:35.385] [info] [thread 31788] read_thread loop: ret=0, pkt->stream_index=0, audioq.size=21002, videoq.size=629802, eof=0
[2026-03-19 12:10:35.386] [info] [thread 31788] audio_stream: 1, video_stream: 0
[2026-03-19 12:10:35.387] [info] [thread 31788] read_thread loop: ret=0, pkt->stream_index=1, audioq.size=21002, videoq.size=636266, eof=0
[2026-03-19 12:10:35.387] [info] [thread 31788] audio_stream: 1, video_stream: 0
[2026-03-19 12:10:35.388] [info] [thread 31788] audio packet pts: 202752, audio_pkt_size=348
[2026-03-19 12:10:35.430] [info] [thread 28368] audio.nb_samples=1024, channels=2, channel_layout=stereo, format=8, sample_rate=44100
[2026-03-19 12:10:35.430] [info] [thread 28368] audio frame data pointers: data[0]=0x2191427f980, data[1]=0x21916a5db80
[2026-03-19 12:10:35.431] [info] [thread 31788] read_thread loop: ret=0, pkt->stream_index=0, audioq.size=20944, videoq.size=619233, eof=0
[2026-03-19 12:10:35.432] [info] [thread 31788] audio_stream: 1, video_stream: 0
[2026-03-19 12:10:35.432] [info] [thread 31788] read_thread loop: ret=0, pkt->stream_index=1, audioq.size=20944, videoq.size=625617, eof=0
[2026-03-19 12:10:35.432] [info] [thread 31788] audio_stream: 1, video_stream: 0
[2026-03-19 12:10:35.432] [info] [thread 31788] audio packet pts: 203776, audio_pkt_size=354
[2026-03-19 12:10:35.470] [info] [thread 28368] audio.nb_samples=1024, channels=2, channel_layout=stereo, format=8, sample_rate=44100
[2026-03-19 12:10:35.470] [info] [thread 28368] audio frame data pointers: data[0]=0x2191427b580, data[1]=0x21914279380
[2026-03-19 12:10:35.475] [info] [thread 31788] read_thread loop: ret=0, pkt->stream_index=0, audioq.size=20874, videoq.size=620321, eof=0
[2026-03-19 12:10:35.476] [info] [thread 31788] audio_stream: 1, video_stream: 0
[2026-03-19 12:10:35.476] [info] [thread 31788] read_thread loop: ret=0, pkt->stream_index=0, audioq.size=20874, videoq.size=636702, eof=0
[2026-03-19 12:10:35.477] [info] [thread 31788] audio_stream: 1, video_stream: 0
[2026-03-19 12:10:35.478] [info] [thread 31788] read_thread loop: ret=0, pkt->stream_index=1, audioq.size=20874, videoq.size=645968, eof=0
[2026-03-19 12:10:35.478] [info] [thread 31788] audio_stream: 1, video_stream: 0
[2026-03-19 12:10:35.479] [info] [thread 31788] audio packet pts: 204800, audio_pkt_size=367
[2026-03-19 12:10:35.520] [info] [thread 28368] audio.nb_samples=1024, channels=2, channel_layout=stereo, format=8, sample_rate=44100
[2026-03-19 12:10:35.520] [info] [thread 28368] audio frame data pointers: data[0]=0x21914283dc0, data[1]=0x21914281bc0
[2026-03-19 12:10:35.521] [info] [thread 31788] read_thread loop: ret=0, pkt->stream_index=0, audioq.size=20864, videoq.size=642363, eof=0
[2026-03-19 12:10:35.522] [info] [thread 31788] audio_stream: 1, video_stream: 0
[2026-03-19 12:10:35.522] [info] [thread 31788] read_thread loop: ret=0, pkt->stream_index=1, audioq.size=20864, videoq.size=648217, eof=0
[2026-03-19 12:10:35.523] [info] [thread 31788] audio_stream: 1, video_stream: 0
[2026-03-19 12:10:35.523] [info] [thread 31788] audio packet pts: 205824, audio_pkt_size=377
[2026-03-19 12:10:35.570] [info] [thread 28368] audio.nb_samples=1024, channels=2, channel_layout=stereo, format=8, sample_rate=44100
[2026-03-19 12:10:35.571] [info] [thread 28368] audio frame data pointers: data[0]=0x21914285fc0, data[1]=0x2191427d780
[2026-03-19 12:10:35.575] [info] [thread 31788] read_thread loop: ret=0, pkt->stream_index=0, audioq.size=20897, videoq.size=636083, eof=0
[2026-03-19 12:10:35.576] [info] [thread 31788] audio_stream: 1, video_stream: 0
[2026-03-19 12:10:35.577] [info] [thread 31788] read_thread loop: ret=0, pkt->stream_index=0, audioq.size=20897, videoq.size=641773, eof=0
[2026-03-19 12:10:35.577] [info] [thread 31788] audio_stream: 1, video_stream: 0
[2026-03-19 12:10:35.578] [info] [thread 31788] read_thread loop: ret=0, pkt->stream_index=1, audioq.size=20897, videoq.size=658654, eof=0
[2026-03-19 12:10:35.578] [info] [thread 31788] audio_stream: 1, video_stream: 0
[2026-03-19 12:10:35.578] [info] [thread 31788] audio packet pts: 206848, audio_pkt_size=377
[2026-03-19 12:10:35.610] [info] [thread 28368] audio.nb_samples=1024, channels=2, channel_layout=stereo, format=8, sample_rate=44100
[2026-03-19 12:10:35.610] [info] [thread 28368] audio frame data pointers: data[0]=0x2191428c600, data[1]=0x219142881c0
[2026-03-19 12:10:35.621] [info] [thread 31788] read_thread loop: ret=0, pkt->stream_index=0, audioq.size=20945, videoq.size=654841, eof=0
[2026-03-19 12:10:35.621] [info] [thread 31788] audio_stream: 1, video_stream: 0
[2026-03-19 12:10:35.622] [info] [thread 31788] read_thread loop: ret=0, pkt->stream_index=1, audioq.size=20945, videoq.size=663369, eof=0
[2026-03-19 12:10:35.623] [info] [thread 31788] audio_stream: 1, video_stream: 0
[2026-03-19 12:10:35.623] [info] [thread 31788] audio packet pts: 207872, audio_pkt_size=370
[2026-03-19 12:10:35.660] [info] [thread 28368] audio.nb_samples=1024, channels=2, channel_layout=stereo, format=8, sample_rate=44100
[2026-03-19 12:10:35.660] [info] [thread 28368] audio frame data pointers: data[0]=0x21914290a00, data[1]=0x2191428a400
[2026-03-19 12:10:35.664] [info] [thread 31788] read_thread loop: ret=0, pkt->stream_index=0, audioq.size=20972, videoq.size=658755, eof=0
[2026-03-19 12:10:35.665] [info] [thread 31788] audio_stream: 1, video_stream: 0
[2026-03-19 12:10:35.666] [info] [thread 31788] read_thread loop: ret=0, pkt->stream_index=1, audioq.size=20972, videoq.size=663938, eof=0
[2026-03-19 12:10:35.666] [info] [thread 31788] audio_stream: 1, video_stream: 0
[2026-03-19 12:10:35.667] [info] [thread 31788] audio packet pts: 208896, audio_pkt_size=372
[2026-03-19 12:10:35.710] [info] [thread 28368] audio.nb_samples=1024, channels=2, channel_layout=stereo, format=8, sample_rate=44100
[2026-03-19 12:10:35.710] [info] [thread 28368] audio frame data pointers: data[0]=0x21914788040, data[1]=0x2191478a0c0
[2026-03-19 12:10:35.730] [info] [thread 31788] read_thread loop: ret=0, pkt->stream_index=0, audioq.size=20945, videoq.size=628406, eof=0
[2026-03-19 12:10:35.731] [info] [thread 31788] audio_stream: 1, video_stream: 0
[2026-03-19 12:10:35.731] [info] [thread 31788] read_thread loop: ret=0, pkt->stream_index=0, audioq.size=20945, videoq.size=634399, eof=0
[2026-03-19 12:10:35.731] [info] [thread 31788] audio_stream: 1, video_stream: 0
[2026-03-19 12:10:35.731] [info] [thread 31788] read_thread loop: ret=0, pkt->stream_index=1, audioq.size=20945, videoq.size=650660, eof=0
[2026-03-19 12:10:35.731] [info] [thread 31788] audio_stream: 1, video_stream: 0
[2026-03-19 12:10:35.732] [info] [thread 31788] audio packet pts: 209920, audio_pkt_size=373
[2026-03-19 12:10:35.750] [info] [thread 28368] audio.nb_samples=1024, channels=2, channel_layout=stereo, format=8, sample_rate=44100
[2026-03-19 12:10:35.750] [info] [thread 28368] audio frame data pointers: data[0]=0x21916b27480, data[1]=0x21916f92a00
[2026-03-19 12:10:35.763] [info] [thread 31788] read_thread loop: ret=0, pkt->stream_index=0, audioq.size=20911, videoq.size=644572, eof=0
[2026-03-19 12:10:35.763] [info] [thread 31788] audio_stream: 1, video_stream: 0
[2026-03-19 12:10:35.764] [info] [thread 31788] read_thread loop: ret=0, pkt->stream_index=1, audioq.size=20911, videoq.size=653463, eof=0
[2026-03-19 12:10:35.764] [info] [thread 31788] audio_stream: 1, video_stream: 0
[2026-03-19 12:10:35.764] [info] [thread 31788] audio packet pts: 210944, audio_pkt_size=351
[2026-03-19 12:10:35.800] [info] [thread 28368] audio.nb_samples=1024, channels=2, channel_layout=stereo, format=8, sample_rate=44100
[2026-03-19 12:10:35.800] [info] [thread 28368] audio frame data pointers: data[0]=0x21916f96e40, data[1]=0x21916f9b500
[2026-03-19 12:10:35.808] [info] [thread 31788] read_thread loop: ret=0, pkt->stream_index=0, audioq.size=20838, videoq.size=645503, eof=0
[2026-03-19 12:10:35.809] [info] [thread 31788] audio_stream: 1, video_stream: 0
[2026-03-19 12:10:35.809] [info] [thread 31788] read_thread loop: ret=0, pkt->stream_index=0, audioq.size=20838, videoq.size=651197, eof=0
[2026-03-19 12:10:35.810] [info] [thread 31788] audio_stream: 1, video_stream: 0
[2026-03-19 12:10:35.810] [info] [thread 31788] read_thread loop: ret=0, pkt->stream_index=1, audioq.size=20838, videoq.size=657094, eof=0
[2026-03-19 12:10:35.811] [info] [thread 31788] audio_stream: 1, video_stream: 0
[2026-03-19 12:10:35.811] [info] [thread 31788] audio packet pts: 211968, audio_pkt_size=363
[2026-03-19 12:10:35.850] [info] [thread 28368] audio.nb_samples=1024, channels=2, channel_layout=stereo, format=8, sample_rate=44100
[2026-03-19 12:10:35.850] [info] [thread 28368] audio frame data pointers: data[0]=0x21916a5bb00, data[1]=0x21916f98e80
[2026-03-19 12:10:35.853] [info] [thread 31788] read_thread loop: ret=0, pkt->stream_index=0, audioq.size=20797, videoq.size=640879, eof=0
[2026-03-19 12:10:35.853] [info] [thread 31788] audio_stream: 1, video_stream: 0
[2026-03-19 12:10:35.854] [info] [thread 31788] read_thread loop: ret=0, pkt->stream_index=1, audioq.size=20797, videoq.size=658697, eof=0
[2026-03-19 12:10:35.854] [info] [thread 31788] audio_stream: 1, video_stream: 0
[2026-03-19 12:10:35.855] [info] [thread 31788] audio packet pts: 212992, audio_pkt_size=361
[2026-03-19 12:10:35.890] [info] [thread 28368] audio.nb_samples=1024, channels=2, channel_layout=stereo, format=8, sample_rate=44100
[2026-03-19 12:10:35.891] [info] [thread 28368] audio frame data pointers: data[0]=0x21916a5db80, data[1]=0x2191427f980
[2026-03-19 12:10:35.898] [info] [thread 31788] read_thread loop: ret=0, pkt->stream_index=0, audioq.size=20750, videoq.size=645083, eof=0
[2026-03-19 12:10:35.899] [info] [thread 31788] audio_stream: 1, video_stream: 0
[2026-03-19 12:10:35.899] [info] [thread 31788] read_thread loop: ret=0, pkt->stream_index=1, audioq.size=20750, videoq.size=653725, eof=0
[2026-03-19 12:10:35.900] [info] [thread 31788] audio_stream: 1, video_stream: 0
[2026-03-19 12:10:35.900] [info] [thread 31788] audio packet pts: 214016, audio_pkt_size=367
[2026-03-19 12:10:35.940] [info] [thread 28368] audio.nb_samples=1024, channels=2, channel_layout=stereo, format=8, sample_rate=44100
[2026-03-19 12:10:35.941] [info] [thread 28368] audio frame data pointers: data[0]=0x21914279380, data[1]=0x2191427b580
[2026-03-19 12:10:35.943] [info] [thread 31788] read_thread loop: ret=0, pkt->stream_index=0, audioq.size=20717, videoq.size=648715, eof=0
[2026-03-19 12:10:35.943] [info] [thread 31788] audio_stream: 1, video_stream: 0
[2026-03-19 12:10:35.944] [info] [thread 31788] read_thread loop: ret=0, pkt->stream_index=0, audioq.size=20717, videoq.size=655728, eof=0
[2026-03-19 12:10:35.944] [info] [thread 31788] audio_stream: 1, video_stream: 0
[2026-03-19 12:10:35.944] [info] [thread 31788] read_thread loop: ret=0, pkt->stream_index=1, audioq.size=20717, videoq.size=660528, eof=0
[2026-03-19 12:10:35.945] [info] [thread 31788] audio_stream: 1, video_stream: 0
[2026-03-19 12:10:35.945] [info] [thread 31788] audio packet pts: 215040, audio_pkt_size=360
[2026-03-19 12:10:35.990] [info] [thread 28368] audio.nb_samples=1024, channels=2, channel_layout=stereo, format=8, sample_rate=44100
[2026-03-19 12:10:35.990] [info] [thread 28368] audio frame data pointers: data[0]=0x21914281bc0, data[1]=0x21914283dc0
[2026-03-19 12:10:35.998] [info] [thread 31788] read_thread loop: ret=0, pkt->stream_index=0, audioq.size=20686, videoq.size=636774, eof=0
[2026-03-19 12:10:35.999] [info] [thread 31788] audio_stream: 1, video_stream: 0
[2026-03-19 12:10:35.999] [info] [thread 31788] read_thread loop: ret=0, pkt->stream_index=1, audioq.size=20686, videoq.size=650639, eof=0
[2026-03-19 12:10:36.000] [info] [thread 31788] audio_stream: 1, video_stream: 0
[2026-03-19 12:10:36.000] [info] [thread 31788] audio packet pts: 216064, audio_pkt_size=373
[2026-03-19 12:10:36.030] [info] [thread 28368] audio.nb_samples=1024, channels=2, channel_layout=stereo, format=8, sample_rate=44100
[2026-03-19 12:10:36.031] [info] [thread 28368] audio frame data pointers: data[0]=0x2191427d780, data[1]=0x21914285fc0
[2026-03-19 12:10:36.042] [info] [thread 31788] read_thread loop: ret=0, pkt->stream_index=0, audioq.size=20666, videoq.size=645983, eof=0
[2026-03-19 12:10:36.043] [info] [thread 31788] audio_stream: 1, video_stream: 0
[2026-03-19 12:10:36.043] [info] [thread 31788] read_thread loop: ret=0, pkt->stream_index=0, audioq.size=20666, videoq.size=653621, eof=0
[2026-03-19 12:10:36.044] [info] [thread 31788] audio_stream: 1, video_stream: 0
[2026-03-19 12:10:36.044] [info] [thread 31788] read_thread loop: ret=0, pkt->stream_index=1, audioq.size=20666, videoq.size=658404, eof=0
[2026-03-19 12:10:36.044] [info] [thread 31788] audio_stream: 1, video_stream: 0
[2026-03-19 12:10:36.044] [info] [thread 31788] audio packet pts: 217088, audio_pkt_size=370
[2026-03-19 12:10:36.080] [info] [thread 28368] audio.nb_samples=1024, channels=2, channel_layout=stereo, format=8, sample_rate=44100
[2026-03-19 12:10:36.080] [info] [thread 28368] audio frame data pointers: data[0]=0x219142881c0, data[1]=0x2191428c600
[2026-03-19 12:10:36.088] [info] [thread 31788] read_thread loop: ret=0, pkt->stream_index=0, audioq.size=20668, videoq.size=652828, eof=0
[2026-03-19 12:10:36.089] [info] [thread 31788] audio_stream: 1, video_stream: 0
[2026-03-19 12:10:36.089] [info] [thread 31788] read_thread loop: ret=0, pkt->stream_index=1, audioq.size=20668, videoq.size=657475, eof=0
[2026-03-19 12:10:36.090] [info] [thread 31788] audio_stream: 1, video_stream: 0
[2026-03-19 12:10:36.090] [info] [thread 31788] audio packet pts: 218112, audio_pkt_size=357
[2026-03-19 12:10:36.120] [info] [thread 28368] audio.nb_samples=1024, channels=2, channel_layout=stereo, format=8, sample_rate=44100
[2026-03-19 12:10:36.120] [info] [thread 28368] audio frame data pointers: data[0]=0x2191428a400, data[1]=0x21914290a00
[2026-03-19 12:10:36.122] [info] [thread 31788] read_thread loop: ret=0, pkt->stream_index=0, audioq.size=20649, videoq.size=639680, eof=0
[2026-03-19 12:10:36.123] [info] [thread 31788] audio_stream: 1, video_stream: 0
[2026-03-19 12:10:36.123] [info] [thread 31788] read_thread loop: ret=0, pkt->stream_index=1, audioq.size=20649, videoq.size=658452, eof=0
[2026-03-19 12:10:36.123] [info] [thread 31788] audio_stream: 1, video_stream: 0
[2026-03-19 12:10:36.124] [info] [thread 31788] audio packet pts: 219136, audio_pkt_size=375
[2026-03-19 12:10:36.170] [info] [thread 28368] audio.nb_samples=1024, channels=2, channel_layout=stereo, format=8, sample_rate=44100
[2026-03-19 12:10:36.170] [info] [thread 28368] audio frame data pointers: data[0]=0x2191478a0c0, data[1]=0x21914788040
[2026-03-19 12:10:36.176] [info] [thread 31788] read_thread loop: ret=0, pkt->stream_index=0, audioq.size=20657, videoq.size=644371, eof=0
[2026-03-19 12:10:36.176] [info] [thread 31788] audio_stream: 1, video_stream: 0
[2026-03-19 12:10:36.177] [info] [thread 31788] read_thread loop: ret=0, pkt->stream_index=0, audioq.size=20657, videoq.size=653156, eof=0
[2026-03-19 12:10:36.177] [info] [thread 31788] audio_stream: 1, video_stream: 0
[2026-03-19 12:10:36.178] [info] [thread 31788] read_thread loop: ret=0, pkt->stream_index=1, audioq.size=20657, videoq.size=658982, eof=0
[2026-03-19 12:10:36.178] [info] [thread 31788] audio_stream: 1, video_stream: 0
[2026-03-19 12:10:36.178] [info] [thread 31788] audio packet pts: 220160, audio_pkt_size=409
[2026-03-19 12:10:36.220] [info] [thread 28368] audio.nb_samples=1024, channels=2, channel_layout=stereo, format=8, sample_rate=44100
[2026-03-19 12:10:36.220] [info] [thread 28368] audio frame data pointers: data[0]=0x21916f92a00, data[1]=0x21916b27480
[2026-03-19 12:10:36.230] [info] [thread 31788] read_thread loop: ret=0, pkt->stream_index=0, audioq.size=20718, videoq.size=636498, eof=0
[2026-03-19 12:10:36.231] [info] [thread 31788] audio_stream: 1, video_stream: 0
[2026-03-19 12:10:36.231] [info] [thread 31788] read_thread loop: ret=0, pkt->stream_index=1, audioq.size=20718, videoq.size=642197, eof=0
[2026-03-19 12:10:36.232] [info] [thread 31788] audio_stream: 1, video_stream: 0
[2026-03-19 12:10:36.232] [info] [thread 31788] audio packet pts: 221184, audio_pkt_size=424
[2026-03-19 12:10:36.260] [info] [thread 28368] audio.nb_samples=1024, channels=2, channel_layout=stereo, format=8, sample_rate=44100
[2026-03-19 12:10:36.260] [info] [thread 28368] audio frame data pointers: data[0]=0x21916f9b500, data[1]=0x21916f96e40
[2026-03-19 12:10:36.275] [info] [thread 31788] read_thread loop: ret=0, pkt->stream_index=0, audioq.size=20780, videoq.size=633073, eof=0
[2026-03-19 12:10:36.275] [info] [thread 31788] audio_stream: 1, video_stream: 0
[2026-03-19 12:10:36.275] [info] [thread 31788] read_thread loop: ret=0, pkt->stream_index=0, audioq.size=20780, videoq.size=648773, eof=0
[2026-03-19 12:10:36.275] [info] [thread 31788] audio_stream: 1, video_stream: 0
[2026-03-19 12:10:36.276] [info] [thread 31788] read_thread loop: ret=0, pkt->stream_index=1, audioq.size=20780, videoq.size=657764, eof=0
[2026-03-19 12:10:36.276] [info] [thread 31788] audio_stream: 1, video_stream: 0
[2026-03-19 12:10:36.276] [info] [thread 31788] audio packet pts: 222208, audio_pkt_size=364
[2026-03-19 12:10:36.310] [info] [thread 28368] audio.nb_samples=1024, channels=2, channel_layout=stereo, format=8, sample_rate=44100
[2026-03-19 12:10:36.310] [info] [thread 28368] audio frame data pointers: data[0]=0x21916f98e80, data[1]=0x21916a5bb00
[2026-03-19 12:10:36.319] [info] [thread 31788] read_thread loop: ret=0, pkt->stream_index=0, audioq.size=20800, videoq.size=652848, eof=0
[2026-03-19 12:10:36.319] [info] [thread 31788] audio_stream: 1, video_stream: 0
[2026-03-19 12:10:36.320] [info] [thread 31788] read_thread loop: ret=0, pkt->stream_index=1, audioq.size=20800, videoq.size=657787, eof=0
[2026-03-19 12:10:36.320] [info] [thread 31788] audio_stream: 1, video_stream: 0
[2026-03-19 12:10:36.320] [info] [thread 31788] audio packet pts: 223232, audio_pkt_size=343
[2026-03-19 12:10:36.360] [info] [thread 28368] audio.nb_samples=1024, channels=2, channel_layout=stereo, format=8, sample_rate=44100
[2026-03-19 12:10:36.360] [info] [thread 28368] audio frame data pointers: data[0]=0x2191427f980, data[1]=0x21916a5db80
[2026-03-19 12:10:36.373] [info] [thread 31788] read_thread loop: ret=0, pkt->stream_index=0, audioq.size=20811, videoq.size=631988, eof=0
[2026-03-19 12:10:36.373] [info] [thread 31788] audio_stream: 1, video_stream: 0
[2026-03-19 12:10:36.373] [info] [thread 31788] read_thread loop: ret=0, pkt->stream_index=1, audioq.size=20811, videoq.size=638877, eof=0
[2026-03-19 12:10:36.374] [info] [thread 31788] audio_stream: 1, video_stream: 0
[2026-03-19 12:10:36.374] [info] [thread 31788] audio packet pts: 224256, audio_pkt_size=360
[2026-03-19 12:10:36.400] [info] [thread 28368] audio.nb_samples=1024, channels=2, channel_layout=stereo, format=8, sample_rate=44100
[2026-03-19 12:10:36.400] [info] [thread 28368] audio frame data pointers: data[0]=0x2191427b580, data[1]=0x21914279380
[2026-03-19 12:10:36.417] [info] [thread 31788] read_thread loop: ret=0, pkt->stream_index=0, audioq.size=20816, videoq.size=627890, eof=0
[2026-03-19 12:10:36.417] [info] [thread 31788] audio_stream: 1, video_stream: 0
[2026-03-19 12:10:36.418] [info] [thread 31788] read_thread loop: ret=0, pkt->stream_index=0, audioq.size=20816, videoq.size=645527, eof=0
[2026-03-19 12:10:36.418] [info] [thread 31788] audio_stream: 1, video_stream: 0
[2026-03-19 12:10:36.419] [info] [thread 31788] read_thread loop: ret=0, pkt->stream_index=1, audioq.size=20816, videoq.size=655553, eof=0
[2026-03-19 12:10:36.419] [info] [thread 31788] audio_stream: 1, video_stream: 0
[2026-03-19 12:10:36.419] [info] [thread 31788] audio packet pts: 225280, audio_pkt_size=441
[2026-03-19 12:10:36.450] [info] [thread 28368] audio.nb_samples=1024, channels=2, channel_layout=stereo, format=8, sample_rate=44100
[2026-03-19 12:10:36.450] [info] [thread 31788] read_thread loop: ret=0, pkt->stream_index=0, audioq.size=20916, videoq.size=649323, eof=0
[2026-03-19 12:10:36.450] [info] [thread 28368] audio frame data pointers: data[0]=0x21914283dc0, data[1]=0x21914281bc0
[2026-03-19 12:10:36.450] [info] [thread 31788] audio_stream: 1, video_stream: 0
[2026-03-19 12:10:36.451] [info] [thread 31788] read_thread loop: ret=0, pkt->stream_index=1, audioq.size=20916, videoq.size=657115, eof=0
[2026-03-19 12:10:36.451] [info] [thread 31788] audio_stream: 1, video_stream: 0
[2026-03-19 12:10:36.451] [info] [thread 31788] audio packet pts: 226304, audio_pkt_size=342
[2026-03-19 12:10:36.500] [info] [thread 28368] audio.nb_samples=1024, channels=2, channel_layout=stereo, format=8, sample_rate=44100
[2026-03-19 12:10:36.500] [info] [thread 28368] audio frame data pointers: data[0]=0x21914285fc0, data[1]=0x2191427d780
[2026-03-19 12:10:36.504] [info] [thread 31788] read_thread loop: ret=0, pkt->stream_index=0, audioq.size=20910, videoq.size=636555, eof=0
[2026-03-19 12:10:36.505] [info] [thread 31788] audio_stream: 1, video_stream: 0
[2026-03-19 12:10:36.506] [info] [thread 31788] read_thread loop: ret=0, pkt->stream_index=1, audioq.size=20910, videoq.size=642889, eof=0
[2026-03-19 12:10:36.506] [info] [thread 31788] audio_stream: 1, video_stream: 0
[2026-03-19 12:10:36.506] [info] [thread 31788] audio packet pts: 227328, audio_pkt_size=356
[2026-03-19 12:10:36.540] [info] [thread 28368] audio.nb_samples=1024, channels=2, channel_layout=stereo, format=8, sample_rate=44100
[2026-03-19 12:10:36.540] [info] [thread 28368] audio frame data pointers: data[0]=0x2191428c600, data[1]=0x219142881c0
[2026-03-19 12:10:36.557] [info] [thread 31788] read_thread loop: ret=0, pkt->stream_index=0, audioq.size=20872, videoq.size=634805, eof=0
[2026-03-19 12:10:36.557] [info] [thread 31788] audio_stream: 1, video_stream: 0
[2026-03-19 12:10:36.558] [info] [thread 31788] read_thread loop: ret=0, pkt->stream_index=0, audioq.size=20872, videoq.size=640743, eof=0
[2026-03-19 12:10:36.558] [info] [thread 31788] audio_stream: 1, video_stream: 0
[2026-03-19 12:10:36.559] [info] [thread 31788] read_thread loop: ret=0, pkt->stream_index=1, audioq.size=20872, videoq.size=646973, eof=0
[2026-03-19 12:10:36.559] [info] [thread 31788] audio_stream: 1, video_stream: 0
[2026-03-19 12:10:36.559] [info] [thread 31788] audio packet pts: 228352, audio_pkt_size=467
[2026-03-19 12:10:36.590] [info] [thread 28368] audio.nb_samples=1024, channels=2, channel_layout=stereo, format=8, sample_rate=44100
[2026-03-19 12:10:36.590] [info] [thread 28368] audio frame data pointers: data[0]=0x21914290a00, data[1]=0x2191428a400
[2026-03-19 12:10:36.591] [info] [thread 31788] read_thread loop: ret=0, pkt->stream_index=0, audioq.size=21008, videoq.size=646973, eof=0
[2026-03-19 12:10:36.592] [info] [thread 31788] audio_stream: 1, video_stream: 0
[2026-03-19 12:10:36.592] [info] [thread 31788] read_thread loop: ret=0, pkt->stream_index=1, audioq.size=21008, videoq.size=606334, eof=0
[2026-03-19 12:10:36.593] [info] [thread 31788] audio_stream: 1, video_stream: 0
[2026-03-19 12:10:36.593] [info] [thread 31788] audio packet pts: 229376, audio_pkt_size=448
[2026-03-19 12:10:36.640] [info] [thread 28368] audio.nb_samples=1024, channels=2, channel_layout=stereo, format=8, sample_rate=44100
[2026-03-19 12:10:36.640] [info] [thread 28368] audio frame data pointers: data[0]=0x21914788040, data[1]=0x2191478a0c0
[2026-03-19 12:10:36.646] [info] [thread 31788] read_thread loop: ret=0, pkt->stream_index=0, audioq.size=21107, videoq.size=588064, eof=0
[2026-03-19 12:10:36.646] [info] [thread 31788] audio_stream: 1, video_stream: 0
[2026-03-19 12:10:36.646] [info] [thread 31788] read_thread loop: ret=0, pkt->stream_index=0, audioq.size=21107, videoq.size=604732, eof=0
[2026-03-19 12:10:36.647] [info] [thread 31788] audio_stream: 1, video_stream: 0
[2026-03-19 12:10:36.647] [info] [thread 31788] read_thread loop: ret=0, pkt->stream_index=1, audioq.size=21107, videoq.size=616492, eof=0
[2026-03-19 12:10:36.647] [info] [thread 31788] audio_stream: 1, video_stream: 0
[2026-03-19 12:10:36.647] [info] [thread 31788] audio packet pts: 230400, audio_pkt_size=414
[2026-03-19 12:10:36.680] [info] [thread 28368] audio.nb_samples=1024, channels=2, channel_layout=stereo, format=8, sample_rate=44100
[2026-03-19 12:10:36.680] [info] [thread 28368] audio frame data pointers: data[0]=0x21916b27480, data[1]=0x21916f92a00
[2026-03-19 12:10:36.700] [info] [thread 31788] read_thread loop: ret=0, pkt->stream_index=0, audioq.size=21190, videoq.size=600775, eof=0
[2026-03-19 12:10:36.700] [info] [thread 31788] audio_stream: 1, video_stream: 0
[2026-03-19 12:10:36.701] [info] [thread 31788] read_thread loop: ret=0, pkt->stream_index=1, audioq.size=21190, videoq.size=609321, eof=0
[2026-03-19 12:10:36.701] [info] [thread 31788] audio_stream: 1, video_stream: 0
[2026-03-19 12:10:36.702] [info] [thread 31788] audio packet pts: 231424, audio_pkt_size=328
[2026-03-19 12:10:36.730] [info] [thread 28368] audio.nb_samples=1024, channels=2, channel_layout=stereo, format=8, sample_rate=44100
[2026-03-19 12:10:36.730] [info] [thread 28368] audio frame data pointers: data[0]=0x21916f96e40, data[1]=0x21916f9b500
[2026-03-19 12:10:36.743] [info] [thread 31788] read_thread loop: ret=0, pkt->stream_index=0, audioq.size=21161, videoq.size=602840, eof=0
[2026-03-19 12:10:36.743] [info] [thread 31788] audio_stream: 1, video_stream: 0
[2026-03-19 12:10:36.743] [info] [thread 31788] read_thread loop: ret=0, pkt->stream_index=1, audioq.size=21161, videoq.size=609825, eof=0
[2026-03-19 12:10:36.744] [info] [thread 31788] audio_stream: 1, video_stream: 0
[2026-03-19 12:10:36.744] [info] [thread 31788] audio packet pts: 232448, audio_pkt_size=333
[2026-03-19 12:10:36.770] [info] [thread 28368] audio.nb_samples=1024, channels=2, channel_layout=stereo, format=8, sample_rate=44100
[2026-03-19 12:10:36.770] [info] [thread 28368] audio frame data pointers: data[0]=0x21916a5bb00, data[1]=0x21916f98e80
[2026-03-19 12:10:36.774] [info] [thread 31788] read_thread loop: ret=0, pkt->stream_index=0, audioq.size=21133, videoq.size=591382, eof=0
[2026-03-19 12:10:36.775] [info] [thread 31788] audio_stream: 1, video_stream: 0
[2026-03-19 12:10:36.775] [info] [thread 31788] read_thread loop: ret=0, pkt->stream_index=0, audioq.size=21133, videoq.size=610156, eof=0
[2026-03-19 12:10:36.776] [info] [thread 31788] audio_stream: 1, video_stream: 0
[2026-03-19 12:10:36.776] [info] [thread 31788] read_thread loop: ret=0, pkt->stream_index=1, audioq.size=21133, videoq.size=621605, eof=0
[2026-03-19 12:10:36.776] [info] [thread 31788] audio_stream: 1, video_stream: 0
[2026-03-19 12:10:36.776] [info] [thread 31788] audio packet pts: 233472, audio_pkt_size=333
[2026-03-19 12:10:36.820] [info] [thread 28368] audio.nb_samples=1024, channels=2, channel_layout=stereo, format=8, sample_rate=44100
[2026-03-19 12:10:36.820] [info] [thread 28368] audio frame data pointers: data[0]=0x21916a5db80, data[1]=0x2191427f980
[2026-03-19 12:10:36.840] [info] [thread 31788] read_thread loop: ret=0, pkt->stream_index=0, audioq.size=21118, videoq.size=605440, eof=0
[2026-03-19 12:10:36.840] [info] [thread 31788] audio_stream: 1, video_stream: 0
[2026-03-19 12:10:36.841] [info] [thread 31788] read_thread loop: ret=0, pkt->stream_index=1, audioq.size=21118, videoq.size=612570, eof=0
[2026-03-19 12:10:36.841] [info] [thread 31788] audio_stream: 1, video_stream: 0
[2026-03-19 12:10:36.841] [info] [thread 31788] audio packet pts: 234496, audio_pkt_size=345
[2026-03-19 12:10:36.870] [info] [thread 28368] audio.nb_samples=1024, channels=2, channel_layout=stereo, format=8, sample_rate=44100
[2026-03-19 12:10:36.870] [info] [thread 28368] audio frame data pointers: data[0]=0x21914279380, data[1]=0x2191427b580
[2026-03-19 12:10:36.873] [info] [thread 31788] read_thread loop: ret=0, pkt->stream_index=0, audioq.size=21112, videoq.size=606701, eof=0
[2026-03-19 12:10:36.873] [info] [thread 31788] audio_stream: 1, video_stream: 0
[2026-03-19 12:10:36.873] [info] [thread 31788] read_thread loop: ret=0, pkt->stream_index=0, audioq.size=21112, videoq.size=614403, eof=0
[2026-03-19 12:10:36.873] [info] [thread 31788] audio_stream: 1, video_stream: 0
[2026-03-19 12:10:36.874] [info] [thread 31788] read_thread loop: ret=0, pkt->stream_index=1, audioq.size=21112, videoq.size=629724, eof=0
[2026-03-19 12:10:36.874] [info] [thread 31788] audio_stream: 1, video_stream: 0
[2026-03-19 12:10:36.875] [info] [thread 31788] audio packet pts: 235520, audio_pkt_size=339
[2026-03-19 12:10:36.910] [info] [thread 28368] audio.nb_samples=1024, channels=2, channel_layout=stereo, format=8, sample_rate=44100
[2026-03-19 12:10:36.910] [info] [thread 28368] audio frame data pointers: data[0]=0x21914281bc0, data[1]=0x21914283dc0
[2026-03-19 12:10:36.919] [info] [thread 31788] read_thread loop: ret=0, pkt->stream_index=0, audioq.size=21090, videoq.size=612288, eof=0
[2026-03-19 12:10:36.920] [info] [thread 31788] audio_stream: 1, video_stream: 0
[2026-03-19 12:10:36.921] [info] [thread 31788] read_thread loop: ret=0, pkt->stream_index=1, audioq.size=21090, videoq.size=617021, eof=0
[2026-03-19 12:10:36.921] [info] [thread 31788] audio_stream: 1, video_stream: 0
[2026-03-19 12:10:36.922] [info] [thread 31788] audio packet pts: 236544, audio_pkt_size=357
[2026-03-19 12:10:36.960] [info] [thread 28368] audio.nb_samples=1024, channels=2, channel_layout=stereo, format=8, sample_rate=44100
[2026-03-19 12:10:36.960] [info] [thread 28368] audio frame data pointers: data[0]=0x2191427d780, data[1]=0x21914285fc0
[2026-03-19 12:10:36.965] [info] [thread 31788] read_thread loop: ret=0, pkt->stream_index=0, audioq.size=21085, videoq.size=603617, eof=0
[2026-03-19 12:10:36.966] [info] [thread 31788] audio_stream: 1, video_stream: 0
[2026-03-19 12:10:36.967] [info] [thread 31788] read_thread loop: ret=0, pkt->stream_index=1, audioq.size=21085, videoq.size=607766, eof=0
[2026-03-19 12:10:36.967] [info] [thread 31788] audio_stream: 1, video_stream: 0
[2026-03-19 12:10:36.967] [info] [thread 31788] audio packet pts: 237568, audio_pkt_size=355
[2026-03-19 12:10:37.010] [info] [thread 28368] audio.nb_samples=1024, channels=2, channel_layout=stereo, format=8, sample_rate=44100
[2026-03-19 12:10:37.010] [info] [thread 31788] read_thread loop: ret=0, pkt->stream_index=0, audioq.size=21080, videoq.size=602541, eof=0
[2026-03-19 12:10:37.010] [info] [thread 28368] audio frame data pointers: data[0]=0x219142881c0, data[1]=0x2191428c600
[2026-03-19 12:10:37.011] [info] [thread 31788] audio_stream: 1, video_stream: 0
[2026-03-19 12:10:37.012] [info] [thread 31788] read_thread loop: ret=0, pkt->stream_index=0, audioq.size=21080, videoq.size=604507, eof=0
[2026-03-19 12:10:37.012] [info] [thread 31788] audio_stream: 1, video_stream: 0
[2026-03-19 12:10:37.013] [info] [thread 31788] read_thread loop: ret=0, pkt->stream_index=1, audioq.size=21080, videoq.size=613131, eof=0
[2026-03-19 12:10:37.014] [info] [thread 31788] audio_stream: 1, video_stream: 0
[2026-03-19 12:10:37.014] [info] [thread 31788] audio packet pts: 238592, audio_pkt_size=408
[2026-03-19 12:10:37.050] [info] [thread 28368] audio.nb_samples=1024, channels=2, channel_layout=stereo, format=8, sample_rate=44100
[2026-03-19 12:10:37.050] [info] [thread 28368] audio frame data pointers: data[0]=0x2191428a400, data[1]=0x21914290a00
[2026-03-19 12:10:37.057] [info] [thread 31788] read_thread loop: ret=0, pkt->stream_index=0, audioq.size=21118, videoq.size=595899, eof=0
[2026-03-19 12:10:37.057] [info] [thread 31788] audio_stream: 1, video_stream: 0
[2026-03-19 12:10:37.058] [info] [thread 31788] read_thread loop: ret=0, pkt->stream_index=1, audioq.size=21118, videoq.size=600031, eof=0
[2026-03-19 12:10:37.058] [info] [thread 31788] audio_stream: 1, video_stream: 0
[2026-03-19 12:10:37.060] [info] [thread 31788] audio packet pts: 239616, audio_pkt_size=429
[2026-03-19 12:10:37.100] [info] [thread 28368] audio.nb_samples=1024, channels=2, channel_layout=stereo, format=8, sample_rate=44100
[2026-03-19 12:10:37.100] [info] [thread 28368] audio frame data pointers: data[0]=0x2191478a0c0, data[1]=0x21914788040
[2026-03-19 12:10:37.103] [info] [thread 31788] read_thread loop: ret=0, pkt->stream_index=0, audioq.size=21186, videoq.size=586354, eof=0
[2026-03-19 12:10:37.103] [info] [thread 31788] audio_stream: 1, video_stream: 0
[2026-03-19 12:10:37.103] [info] [thread 31788] read_thread loop: ret=0, pkt->stream_index=0, audioq.size=21186, videoq.size=588723, eof=0
[2026-03-19 12:10:37.103] [info] [thread 31788] audio_stream: 1, video_stream: 0
[2026-03-19 12:10:37.104] [info] [thread 31788] read_thread loop: ret=0, pkt->stream_index=1, audioq.size=21186, videoq.size=591171, eof=0
[2026-03-19 12:10:37.104] [info] [thread 31788] audio_stream: 1, video_stream: 0
[2026-03-19 12:10:37.104] [info] [thread 31788] audio packet pts: 240640, audio_pkt_size=344
[2026-03-19 12:10:37.150] [info] [thread 28368] audio.nb_samples=1024, channels=2, channel_layout=stereo, format=8, sample_rate=44100
[2026-03-19 12:10:37.150] [info] [thread 28368] audio frame data pointers: data[0]=0x21916f92a00, data[1]=0x21916b27480
[2026-03-19 12:10:37.167] [info] [thread 31788] read_thread loop: ret=0, pkt->stream_index=0, audioq.size=21137, videoq.size=567254, eof=0
[2026-03-19 12:10:37.168] [info] [thread 31788] audio_stream: 1, video_stream: 0
[2026-03-19 12:10:37.168] [info] [thread 31788] read_thread loop: ret=0, pkt->stream_index=1, audioq.size=21137, videoq.size=579008, eof=0
[2026-03-19 12:10:37.168] [info] [thread 31788] audio_stream: 1, video_stream: 0
[2026-03-19 12:10:37.168] [info] [thread 31788] audio packet pts: 241664, audio_pkt_size=349
[2026-03-19 12:10:37.190] [info] [thread 28368] audio.nb_samples=1024, channels=2, channel_layout=stereo, format=8, sample_rate=44100
[2026-03-19 12:10:37.190] [info] [thread 28368] audio frame data pointers: data[0]=0x21916f9b500, data[1]=0x21916f96e40
[2026-03-19 12:10:37.198] [info] [thread 31788] read_thread loop: ret=0, pkt->stream_index=0, audioq.size=21139, videoq.size=568861, eof=0
[2026-03-19 12:10:37.199] [info] [thread 31788] audio_stream: 1, video_stream: 0
[2026-03-19 12:10:37.199] [info] [thread 31788] read_thread loop: ret=0, pkt->stream_index=1, audioq.size=21139, videoq.size=573852, eof=0
[2026-03-19 12:10:37.199] [info] [thread 31788] audio_stream: 1, video_stream: 0
[2026-03-19 12:10:37.199] [info] [thread 31788] audio packet pts: 242688, audio_pkt_size=351
[2026-03-19 12:10:37.240] [info] [thread 28368] audio.nb_samples=1024, channels=2, channel_layout=stereo, format=8, sample_rate=44100
[2026-03-19 12:10:37.240] [info] [thread 28368] audio frame data pointers: data[0]=0x21916f98e80, data[1]=0x21916a5bb00
[2026-03-19 12:10:37.241] [info] [thread 31788] read_thread loop: ret=0, pkt->stream_index=0, audioq.size=21132, videoq.size=567720, eof=0
[2026-03-19 12:10:37.241] [info] [thread 31788] audio_stream: 1, video_stream: 0
[2026-03-19 12:10:37.242] [info] [thread 31788] read_thread loop: ret=0, pkt->stream_index=0, audioq.size=21132, videoq.size=570448, eof=0
[2026-03-19 12:10:37.242] [info] [thread 31788] audio_stream: 1, video_stream: 0
[2026-03-19 12:10:37.242] [info] [thread 31788] read_thread loop: ret=0, pkt->stream_index=1, audioq.size=21132, videoq.size=573917, eof=0
[2026-03-19 12:10:37.242] [info] [thread 31788] audio_stream: 1, video_stream: 0
[2026-03-19 12:10:37.242] [info] [thread 31788] audio packet pts: 243712, audio_pkt_size=353
[2026-03-19 12:10:37.290] [info] [thread 28368] audio.nb_samples=1024, channels=2, channel_layout=stereo, format=8, sample_rate=44100
[2026-03-19 12:10:37.290] [info] [thread 28368] audio frame data pointers: data[0]=0x2191427f980, data[1]=0x21916a5db80
[2026-03-19 12:10:37.305] [info] [thread 31788] read_thread loop: ret=0, pkt->stream_index=0, audioq.size=21073, videoq.size=550095, eof=0
[2026-03-19 12:10:37.305] [info] [thread 31788] audio_stream: 1, video_stream: 0
[2026-03-19 12:10:37.305] [info] [thread 31788] read_thread loop: ret=0, pkt->stream_index=1, audioq.size=21073, videoq.size=563011, eof=0
[2026-03-19 12:10:37.306] [info] [thread 31788] audio_stream: 1, video_stream: 0
[2026-03-19 12:10:37.306] [info] [thread 31788] audio packet pts: 244736, audio_pkt_size=351
[2026-03-19 12:10:37.330] [info] [thread 28368] audio.nb_samples=1024, channels=2, channel_layout=stereo, format=8, sample_rate=44100
[2026-03-19 12:10:37.330] [info] [thread 28368] audio frame data pointers: data[0]=0x2191427b580, data[1]=0x21914279380
[2026-03-19 12:10:37.337] [info] [thread 31788] read_thread loop: ret=0, pkt->stream_index=0, audioq.size=21067, videoq.size=554088, eof=0
[2026-03-19 12:10:37.337] [info] [thread 31788] audio_stream: 1, video_stream: 0
[2026-03-19 12:10:37.337] [info] [thread 31788] read_thread loop: ret=0, pkt->stream_index=0, audioq.size=21067, videoq.size=561289, eof=0
[2026-03-19 12:10:37.337] [info] [thread 31788] audio_stream: 1, video_stream: 0
[2026-03-19 12:10:37.338] [info] [thread 31788] read_thread loop: ret=0, pkt->stream_index=1, audioq.size=21067, videoq.size=565625, eof=0
[2026-03-19 12:10:37.338] [info] [thread 31788] audio_stream: 1, video_stream: 0
[2026-03-19 12:10:37.338] [info] [thread 31788] audio packet pts: 245760, audio_pkt_size=355
[2026-03-19 12:10:37.380] [info] [thread 28368] audio.nb_samples=1024, channels=2, channel_layout=stereo, format=8, sample_rate=44100
[2026-03-19 12:10:37.380] [info] [thread 31788] read_thread loop: ret=0, pkt->stream_index=0, audioq.size=21073, videoq.size=558392, eof=0
[2026-03-19 12:10:37.380] [info] [thread 28368] audio frame data pointers: data[0]=0x21914283dc0, data[1]=0x21914281bc0
[2026-03-19 12:10:37.380] [info] [thread 31788] audio_stream: 1, video_stream: 0
[2026-03-19 12:10:37.380] [info] [thread 31788] read_thread loop: ret=0, pkt->stream_index=1, audioq.size=21073, videoq.size=563266, eof=0
[2026-03-19 12:10:37.381] [info] [thread 31788] audio_stream: 1, video_stream: 0
[2026-03-19 12:10:37.381] [info] [thread 31788] audio packet pts: 246784, audio_pkt_size=355
[2026-03-19 12:10:37.420] [info] [thread 28368] audio.nb_samples=1024, channels=2, channel_layout=stereo, format=8, sample_rate=44100
[2026-03-19 12:10:37.424] [info] [thread 28368] audio frame data pointers: data[0]=0x21914285fc0, data[1]=0x2191427d780
[2026-03-19 12:10:37.433] [info] [thread 31788] read_thread loop: ret=0, pkt->stream_index=0, audioq.size=21080, videoq.size=536845, eof=0
[2026-03-19 12:10:37.434] [info] [thread 31788] audio_stream: 1, video_stream: 0
[2026-03-19 12:10:37.434] [info] [thread 31788] read_thread loop: ret=0, pkt->stream_index=1, audioq.size=21080, videoq.size=552908, eof=0
[2026-03-19 12:10:37.434] [info] [thread 31788] audio_stream: 1, video_stream: 0
[2026-03-19 12:10:37.435] [info] [thread 31788] audio packet pts: 247808, audio_pkt_size=364
[2026-03-19 12:10:37.470] [info] [thread 28368] audio.nb_samples=1024, channels=2, channel_layout=stereo, format=8, sample_rate=44100
[2026-03-19 12:10:37.470] [info] [thread 28368] audio frame data pointers: data[0]=0x2191428c600, data[1]=0x219142881c0
[2026-03-19 12:10:37.477] [info] [thread 31788] read_thread loop: ret=0, pkt->stream_index=0, audioq.size=21090, videoq.size=543722, eof=0
[2026-03-19 12:10:37.520] [info] [thread 28368] audio.nb_samples=1024, channels=2, channel_layout=stereo, format=8, sample_rate=44100
[2026-03-19 12:10:37.724] [info] [thread 31788] audio_stream: 1, video_stream: 0
[2026-03-19 12:10:37.725] [info] [thread 28368] audio frame data pointers: data[0]=0x21914290a00, data[1]=0x2191428a400
[2026-03-19 12:10:37.725] [info] [thread 31788] read_thread loop: ret=0, pkt->stream_index=0, audioq.size=20603, videoq.size=486045, eof=0
[2026-03-19 12:10:37.725] [info] [thread 31788] audio_stream: 1, video_stream: 0
[2026-03-19 12:10:37.726] [info] [thread 31788] read_thread loop: ret=0, pkt->stream_index=1, audioq.size=20603, videoq.size=491292, eof=0
[2026-03-19 12:10:37.726] [info] [thread 31788] audio_stream: 1, video_stream: 0
[2026-03-19 12:10:37.726] [info] [thread 31788] audio packet pts: 248832, audio_pkt_size=353
[2026-03-19 12:10:37.728] [info] [thread 31788] read_thread loop: ret=0, pkt->stream_index=0, audioq.size=21076, videoq.size=482764, eof=0
[2026-03-19 12:10:37.728] [info] [thread 31788] audio_stream: 1, video_stream: 0
[2026-03-19 12:10:37.728] [info] [thread 31788] read_thread loop: ret=0, pkt->stream_index=1, audioq.size=21076, videoq.size=491378, eof=0
[2026-03-19 12:10:37.729] [info] [thread 31788] audio_stream: 1, video_stream: 0
[2026-03-19 12:10:37.730] [info] [thread 31788] audio packet pts: 249856, audio_pkt_size=458
[2026-03-19 12:10:37.730] [info] [thread 31788] read_thread loop: ret=0, pkt->stream_index=0, audioq.size=21654, videoq.size=491378, eof=0
[2026-03-19 12:10:37.730] [info] [thread 31788] audio_stream: 1, video_stream: 0
[2026-03-19 12:10:37.731] [info] [thread 31788] read_thread loop: ret=0, pkt->stream_index=1, audioq.size=21654, videoq.size=507247, eof=0
[2026-03-19 12:10:37.731] [info] [thread 31788] audio_stream: 1, video_stream: 0
[2026-03-19 12:10:37.731] [info] [thread 31788] audio packet pts: 250880, audio_pkt_size=362
[2026-03-19 12:10:37.731] [info] [thread 31788] read_thread loop: ret=0, pkt->stream_index=0, audioq.size=22136, videoq.size=507247, eof=0
[2026-03-19 12:10:37.732] [info] [thread 31788] audio_stream: 1, video_stream: 0
[2026-03-19 12:10:37.732] [info] [thread 31788] read_thread loop: ret=0, pkt->stream_index=0, audioq.size=22136, videoq.size=517113, eof=0
[2026-03-19 12:10:37.732] [info] [thread 31788] audio_stream: 1, video_stream: 0
[2026-03-19 12:10:37.750] [info] [thread 28368] audio.nb_samples=1024, channels=2, channel_layout=stereo, format=8, sample_rate=44100
[2026-03-19 12:10:37.750] [info] [thread 28368] audio frame data pointers: data[0]=0x21914788040, data[1]=0x2191478a0c0
[2026-03-19 12:10:37.764] [info] [thread 31788] read_thread loop: ret=0, pkt->stream_index=1, audioq.size=21639, videoq.size=520136, eof=0
[2026-03-19 12:10:37.778] [info] [thread 31788] audio_stream: 1, video_stream: 0
[2026-03-19 12:10:37.779] [info] [thread 31788] audio packet pts: 251904, audio_pkt_size=356
[2026-03-19 12:10:37.779] [info] [thread 31788] read_thread loop: ret=0, pkt->stream_index=0, audioq.size=22115, videoq.size=520136, eof=0
[2026-03-19 12:10:37.779] [info] [thread 31788] audio_stream: 1, video_stream: 0
[2026-03-19 12:10:37.800] [info] [thread 28368] audio.nb_samples=1024, channels=2, channel_layout=stereo, format=8, sample_rate=44100
[2026-03-19 12:10:37.800] [info] [thread 28368] audio frame data pointers: data[0]=0x21916b27480, data[1]=0x21916f92a00
[2026-03-19 12:10:37.810] [info] [thread 31788] read_thread loop: ret=0, pkt->stream_index=1, audioq.size=21618, videoq.size=535033, eof=0
[2026-03-19 12:10:37.810] [info] [thread 31788] audio_stream: 1, video_stream: 0
[2026-03-19 12:10:37.810] [info] [thread 31788] audio packet pts: 252928, audio_pkt_size=357
[2026-03-19 12:10:37.810] [info] [thread 31788] read_thread loop: ret=0, pkt->stream_index=0, audioq.size=22095, videoq.size=535033, eof=0
[2026-03-19 12:10:37.811] [info] [thread 31788] audio_stream: 1, video_stream: 0
[2026-03-19 12:10:37.841] [info] [thread 31788] read_thread loop: ret=0, pkt->stream_index=0, audioq.size=22095, videoq.size=528790, eof=0
[2026-03-19 12:10:37.842] [info] [thread 31788] audio_stream: 1, video_stream: 0
[2026-03-19 12:10:37.850] [info] [thread 28368] audio.nb_samples=1024, channels=2, channel_layout=stereo, format=8, sample_rate=44100
[2026-03-19 12:10:37.850] [info] [thread 28368] audio frame data pointers: data[0]=0x21916f96e40, data[1]=0x21916f9b500
[2026-03-19 12:10:37.873] [info] [thread 31788] read_thread loop: ret=0, pkt->stream_index=1, audioq.size=21605, videoq.size=528713, eof=0
[2026-03-19 12:10:37.873] [info] [thread 31788] audio_stream: 1, video_stream: 0
[2026-03-19 12:10:37.873] [info] [thread 31788] audio packet pts: 253952, audio_pkt_size=369
[2026-03-19 12:10:37.874] [info] [thread 31788] read_thread loop: ret=0, pkt->stream_index=0, audioq.size=22094, videoq.size=528713, eof=0
[2026-03-19 12:10:37.874] [info] [thread 31788] audio_stream: 1, video_stream: 0
[2026-03-19 12:10:37.890] [info] [thread 28368] audio.nb_samples=1024, channels=2, channel_layout=stereo, format=8, sample_rate=44100
[2026-03-19 12:10:37.890] [info] [thread 28368] audio frame data pointers: data[0]=0x21916a5bb00, data[1]=0x21916f98e80
[2026-03-19 12:10:37.895] [info] [thread 31788] read_thread loop: ret=0, pkt->stream_index=1, audioq.size=21602, videoq.size=528782, eof=0
[2026-03-19 12:10:37.895] [info] [thread 31788] audio_stream: 1, video_stream: 0
[2026-03-19 12:10:37.896] [info] [thread 31788] audio packet pts: 254976, audio_pkt_size=384
[2026-03-19 12:10:37.896] [info] [thread 31788] read_thread loop: ret=0, pkt->stream_index=0, audioq.size=22106, videoq.size=528782, eof=0
[2026-03-19 12:10:37.896] [info] [thread 31788] audio_stream: 1, video_stream: 0
[2026-03-19 12:10:37.928] [info] [thread 31788] read_thread loop: ret=0, pkt->stream_index=1, audioq.size=22106, videoq.size=540143, eof=0
[2026-03-19 12:10:37.929] [info] [thread 31788] audio_stream: 1, video_stream: 0
[2026-03-19 12:10:37.929] [info] [thread 31788] audio packet pts: 256000, audio_pkt_size=484
[2026-03-19 12:10:37.930] [info] [thread 31788] read_thread loop: ret=0, pkt->stream_index=0, audioq.size=22710, videoq.size=540143, eof=0
[2026-03-19 12:10:37.930] [info] [thread 31788] audio_stream: 1, video_stream: 0
[2026-03-19 12:10:37.940] [info] [thread 28368] audio.nb_samples=1024, channels=2, channel_layout=stereo, format=8, sample_rate=44100
[2026-03-19 12:10:37.940] [info] [thread 28368] audio frame data pointers: data[0]=0x21916a5db80, data[1]=0x2191427f980
[2026-03-19 12:10:37.963] [info] [thread 31788] read_thread loop: ret=0, pkt->stream_index=0, audioq.size=22217, videoq.size=529434, eof=0
[2026-03-19 12:10:37.963] [info] [thread 31788] audio_stream: 1, video_stream: 0
[2026-03-19 12:10:37.990] [info] [thread 28368] audio.nb_samples=1024, channels=2, channel_layout=stereo, format=8, sample_rate=44100
[2026-03-19 12:10:37.990] [info] [thread 28368] audio frame data pointers: data[0]=0x21914279380, data[1]=0x2191427b580
[2026-03-19 12:10:37.994] [info] [thread 31788] read_thread loop: ret=0, pkt->stream_index=1, audioq.size=21746, videoq.size=525652, eof=0
[2026-03-19 12:10:37.994] [info] [thread 31788] audio_stream: 1, video_stream: 0
[2026-03-19 12:10:37.994] [info] [thread 31788] audio packet pts: 257024, audio_pkt_size=448
[2026-03-19 12:10:37.994] [info] [thread 31788] read_thread loop: ret=0, pkt->stream_index=0, audioq.size=22314, videoq.size=525652, eof=0
[2026-03-19 12:10:37.995] [info] [thread 31788] audio_stream: 1, video_stream: 0
[2026-03-19 12:10:38.030] [info] [thread 28368] audio.nb_samples=1024, channels=2, channel_layout=stereo, format=8, sample_rate=44100
[2026-03-19 12:10:38.030] [info] [thread 28368] audio frame data pointers: data[0]=0x21914281bc0, data[1]=0x21914283dc0
[2026-03-19 12:10:38.037] [info] [thread 31788] read_thread loop: ret=0, pkt->stream_index=1, audioq.size=21831, videoq.size=523202, eof=0
[2026-03-19 12:10:38.037] [info] [thread 31788] audio_stream: 1, video_stream: 0
[2026-03-19 12:10:38.037] [info] [thread 31788] audio packet pts: 258048, audio_pkt_size=354
[2026-03-19 12:10:38.038] [info] [thread 31788] read_thread loop: ret=0, pkt->stream_index=0, audioq.size=22305, videoq.size=523202, eof=0
[2026-03-19 12:10:38.038] [info] [thread 31788] audio_stream: 1, video_stream: 0
[2026-03-19 12:10:38.069] [info] [thread 31788] read_thread loop: ret=0, pkt->stream_index=0, audioq.size=22305, videoq.size=536639, eof=0
[2026-03-19 12:10:38.069] [info] [thread 31788] audio_stream: 1, video_stream: 0
[2026-03-19 12:10:38.080] [info] [thread 28368] audio.nb_samples=1024, channels=2, channel_layout=stereo, format=8, sample_rate=44100
[2026-03-19 12:10:38.080] [info] [thread 28368] audio frame data pointers: data[0]=0x2191427d780, data[1]=0x21914285fc0
[2026-03-19 12:10:38.101] [info] [thread 31788] read_thread loop: ret=0, pkt->stream_index=1, audioq.size=21824, videoq.size=530901, eof=0
[2026-03-19 12:10:38.101] [info] [thread 31788] audio_stream: 1, video_stream: 0
[2026-03-19 12:10:38.102] [info] [thread 31788] audio packet pts: 259072, audio_pkt_size=350
[2026-03-19 12:10:38.102] [info] [thread 31788] read_thread loop: ret=0, pkt->stream_index=0, audioq.size=22294, videoq.size=530901, eof=0
[2026-03-19 12:10:38.103] [info] [thread 31788] audio_stream: 1, video_stream: 0
[2026-03-19 12:10:38.130] [info] [thread 28368] audio.nb_samples=1024, channels=2, channel_layout=stereo, format=8, sample_rate=44100
[2026-03-19 12:10:38.130] [info] [thread 28368] audio frame data pointers: data[0]=0x219142881c0, data[1]=0x2191428c600
[2026-03-19 12:10:38.134] [info] [thread 31788] read_thread loop: ret=0, pkt->stream_index=1, audioq.size=21807, videoq.size=528343, eof=0
[2026-03-19 12:10:38.135] [info] [thread 31788] audio_stream: 1, video_stream: 0
[2026-03-19 12:10:38.135] [info] [thread 31788] audio packet pts: 260096, audio_pkt_size=350
[2026-03-19 12:10:38.136] [info] [thread 31788] read_thread loop: ret=0, pkt->stream_index=0, audioq.size=22277, videoq.size=528343, eof=0
[2026-03-19 12:10:38.136] [info] [thread 31788] audio_stream: 1, video_stream: 0
[2026-03-19 12:10:38.168] [info] [thread 31788] read_thread loop: ret=0, pkt->stream_index=1, audioq.size=22277, videoq.size=528411, eof=0
[2026-03-19 12:10:38.168] [info] [thread 31788] audio_stream: 1, video_stream: 0
[2026-03-19 12:10:38.169] [info] [thread 31788] audio packet pts: 261120, audio_pkt_size=355
[2026-03-19 12:10:38.169] [info] [thread 31788] read_thread loop: ret=0, pkt->stream_index=0, audioq.size=22752, videoq.size=528411, eof=0
[2026-03-19 12:10:38.169] [info] [thread 31788] audio_stream: 1, video_stream: 0
[2026-03-19 12:10:38.170] [info] [thread 28368] audio.nb_samples=1024, channels=2, channel_layout=stereo, format=8, sample_rate=44100
[2026-03-19 12:10:38.170] [info] [thread 28368] audio frame data pointers: data[0]=0x2191428a400, data[1]=0x21914290a00
[2026-03-19 12:10:38.201] [info] [thread 31788] read_thread loop: ret=0, pkt->stream_index=0, audioq.size=22272, videoq.size=545184, eof=0
[2026-03-19 12:10:38.201] [info] [thread 31788] audio_stream: 1, video_stream: 0
[2026-03-19 12:10:38.220] [info] [thread 28368] audio.nb_samples=1024, channels=2, channel_layout=stereo, format=8, sample_rate=44100
[2026-03-19 12:10:38.220] [info] [thread 28368] audio frame data pointers: data[0]=0x2191478a0c0, data[1]=0x21914788040
[2026-03-19 12:10:38.245] [info] [thread 31788] read_thread loop: ret=0, pkt->stream_index=1, audioq.size=21779, videoq.size=535915, eof=0
[2026-03-19 12:10:38.245] [info] [thread 31788] audio_stream: 1, video_stream: 0
[2026-03-19 12:10:38.246] [info] [thread 31788] audio packet pts: 262144, audio_pkt_size=334
[2026-03-19 12:10:38.246] [info] [thread 31788] read_thread loop: ret=0, pkt->stream_index=0, audioq.size=22233, videoq.size=535915, eof=0
[2026-03-19 12:10:38.247] [info] [thread 31788] audio_stream: 1, video_stream: 0
[2026-03-19 12:10:38.270] [info] [thread 28368] audio.nb_samples=1024, channels=2, channel_layout=stereo, format=8, sample_rate=44100
[2026-03-19 12:10:38.270] [info] [thread 28368] audio frame data pointers: data[0]=0x21916f92a00, data[1]=0x21916b27480
[2026-03-19 12:10:38.278] [info] [thread 31788] read_thread loop: ret=0, pkt->stream_index=1, audioq.size=21743, videoq.size=533010, eof=0
[2026-03-19 12:10:38.278] [info] [thread 31788] audio_stream: 1, video_stream: 0
[2026-03-19 12:10:38.279] [info] [thread 31788] audio packet pts: 263168, audio_pkt_size=349
[2026-03-19 12:10:38.279] [info] [thread 31788] read_thread loop: ret=0, pkt->stream_index=0, audioq.size=22212, videoq.size=533010, eof=0
[2026-03-19 12:10:38.279] [info] [thread 31788] audio_stream: 1, video_stream: 0
[2026-03-19 12:10:38.310] [info] [thread 28368] audio.nb_samples=1024, channels=2, channel_layout=stereo, format=8, sample_rate=44100
[2026-03-19 12:10:38.310] [info] [thread 28368] audio frame data pointers: data[0]=0x21916f9b500, data[1]=0x21916f96e40
[2026-03-19 12:10:38.310] [info] [thread 31788] read_thread loop: ret=0, pkt->stream_index=0, audioq.size=21735, videoq.size=532969, eof=0
[2026-03-19 12:10:38.311] [info] [thread 31788] audio_stream: 1, video_stream: 0
[2026-03-19 12:10:38.332] [info] [thread 31788] read_thread loop: ret=0, pkt->stream_index=1, audioq.size=21735, videoq.size=546307, eof=0
[2026-03-19 12:10:38.332] [info] [thread 31788] audio_stream: 1, video_stream: 0
[2026-03-19 12:10:38.333] [info] [thread 31788] audio packet pts: 264192, audio_pkt_size=345
[2026-03-19 12:10:38.333] [info] [thread 31788] read_thread loop: ret=0, pkt->stream_index=0, audioq.size=22200, videoq.size=546307, eof=0
[2026-03-19 12:10:38.333] [info] [thread 31788] audio_stream: 1, video_stream: 0
[2026-03-19 12:10:38.360] [info] [thread 28368] audio.nb_samples=1024, channels=2, channel_layout=stereo, format=8, sample_rate=44100
[2026-03-19 12:10:38.360] [info] [thread 28368] audio frame data pointers: data[0]=0x21916f98e80, data[1]=0x21916a5bb00
[2026-03-19 12:10:38.365] [info] [thread 31788] read_thread loop: ret=0, pkt->stream_index=1, audioq.size=21705, videoq.size=537276, eof=0
[2026-03-19 12:10:38.366] [info] [thread 31788] audio_stream: 1, video_stream: 0
[2026-03-19 12:10:38.366] [info] [thread 31788] audio packet pts: 265216, audio_pkt_size=376
[2026-03-19 12:10:38.367] [info] [thread 31788] read_thread loop: ret=0, pkt->stream_index=0, audioq.size=22201, videoq.size=537276, eof=0
[2026-03-19 12:10:38.367] [info] [thread 31788] audio_stream: 1, video_stream: 0
[2026-03-19 12:10:38.399] [info] [thread 31788] read_thread loop: ret=0, pkt->stream_index=1, audioq.size=22201, videoq.size=534069, eof=0
[2026-03-19 12:10:38.400] [info] [thread 28368] audio.nb_samples=1024, channels=2, channel_layout=stereo, format=8, sample_rate=44100
[2026-03-19 12:10:38.400] [info] [thread 31788] audio_stream: 1, video_stream: 0
[2026-03-19 12:10:38.400] [info] [thread 28368] audio frame data pointers: data[0]=0x2191427f980, data[1]=0x21916a5db80
[2026-03-19 12:10:38.401] [info] [thread 31788] audio packet pts: 266240, audio_pkt_size=329
[2026-03-19 12:10:38.401] [info] [thread 31788] read_thread loop: ret=0, pkt->stream_index=0, audioq.size=22121, videoq.size=534069, eof=0
[2026-03-19 12:10:38.402] [info] [thread 31788] audio_stream: 1, video_stream: 0
[2026-03-19 12:10:38.433] [info] [thread 31788] read_thread loop: ret=0, pkt->stream_index=0, audioq.size=22121, videoq.size=532796, eof=0
[2026-03-19 12:10:38.434] [info] [thread 31788] audio_stream: 1, video_stream: 0
[2026-03-19 12:10:38.450] [info] [thread 28368] audio.nb_samples=1024, channels=2, channel_layout=stereo, format=8, sample_rate=44100
[2026-03-19 12:10:38.450] [info] [thread 28368] audio frame data pointers: data[0]=0x2191427b580, data[1]=0x21914279380
[2026-03-19 12:10:38.466] [info] [thread 31788] read_thread loop: ret=0, pkt->stream_index=1, audioq.size=21577, videoq.size=541079, eof=0
[2026-03-19 12:10:38.466] [info] [thread 31788] audio_stream: 1, video_stream: 0
[2026-03-19 12:10:38.467] [info] [thread 31788] audio packet pts: 267264, audio_pkt_size=343
[2026-03-19 12:10:38.467] [info] [thread 31788] read_thread loop: ret=0, pkt->stream_index=0, audioq.size=22040, videoq.size=541079, eof=0
[2026-03-19 12:10:38.468] [info] [thread 31788] audio_stream: 1, video_stream: 0
[2026-03-19 12:10:38.500] [info] [thread 28368] audio.nb_samples=1024, channels=2, channel_layout=stereo, format=8, sample_rate=44100
[2026-03-19 12:10:38.500] [info] [thread 28368] audio frame data pointers: data[0]=0x21914283dc0, data[1]=0x21914281bc0
[2026-03-19 12:10:38.509] [info] [thread 31788] read_thread loop: ret=0, pkt->stream_index=1, audioq.size=21556, videoq.size=529989, eof=0
[2026-03-19 12:10:38.510] [info] [thread 31788] audio_stream: 1, video_stream: 0
[2026-03-19 12:10:38.510] [info] [thread 31788] audio packet pts: 268288, audio_pkt_size=353
[2026-03-19 12:10:38.511] [info] [thread 31788] read_thread loop: ret=0, pkt->stream_index=0, audioq.size=22029, videoq.size=529989, eof=0
[2026-03-19 12:10:38.511] [info] [thread 31788] audio_stream: 1, video_stream: 0
[2026-03-19 12:10:38.540] [info] [thread 28368] audio.nb_samples=1024, channels=2, channel_layout=stereo, format=8, sample_rate=44100
[2026-03-19 12:10:38.540] [info] [thread 28368] audio frame data pointers: data[0]=0x21914285fc0, data[1]=0x2191427d780
[2026-03-19 12:10:38.543] [info] [thread 31788] read_thread loop: ret=0, pkt->stream_index=0, audioq.size=21566, videoq.size=523337, eof=0
[2026-03-19 12:10:38.544] [info] [thread 31788] audio_stream: 1, video_stream: 0
[2026-03-19 12:10:38.566] [info] [thread 31788] read_thread loop: ret=0, pkt->stream_index=1, audioq.size=21566, videoq.size=519462, eof=0
[2026-03-19 12:10:38.566] [info] [thread 31788] audio_stream: 1, video_stream: 0
[2026-03-19 12:10:38.567] [info] [thread 31788] audio packet pts: 269312, audio_pkt_size=366
[2026-03-19 12:10:38.567] [info] [thread 31788] read_thread loop: ret=0, pkt->stream_index=0, audioq.size=22052, videoq.size=519462, eof=0
[2026-03-19 12:10:38.568] [info] [thread 31788] audio_stream: 1, video_stream: 0
[2026-03-19 12:10:38.590] [info] [thread 28368] audio.nb_samples=1024, channels=2, channel_layout=stereo, format=8, sample_rate=44100
[2026-03-19 12:10:38.590] [info] [thread 28368] audio frame data pointers: data[0]=0x2191428c600, data[1]=0x219142881c0
[2026-03-19 12:10:38.600] [info] [thread 31788] read_thread loop: ret=0, pkt->stream_index=1, audioq.size=21572, videoq.size=528571, eof=0
[2026-03-19 12:10:38.601] [info] [thread 31788] audio_stream: 1, video_stream: 0
[2026-03-19 12:10:38.602] [info] [thread 31788] audio packet pts: 270336, audio_pkt_size=394
[2026-03-19 12:10:38.603] [info] [thread 31788] read_thread loop: ret=0, pkt->stream_index=0, audioq.size=22086, videoq.size=528571, eof=0
[2026-03-19 12:10:38.603] [info] [thread 31788] audio_stream: 1, video_stream: 0
[2026-03-19 12:10:38.636] [info] [thread 31788] read_thread loop: ret=0, pkt->stream_index=1, audioq.size=22086, videoq.size=521006, eof=0
[2026-03-19 12:10:38.636] [info] [thread 31788] audio_stream: 1, video_stream: 0
[2026-03-19 12:10:38.636] [info] [thread 31788] audio packet pts: 271360, audio_pkt_size=407
[2026-03-19 12:10:38.637] [info] [thread 31788] read_thread loop: ret=0, pkt->stream_index=0, audioq.size=22613, videoq.size=521006, eof=0
[2026-03-19 12:10:38.637] [info] [thread 31788] audio_stream: 1, video_stream: 0
[2026-03-19 12:10:38.640] [info] [thread 28368] audio.nb_samples=1024, channels=2, channel_layout=stereo, format=8, sample_rate=44100
[2026-03-19 12:10:38.640] [info] [thread 28368] audio frame data pointers: data[0]=0x21914290a00, data[1]=0x2191428a400
[2026-03-19 12:10:38.670] [info] [thread 31788] read_thread loop: ret=0, pkt->stream_index=0, audioq.size=22052, videoq.size=519412, eof=0
[2026-03-19 12:10:38.670] [info] [thread 31788] audio_stream: 1, video_stream: 0
[2026-03-19 12:10:38.680] [info] [thread 28368] audio.nb_samples=1024, channels=2, channel_layout=stereo, format=8, sample_rate=44100
[2026-03-19 12:10:38.680] [info] [thread 28368] audio frame data pointers: data[0]=0x21914788040, data[1]=0x2191478a0c0
[2026-03-19 12:10:38.713] [info] [thread 31788] read_thread loop: ret=0, pkt->stream_index=1, audioq.size=21590, videoq.size=510582, eof=0
[2026-03-19 12:10:38.714] [info] [thread 31788] audio_stream: 1, video_stream: 0
[2026-03-19 12:10:38.714] [info] [thread 31788] audio packet pts: 272384, audio_pkt_size=414
[2026-03-19 12:10:38.715] [info] [thread 31788] read_thread loop: ret=0, pkt->stream_index=0, audioq.size=22124, videoq.size=510582, eof=0
[2026-03-19 12:10:38.715] [info] [thread 31788] audio_stream: 1, video_stream: 0
[2026-03-19 12:10:38.730] [info] [thread 28368] audio.nb_samples=1024, channels=2, channel_layout=stereo, format=8, sample_rate=44100
[2026-03-19 12:10:38.730] [info] [thread 28368] audio frame data pointers: data[0]=0x21916b27480, data[1]=0x21916f92a00
[2026-03-19 12:10:38.747] [info] [thread 31788] read_thread loop: ret=0, pkt->stream_index=1, audioq.size=21648, videoq.size=505493, eof=0
[2026-03-19 12:10:38.747] [info] [thread 31788] audio_stream: 1, video_stream: 0
[2026-03-19 12:10:38.748] [info] [thread 31788] audio packet pts: 273408, audio_pkt_size=404
[2026-03-19 12:10:38.748] [info] [thread 31788] read_thread loop: ret=0, pkt->stream_index=0, audioq.size=22172, videoq.size=505493, eof=0
[2026-03-19 12:10:38.748] [info] [thread 31788] audio_stream: 1, video_stream: 0
[2026-03-19 12:10:38.771] [info] [thread 31788] read_thread loop: ret=0, pkt->stream_index=0, audioq.size=22172, videoq.size=499432, eof=0
[2026-03-19 12:10:38.771] [info] [thread 31788] audio_stream: 1, video_stream: 0
[2026-03-19 12:10:38.780] [info] [thread 28368] audio.nb_samples=1024, channels=2, channel_layout=stereo, format=8, sample_rate=44100
[2026-03-19 12:10:38.780] [info] [thread 28368] audio frame data pointers: data[0]=0x21916f96e40, data[1]=0x21916f9b500
[2026-03-19 12:10:38.803] [info] [thread 31788] read_thread loop: ret=0, pkt->stream_index=1, audioq.size=21585, videoq.size=493548, eof=0
[2026-03-19 12:10:38.803] [info] [thread 31788] audio_stream: 1, video_stream: 0
[2026-03-19 12:10:38.804] [info] [thread 31788] audio packet pts: 274432, audio_pkt_size=506
[2026-03-19 12:10:38.804] [info] [thread 31788] read_thread loop: ret=0, pkt->stream_index=0, audioq.size=22211, videoq.size=493548, eof=0
[2026-03-19 12:10:38.805] [info] [thread 31788] audio_stream: 1, video_stream: 0
[2026-03-19 12:10:38.820] [info] [thread 28368] audio.nb_samples=1024, channels=2, channel_layout=stereo, format=8, sample_rate=44100
[2026-03-19 12:10:38.821] [info] [thread 28368] audio frame data pointers: data[0]=0x21916a5bb00, data[1]=0x21916f98e80
[2026-03-19 12:10:38.838] [info] [thread 31788] read_thread loop: ret=0, pkt->stream_index=1, audioq.size=21643, videoq.size=490242, eof=0
[2026-03-19 12:10:38.838] [info] [thread 31788] audio_stream: 1, video_stream: 0
[2026-03-19 12:10:38.839] [info] [thread 31788] audio packet pts: 275456, audio_pkt_size=335
[2026-03-19 12:10:38.839] [info] [thread 31788] read_thread loop: ret=0, pkt->stream_index=0, audioq.size=22098, videoq.size=490242, eof=0
[2026-03-19 12:10:38.839] [info] [thread 31788] audio_stream: 1, video_stream: 0
[2026-03-19 12:10:38.870] [info] [thread 28368] audio.nb_samples=1024, channels=2, channel_layout=stereo, format=8, sample_rate=44100
[2026-03-19 12:10:38.871] [info] [thread 28368] audio frame data pointers: data[0]=0x21916a5db80, data[1]=0x2191427f980
[2026-03-19 12:10:38.873] [info] [thread 31788] read_thread loop: ret=0, pkt->stream_index=1, audioq.size=21564, videoq.size=484294, eof=0
[2026-03-19 12:10:38.873] [info] [thread 31788] audio_stream: 1, video_stream: 0
[2026-03-19 12:10:38.873] [info] [thread 31788] audio packet pts: 276480, audio_pkt_size=377
[2026-03-19 12:10:38.874] [info] [thread 31788] read_thread loop: ret=0, pkt->stream_index=0, audioq.size=22061, videoq.size=484294, eof=0
[2026-03-19 12:10:38.875] [info] [thread 31788] audio_stream: 1, video_stream: 0
[2026-03-19 12:10:38.896] [info] [thread 31788] read_thread loop: ret=0, pkt->stream_index=0, audioq.size=22061, videoq.size=478367, eof=0
[2026-03-19 12:10:38.897] [info] [thread 31788] audio_stream: 1, video_stream: 0
[2026-03-19 12:10:38.920] [info] [thread 28368] audio.nb_samples=1024, channels=2, channel_layout=stereo, format=8, sample_rate=44100
[2026-03-19 12:10:38.920] [info] [thread 28368] audio frame data pointers: data[0]=0x21914279380, data[1]=0x2191427b580
[2026-03-19 12:10:38.949] [info] [thread 31788] read_thread loop: ret=0, pkt->stream_index=1, audioq.size=21613, videoq.size=474029, eof=0
[2026-03-19 12:10:38.950] [info] [thread 31788] audio_stream: 1, video_stream: 0
[2026-03-19 12:10:38.950] [info] [thread 31788] audio packet pts: 277504, audio_pkt_size=413
[2026-03-19 12:10:38.951] [info] [thread 31788] read_thread loop: ret=0, pkt->stream_index=0, audioq.size=22146, videoq.size=474029, eof=0
[2026-03-19 12:10:38.951] [info] [thread 31788] audio_stream: 1, video_stream: 0
[2026-03-19 12:10:38.960] [info] [thread 28368] audio.nb_samples=1024, channels=2, channel_layout=stereo, format=8, sample_rate=44100
[2026-03-19 12:10:38.960] [info] [thread 28368] audio frame data pointers: data[0]=0x21914281bc0, data[1]=0x21914283dc0
[2026-03-19 12:10:38.962] [info] [thread 31788] read_thread loop: ret=0, pkt->stream_index=1, audioq.size=21693, videoq.size=470172, eof=0
[2026-03-19 12:10:38.962] [info] [thread 31788] audio_stream: 1, video_stream: 0
[2026-03-19 12:10:38.963] [info] [thread 31788] audio packet pts: 278528, audio_pkt_size=389
[2026-03-19 12:10:38.963] [info] [thread 31788] read_thread loop: ret=0, pkt->stream_index=0, audioq.size=22202, videoq.size=470172, eof=0
[2026-03-19 12:10:38.963] [info] [thread 31788] audio_stream: 1, video_stream: 0
[2026-03-19 12:10:38.994] [info] [thread 31788] read_thread loop: ret=0, pkt->stream_index=1, audioq.size=22202, videoq.size=470203, eof=0
[2026-03-19 12:10:38.995] [info] [thread 31788] audio_stream: 1, video_stream: 0
[2026-03-19 12:10:38.995] [info] [thread 31788] audio packet pts: 279552, audio_pkt_size=354
[2026-03-19 12:10:38.996] [info] [thread 31788] read_thread loop: ret=0, pkt->stream_index=0, audioq.size=22676, videoq.size=470203, eof=0
[2026-03-19 12:10:38.996] [info] [thread 31788] audio_stream: 1, video_stream: 0
[2026-03-19 12:10:39.010] [info] [thread 28368] audio.nb_samples=1024, channels=2, channel_layout=stereo, format=8, sample_rate=44100
[2026-03-19 12:10:39.010] [info] [thread 28368] audio frame data pointers: data[0]=0x2191427d780, data[1]=0x21914285fc0
[2026-03-19 12:10:39.038] [info] [thread 31788] read_thread loop: ret=0, pkt->stream_index=0, audioq.size=22223, videoq.size=473360, eof=0
[2026-03-19 12:10:39.038] [info] [thread 31788] audio_stream: 1, video_stream: 0
[2026-03-19 12:10:39.050] [info] [thread 28368] audio.nb_samples=1024, channels=2, channel_layout=stereo, format=8, sample_rate=44100
[2026-03-19 12:10:39.050] [info] [thread 28368] audio frame data pointers: data[0]=0x219142881c0, data[1]=0x2191428c600
[2026-03-19 12:10:39.071] [info] [thread 31788] read_thread loop: ret=0, pkt->stream_index=1, audioq.size=21758, videoq.size=474238, eof=0
[2026-03-19 12:10:39.071] [info] [thread 31788] audio_stream: 1, video_stream: 0
[2026-03-19 12:10:39.072] [info] [thread 31788] audio packet pts: 280576, audio_pkt_size=426
[2026-03-19 12:10:39.072] [info] [thread 31788] read_thread loop: ret=0, pkt->stream_index=0, audioq.size=22304, videoq.size=474238, eof=0
[2026-03-19 12:10:39.072] [info] [thread 31788] audio_stream: 1, video_stream: 0
[2026-03-19 12:10:39.100] [info] [thread 28368] audio.nb_samples=1024, channels=2, channel_layout=stereo, format=8, sample_rate=44100
[2026-03-19 12:10:39.100] [info] [thread 28368] audio frame data pointers: data[0]=0x2191428a400, data[1]=0x21914290a00
[2026-03-19 12:10:39.103] [info] [thread 31788] read_thread loop: ret=0, pkt->stream_index=1, audioq.size=21845, videoq.size=476624, eof=0
[2026-03-19 12:10:39.104] [info] [thread 31788] audio_stream: 1, video_stream: 0
[2026-03-19 12:10:39.104] [info] [thread 31788] audio packet pts: 281600, audio_pkt_size=427
[2026-03-19 12:10:39.104] [info] [thread 31788] read_thread loop: ret=0, pkt->stream_index=0, audioq.size=22392, videoq.size=476624, eof=0
[2026-03-19 12:10:39.105] [info] [thread 31788] audio_stream: 1, video_stream: 0
[2026-03-19 12:10:39.136] [info] [thread 31788] read_thread loop: ret=0, pkt->stream_index=0, audioq.size=22392, videoq.size=481418, eof=0
[2026-03-19 12:10:39.136] [info] [thread 31788] audio_stream: 1, video_stream: 0
[2026-03-19 12:10:39.150] [info] [thread 28368] audio.nb_samples=1024, channels=2, channel_layout=stereo, format=8, sample_rate=44100
[2026-03-19 12:10:39.150] [info] [thread 28368] audio frame data pointers: data[0]=0x2191478a0c0, data[1]=0x21914788040
[2026-03-19 12:10:39.169] [info] [thread 31788] read_thread loop: ret=0, pkt->stream_index=1, audioq.size=21915, videoq.size=484484, eof=0
[2026-03-19 12:10:39.170] [info] [thread 31788] audio_stream: 1, video_stream: 0
[2026-03-19 12:10:39.171] [info] [thread 31788] audio packet pts: 282624, audio_pkt_size=385
[2026-03-19 12:10:39.171] [info] [thread 31788] read_thread loop: ret=0, pkt->stream_index=0, audioq.size=22420, videoq.size=484484, eof=0
[2026-03-19 12:10:39.172] [info] [thread 31788] audio_stream: 1, video_stream: 0
[2026-03-19 12:10:39.190] [info] [thread 28368] audio.nb_samples=1024, channels=2, channel_layout=stereo, format=8, sample_rate=44100
[2026-03-19 12:10:39.190] [info] [thread 28368] audio frame data pointers: data[0]=0x21916f92a00, data[1]=0x21916b27480
[2026-03-19 12:10:39.214] [info] [thread 31788] read_thread loop: ret=0, pkt->stream_index=1, audioq.size=21945, videoq.size=486501, eof=0
[2026-03-19 12:10:39.215] [info] [thread 31788] audio_stream: 1, video_stream: 0
[2026-03-19 12:10:39.215] [info] [thread 31788] audio packet pts: 283648, audio_pkt_size=349
[2026-03-19 12:10:39.216] [info] [thread 31788] read_thread loop: ret=0, pkt->stream_index=0, audioq.size=22414, videoq.size=486501, eof=0
[2026-03-19 12:10:39.216] [info] [thread 31788] audio_stream: 1, video_stream: 0
[2026-03-19 12:10:39.240] [info] [thread 28368] audio.nb_samples=1024, channels=2, channel_layout=stereo, format=8, sample_rate=44100
[2026-03-19 12:10:39.240] [info] [thread 28368] audio frame data pointers: data[0]=0x21916f9b500, data[1]=0x21916f96e40
[2026-03-19 12:10:39.247] [info] [thread 31788] read_thread loop: ret=0, pkt->stream_index=1, audioq.size=21886, videoq.size=488387, eof=0
[2026-03-19 12:10:39.248] [info] [thread 31788] audio_stream: 1, video_stream: 0
[2026-03-19 12:10:39.249] [info] [thread 31788] audio packet pts: 284672, audio_pkt_size=352
[2026-03-19 12:10:39.249] [info] [thread 31788] read_thread loop: ret=0, pkt->stream_index=0, audioq.size=22358, videoq.size=488387, eof=0
[2026-03-19 12:10:39.249] [info] [thread 31788] audio_stream: 1, video_stream: 0
[2026-03-19 12:10:39.270] [info] [thread 31788] read_thread loop: ret=0, pkt->stream_index=0, audioq.size=22358, videoq.size=493210, eof=0
[2026-03-19 12:10:39.270] [info] [thread 31788] audio_stream: 1, video_stream: 0
[2026-03-19 12:10:39.290] [info] [thread 28368] audio.nb_samples=1024, channels=2, channel_layout=stereo, format=8, sample_rate=44100
[2026-03-19 12:10:39.290] [info] [thread 28368] audio frame data pointers: data[0]=0x21916f98e80, data[1]=0x21916a5bb00
[2026-03-19 12:10:39.301] [info] [thread 31788] read_thread loop: ret=0, pkt->stream_index=1, audioq.size=21809, videoq.size=492999, eof=0
[2026-03-19 12:10:39.302] [info] [thread 31788] audio_stream: 1, video_stream: 0
[2026-03-19 12:10:39.302] [info] [thread 31788] audio packet pts: 285696, audio_pkt_size=346
[2026-03-19 12:10:39.302] [info] [thread 31788] read_thread loop: ret=0, pkt->stream_index=0, audioq.size=22275, videoq.size=492999, eof=0
[2026-03-19 12:10:39.303] [info] [thread 31788] audio_stream: 1, video_stream: 0
[2026-03-19 12:10:39.330] [info] [thread 28368] audio.nb_samples=1024, channels=2, channel_layout=stereo, format=8, sample_rate=44100
[2026-03-19 12:10:39.330] [info] [thread 28368] audio frame data pointers: data[0]=0x2191427f980, data[1]=0x21916a5db80
[2026-03-19 12:10:39.335] [info] [thread 31788] read_thread loop: ret=0, pkt->stream_index=1, audioq.size=21811, videoq.size=493724, eof=0
[2026-03-19 12:10:39.336] [info] [thread 31788] audio_stream: 1, video_stream: 0
[2026-03-19 12:10:39.336] [info] [thread 31788] audio packet pts: 286720, audio_pkt_size=330
[2026-03-19 12:10:39.337] [info] [thread 31788] read_thread loop: ret=0, pkt->stream_index=0, audioq.size=22261, videoq.size=493724, eof=0
[2026-03-19 12:10:39.338] [info] [thread 31788] audio_stream: 1, video_stream: 0
[2026-03-19 12:10:39.370] [info] [thread 31788] read_thread loop: ret=0, pkt->stream_index=0, audioq.size=22261, videoq.size=494430, eof=0
[2026-03-19 12:10:39.371] [info] [thread 31788] audio_stream: 1, video_stream: 0
[2026-03-19 12:10:39.380] [info] [thread 28368] audio.nb_samples=1024, channels=2, channel_layout=stereo, format=8, sample_rate=44100
[2026-03-19 12:10:39.380] [info] [thread 28368] audio frame data pointers: data[0]=0x2191427b580, data[1]=0x21914279380
[2026-03-19 12:10:39.402] [info] [thread 31788] read_thread loop: ret=0, pkt->stream_index=1, audioq.size=21792, videoq.size=502100, eof=0
[2026-03-19 12:10:39.403] [info] [thread 31788] audio_stream: 1, video_stream: 0
[2026-03-19 12:10:39.403] [info] [thread 31788] audio packet pts: 287744, audio_pkt_size=358
[2026-03-19 12:10:39.404] [info] [thread 31788] read_thread loop: ret=0, pkt->stream_index=0, audioq.size=22270, videoq.size=502100, eof=0
[2026-03-19 12:10:39.404] [info] [thread 31788] audio_stream: 1, video_stream: 0
[2026-03-19 12:10:39.430] [info] [thread 28368] audio.nb_samples=1024, channels=2, channel_layout=stereo, format=8, sample_rate=44100
[2026-03-19 12:10:39.430] [info] [thread 28368] audio frame data pointers: data[0]=0x21914283dc0, data[1]=0x21914281bc0
[2026-03-19 12:10:39.448] [info] [thread 31788] read_thread loop: ret=0, pkt->stream_index=1, audioq.size=21799, videoq.size=502005, eof=0
[2026-03-19 12:10:39.448] [info] [thread 31788] audio_stream: 1, video_stream: 0
[2026-03-19 12:10:39.449] [info] [thread 31788] audio packet pts: 288768, audio_pkt_size=387
[2026-03-19 12:10:39.450] [info] [thread 31788] read_thread loop: ret=0, pkt->stream_index=0, audioq.size=22306, videoq.size=502005, eof=0
[2026-03-19 12:10:39.450] [info] [thread 31788] audio_stream: 1, video_stream: 0
[2026-03-19 12:10:39.470] [info] [thread 28368] audio.nb_samples=1024, channels=2, channel_layout=stereo, format=8, sample_rate=44100
[2026-03-19 12:10:39.470] [info] [thread 28368] audio frame data pointers: data[0]=0x21914285fc0, data[1]=0x2191427d780
[2026-03-19 12:10:39.481] [info] [thread 31788] read_thread loop: ret=0, pkt->stream_index=1, audioq.size=21833, videoq.size=502185, eof=0
[2026-03-19 12:10:39.482] [info] [thread 31788] audio_stream: 1, video_stream: 0
[2026-03-19 12:10:39.482] [info] [thread 31788] audio packet pts: 289792, audio_pkt_size=387
[2026-03-19 12:10:39.483] [info] [thread 31788] read_thread loop: ret=0, pkt->stream_index=0, audioq.size=22340, videoq.size=502185, eof=0
[2026-03-19 12:10:39.483] [info] [thread 31788] audio_stream: 1, video_stream: 0
[2026-03-19 12:10:39.505] [info] [thread 31788] read_thread loop: ret=0, pkt->stream_index=0, audioq.size=22340, videoq.size=502275, eof=0
[2026-03-19 12:10:39.506] [info] [thread 31788] audio_stream: 1, video_stream: 0
[2026-03-19 12:10:39.520] [info] [thread 28368] audio.nb_samples=1024, channels=2, channel_layout=stereo, format=8, sample_rate=44100
[2026-03-19 12:10:39.520] [info] [thread 28368] audio frame data pointers: data[0]=0x2191428c600, data[1]=0x219142881c0
[2026-03-19 12:10:39.537] [info] [thread 31788] read_thread loop: ret=0, pkt->stream_index=1, audioq.size=21869, videoq.size=500726, eof=0
[2026-03-19 12:10:39.538] [info] [thread 31788] audio_stream: 1, video_stream: 0
[2026-03-19 12:10:39.539] [info] [thread 31788] audio packet pts: 290816, audio_pkt_size=418
[2026-03-19 12:10:39.539] [info] [thread 31788] read_thread loop: ret=0, pkt->stream_index=0, audioq.size=22407, videoq.size=500726, eof=0
[2026-03-19 12:10:39.540] [info] [thread 31788] audio_stream: 1, video_stream: 0
[2026-03-19 12:10:39.570] [info] [thread 28368] audio.nb_samples=1024, channels=2, channel_layout=stereo, format=8, sample_rate=44100
[2026-03-19 12:10:39.570] [info] [thread 28368] audio frame data pointers: data[0]=0x21914290a00, data[1]=0x2191428a400
[2026-03-19 12:10:39.571] [info] [thread 31788] read_thread loop: ret=0, pkt->stream_index=1, audioq.size=21932, videoq.size=499252, eof=0
[2026-03-19 12:10:39.571] [info] [thread 31788] audio_stream: 1, video_stream: 0
[2026-03-19 12:10:39.572] [info] [thread 31788] audio packet pts: 291840, audio_pkt_size=422
[2026-03-19 12:10:39.572] [info] [thread 31788] read_thread loop: ret=0, pkt->stream_index=0, audioq.size=22474, videoq.size=499252, eof=0
[2026-03-19 12:10:39.572] [info] [thread 31788] audio_stream: 1, video_stream: 0
[2026-03-19 12:10:39.605] [info] [thread 31788] read_thread loop: ret=0, pkt->stream_index=0, audioq.size=22474, videoq.size=499085, eof=0
[2026-03-19 12:10:39.605] [info] [thread 31788] audio_stream: 1, video_stream: 0
[2026-03-19 12:10:39.610] [info] [thread 28368] audio.nb_samples=1024, channels=2, channel_layout=stereo, format=8, sample_rate=44100
[2026-03-19 12:10:39.610] [info] [thread 28368] audio frame data pointers: data[0]=0x21914788040, data[1]=0x2191478a0c0
[2026-03-19 12:10:39.637] [info] [thread 31788] read_thread loop: ret=0, pkt->stream_index=1, audioq.size=21999, videoq.size=495363, eof=0
[2026-03-19 12:10:39.637] [info] [thread 31788] audio_stream: 1, video_stream: 0
[2026-03-19 12:10:39.637] [info] [thread 31788] audio packet pts: 292864, audio_pkt_size=332
[2026-03-19 12:10:39.638] [info] [thread 31788] read_thread loop: ret=0, pkt->stream_index=0, audioq.size=22451, videoq.size=495363, eof=0
[2026-03-19 12:10:39.639] [info] [thread 31788] audio_stream: 1, video_stream: 0
[2026-03-19 12:10:39.660] [info] [thread 28368] audio.nb_samples=1024, channels=2, channel_layout=stereo, format=8, sample_rate=44100
[2026-03-19 12:10:39.660] [info] [thread 28368] audio frame data pointers: data[0]=0x21916b27480, data[1]=0x21916f92a00
[2026-03-19 12:10:39.682] [info] [thread 31788] read_thread loop: ret=0, pkt->stream_index=1, audioq.size=21967, videoq.size=497135, eof=0
[2026-03-19 12:10:39.682] [info] [thread 31788] audio_stream: 1, video_stream: 0
[2026-03-19 12:10:39.683] [info] [thread 31788] audio packet pts: 293888, audio_pkt_size=347
[2026-03-19 12:10:39.684] [info] [thread 31788] read_thread loop: ret=0, pkt->stream_index=0, audioq.size=22434, videoq.size=497135, eof=0
[2026-03-19 12:10:39.684] [info] [thread 31788] audio_stream: 1, video_stream: 0
[2026-03-19 12:10:39.700] [info] [thread 28368] audio.nb_samples=1024, channels=2, channel_layout=stereo, format=8, sample_rate=44100
[2026-03-19 12:10:39.700] [info] [thread 28368] audio frame data pointers: data[0]=0x21916f96e40, data[1]=0x21916f9b500
[2026-03-19 12:10:39.716] [info] [thread 31788] read_thread loop: ret=0, pkt->stream_index=1, audioq.size=21961, videoq.size=494594, eof=0
[2026-03-19 12:10:39.717] [info] [thread 31788] audio_stream: 1, video_stream: 0
[2026-03-19 12:10:39.717] [info] [thread 31788] audio packet pts: 294912, audio_pkt_size=341
[2026-03-19 12:10:39.718] [info] [thread 31788] read_thread loop: ret=0, pkt->stream_index=0, audioq.size=22422, videoq.size=494594, eof=0
[2026-03-19 12:10:39.718] [info] [thread 31788] audio_stream: 1, video_stream: 0
[2026-03-19 12:10:39.738] [info] [thread 31788] read_thread loop: ret=0, pkt->stream_index=0, audioq.size=22422, videoq.size=489485, eof=0
[2026-03-19 12:10:39.739] [info] [thread 31788] audio_stream: 1, video_stream: 0
[2026-03-19 12:10:39.750] [info] [thread 28368] audio.nb_samples=1024, channels=2, channel_layout=stereo, format=8, sample_rate=44100
[2026-03-19 12:10:39.750] [info] [thread 28368] audio frame data pointers: data[0]=0x21916a5bb00, data[1]=0x21916f98e80
[2026-03-19 12:10:39.770] [info] [thread 31788] read_thread loop: ret=0, pkt->stream_index=1, audioq.size=21844, videoq.size=474613, eof=0
[2026-03-19 12:10:39.771] [info] [thread 31788] audio_stream: 1, video_stream: 0
[2026-03-19 12:10:39.771] [info] [thread 31788] audio packet pts: 295936, audio_pkt_size=343
[2026-03-19 12:10:39.771] [info] [thread 31788] read_thread loop: ret=0, pkt->stream_index=0, audioq.size=22307, videoq.size=474613, eof=0
[2026-03-19 12:10:39.772] [info] [thread 31788] audio_stream: 1, video_stream: 0
[2026-03-19 12:10:39.800] [info] [thread 28368] audio.nb_samples=1024, channels=2, channel_layout=stereo, format=8, sample_rate=44100
[2026-03-19 12:10:39.800] [info] [thread 28368] audio frame data pointers: data[0]=0x21916a5db80, data[1]=0x2191427f980
[2026-03-19 12:10:39.804] [info] [thread 31788] read_thread loop: ret=0, pkt->stream_index=1, audioq.size=21825, videoq.size=489631, eof=0
[2026-03-19 12:10:39.805] [info] [thread 31788] audio_stream: 1, video_stream: 0
[2026-03-19 12:10:39.806] [info] [thread 31788] audio packet pts: 296960, audio_pkt_size=375
[2026-03-19 12:10:39.806] [info] [thread 31788] read_thread loop: ret=0, pkt->stream_index=0, audioq.size=22320, videoq.size=489631, eof=0
[2026-03-19 12:10:39.807] [info] [thread 31788] audio_stream: 1, video_stream: 0
[2026-03-19 12:10:39.838] [info] [thread 31788] read_thread loop: ret=0, pkt->stream_index=0, audioq.size=22320, videoq.size=494964, eof=0
[2026-03-19 12:10:39.839] [info] [thread 31788] audio_stream: 1, video_stream: 0
[2026-03-19 12:10:39.840] [info] [thread 28368] audio.nb_samples=1024, channels=2, channel_layout=stereo, format=8, sample_rate=44100
[2026-03-19 12:10:39.840] [info] [thread 28368] audio frame data pointers: data[0]=0x21914279380, data[1]=0x2191427b580
[2026-03-19 12:10:39.871] [info] [thread 31788] read_thread loop: ret=0, pkt->stream_index=1, audioq.size=21844, videoq.size=499806, eof=0
[2026-03-19 12:10:39.872] [info] [thread 31788] audio_stream: 1, video_stream: 0
[2026-03-19 12:10:39.872] [info] [thread 31788] audio packet pts: 297984, audio_pkt_size=410
[2026-03-19 12:10:39.873] [info] [thread 31788] read_thread loop: ret=0, pkt->stream_index=0, audioq.size=22374, videoq.size=499806, eof=0
[2026-03-19 12:10:39.873] [info] [thread 31788] audio_stream: 1, video_stream: 0
[2026-03-19 12:10:39.890] [info] [thread 28368] audio.nb_samples=1024, channels=2, channel_layout=stereo, format=8, sample_rate=44100
[2026-03-19 12:10:39.890] [info] [thread 28368] audio frame data pointers: data[0]=0x21914281bc0, data[1]=0x21914283dc0
[2026-03-19 12:10:39.904] [info] [thread 31788] read_thread loop: ret=0, pkt->stream_index=1, audioq.size=21897, videoq.size=491537, eof=0
[2026-03-19 12:10:39.905] [info] [thread 31788] audio_stream: 1, video_stream: 0
[2026-03-19 12:10:39.905] [info] [thread 31788] audio packet pts: 299008, audio_pkt_size=333
[2026-03-19 12:10:39.906] [info] [thread 31788] read_thread loop: ret=0, pkt->stream_index=0, audioq.size=22350, videoq.size=491537, eof=0
[2026-03-19 12:10:39.906] [info] [thread 31788] audio_stream: 1, video_stream: 0
[2026-03-19 12:10:39.940] [info] [thread 28368] audio.nb_samples=1024, channels=2, channel_layout=stereo, format=8, sample_rate=44100
[2026-03-19 12:10:39.940] [info] [thread 28368] audio frame data pointers: data[0]=0x2191427d780, data[1]=0x21914285fc0
[2026-03-19 12:10:39.949] [info] [thread 31788] read_thread loop: ret=0, pkt->stream_index=1, audioq.size=21861, videoq.size=504933, eof=0
[2026-03-19 12:10:39.949] [info] [thread 31788] audio_stream: 1, video_stream: 0
[2026-03-19 12:10:39.950] [info] [thread 31788] audio packet pts: 300032, audio_pkt_size=330
[2026-03-19 12:10:39.950] [info] [thread 31788] read_thread loop: ret=0, pkt->stream_index=0, audioq.size=22311, videoq.size=504933, eof=0
[2026-03-19 12:10:39.950] [info] [thread 31788] audio_stream: 1, video_stream: 0
[2026-03-19 12:10:39.980] [info] [thread 28368] audio.nb_samples=1024, channels=2, channel_layout=stereo, format=8, sample_rate=44100
[2026-03-19 12:10:39.980] [info] [thread 28368] audio frame data pointers: data[0]=0x219142881c0, data[1]=0x2191428c600
[2026-03-19 12:10:39.981] [info] [thread 31788] read_thread loop: ret=0, pkt->stream_index=0, audioq.size=21807, videoq.size=510419, eof=0
[2026-03-19 12:10:39.982] [info] [thread 31788] audio_stream: 1, video_stream: 0
[2026-03-19 12:10:40.013] [info] [thread 31788] read_thread loop: ret=0, pkt->stream_index=1, audioq.size=21807, videoq.size=511498, eof=0
[2026-03-19 12:10:40.013] [info] [thread 31788] audio_stream: 1, video_stream: 0
[2026-03-19 12:10:40.014] [info] [thread 31788] audio packet pts: 301056, audio_pkt_size=399
[2026-03-19 12:10:40.014] [info] [thread 31788] read_thread loop: ret=0, pkt->stream_index=0, audioq.size=22326, videoq.size=511498, eof=0
[2026-03-19 12:10:40.014] [info] [thread 31788] audio_stream: 1, video_stream: 0
[2026-03-19 12:10:40.030] [info] [thread 28368] audio.nb_samples=1024, channels=2, channel_layout=stereo, format=8, sample_rate=44100
[2026-03-19 12:10:40.030] [info] [thread 28368] audio frame data pointers: data[0]=0x2191428a400, data[1]=0x21914290a00
[2026-03-19 12:10:40.035] [info] [thread 31788] read_thread loop: ret=0, pkt->stream_index=1, audioq.size=21722, videoq.size=500718, eof=0
[2026-03-19 12:10:40.036] [info] [thread 31788] audio_stream: 1, video_stream: 0
[2026-03-19 12:10:40.036] [info] [thread 31788] audio packet pts: 302080, audio_pkt_size=350
[2026-03-19 12:10:40.037] [info] [thread 31788] read_thread loop: ret=0, pkt->stream_index=0, audioq.size=22192, videoq.size=500718, eof=0
[2026-03-19 12:10:40.037] [info] [thread 31788] audio_stream: 1, video_stream: 0
[2026-03-19 12:10:40.069] [info] [thread 31788] read_thread loop: ret=0, pkt->stream_index=1, audioq.size=22192, videoq.size=508143, eof=0
[2026-03-19 12:10:40.070] [info] [thread 31788] audio_stream: 1, video_stream: 0
[2026-03-19 12:10:40.070] [info] [thread 31788] audio packet pts: 303104, audio_pkt_size=344
[2026-03-19 12:10:40.071] [info] [thread 31788] read_thread loop: ret=0, pkt->stream_index=0, audioq.size=22656, videoq.size=508143, eof=0
[2026-03-19 12:10:40.071] [info] [thread 31788] audio_stream: 1, video_stream: 0
[2026-03-19 12:10:40.080] [info] [thread 28368] audio.nb_samples=1024, channels=2, channel_layout=stereo, format=8, sample_rate=44100
[2026-03-19 12:10:40.080] [info] [thread 28368] audio frame data pointers: data[0]=0x2191478a0c0, data[1]=0x21914788040
[2026-03-19 12:10:40.102] [info] [thread 31788] read_thread loop: ret=0, pkt->stream_index=0, audioq.size=22088, videoq.size=509449, eof=0
[2026-03-19 12:10:40.103] [info] [thread 31788] audio_stream: 1, video_stream: 0
[2026-03-19 12:10:40.120] [info] [thread 28368] audio.nb_samples=1024, channels=2, channel_layout=stereo, format=8, sample_rate=44100
[2026-03-19 12:10:40.121] [info] [thread 28368] audio frame data pointers: data[0]=0x21916f92a00, data[1]=0x21916b27480
[2026-03-19 12:10:40.135] [info] [thread 31788] read_thread loop: ret=0, pkt->stream_index=1, audioq.size=21614, videoq.size=507934, eof=0
[2026-03-19 12:10:40.135] [info] [thread 31788] audio_stream: 1, video_stream: 0
[2026-03-19 12:10:40.136] [info] [thread 31788] audio packet pts: 304128, audio_pkt_size=341
[2026-03-19 12:10:40.136] [info] [thread 31788] read_thread loop: ret=0, pkt->stream_index=0, audioq.size=22075, videoq.size=507934, eof=0
[2026-03-19 12:10:40.136] [info] [thread 31788] audio_stream: 1, video_stream: 0
[2026-03-19 12:10:40.167] [info] [thread 31788] read_thread loop: ret=0, pkt->stream_index=1, audioq.size=22075, videoq.size=491820, eof=0
[2026-03-19 12:10:40.168] [info] [thread 31788] audio_stream: 1, video_stream: 0
[2026-03-19 12:10:40.168] [info] [thread 31788] audio packet pts: 305152, audio_pkt_size=388
[2026-03-19 12:10:40.169] [info] [thread 31788] read_thread loop: ret=0, pkt->stream_index=0, audioq.size=22583, videoq.size=491820, eof=0
[2026-03-19 12:10:40.169] [info] [thread 31788] audio_stream: 1, video_stream: 0
[2026-03-19 12:10:40.170] [info] [thread 28368] audio.nb_samples=1024, channels=2, channel_layout=stereo, format=8, sample_rate=44100
[2026-03-19 12:10:40.170] [info] [thread 28368] audio frame data pointers: data[0]=0x21916f9b500, data[1]=0x21916f96e40
[2026-03-19 12:10:40.201] [info] [thread 31788] read_thread loop: ret=0, pkt->stream_index=0, audioq.size=22113, videoq.size=495638, eof=0
[2026-03-19 12:10:40.202] [info] [thread 31788] audio_stream: 1, video_stream: 0
[2026-03-19 12:10:40.220] [info] [thread 28368] audio.nb_samples=1024, channels=2, channel_layout=stereo, format=8, sample_rate=44100
[2026-03-19 12:10:40.220] [info] [thread 28368] audio frame data pointers: data[0]=0x21916f98e80, data[1]=0x21916a5bb00
[2026-03-19 12:10:40.244] [info] [thread 31788] read_thread loop: ret=0, pkt->stream_index=1, audioq.size=21643, videoq.size=496020, eof=0
[2026-03-19 12:10:40.244] [info] [thread 31788] audio_stream: 1, video_stream: 0
[2026-03-19 12:10:40.245] [info] [thread 31788] audio packet pts: 306176, audio_pkt_size=493
[2026-03-19 12:10:40.245] [info] [thread 31788] read_thread loop: ret=0, pkt->stream_index=0, audioq.size=22256, videoq.size=496020, eof=0
[2026-03-19 12:10:40.245] [info] [thread 31788] audio_stream: 1, video_stream: 0
[2026-03-19 12:10:40.260] [info] [thread 28368] audio.nb_samples=1024, channels=2, channel_layout=stereo, format=8, sample_rate=44100
[2026-03-19 12:10:40.260] [info] [thread 28368] audio frame data pointers: data[0]=0x2191427f980, data[1]=0x21916a5db80
[2026-03-19 12:10:40.277] [info] [thread 31788] read_thread loop: ret=0, pkt->stream_index=1, audioq.size=21781, videoq.size=494184, eof=0
[2026-03-19 12:10:40.277] [info] [thread 31788] audio_stream: 1, video_stream: 0
[2026-03-19 12:10:40.278] [info] [thread 31788] audio packet pts: 307200, audio_pkt_size=403
[2026-03-19 12:10:40.278] [info] [thread 31788] read_thread loop: ret=0, pkt->stream_index=0, audioq.size=22304, videoq.size=494184, eof=0
[2026-03-19 12:10:40.279] [info] [thread 31788] audio_stream: 1, video_stream: 0
[2026-03-19 12:10:40.309] [info] [thread 31788] read_thread loop: ret=0, pkt->stream_index=1, audioq.size=22304, videoq.size=476947, eof=0
[2026-03-19 12:10:40.310] [info] [thread 28368] audio.nb_samples=1024, channels=2, channel_layout=stereo, format=8, sample_rate=44100
[2026-03-19 12:10:40.310] [info] [thread 31788] audio_stream: 1, video_stream: 0
[2026-03-19 12:10:40.310] [info] [thread 28368] audio frame data pointers: data[0]=0x2191427b580, data[1]=0x21914279380
[2026-03-19 12:10:40.310] [info] [thread 31788] audio packet pts: 308224, audio_pkt_size=360
[2026-03-19 12:10:40.311] [info] [thread 31788] read_thread loop: ret=0, pkt->stream_index=0, audioq.size=22330, videoq.size=476947, eof=0
[2026-03-19 12:10:40.311] [info] [thread 31788] audio_stream: 1, video_stream: 0
[2026-03-19 12:10:40.333] [info] [thread 31788] read_thread loop: ret=0, pkt->stream_index=0, audioq.size=22330, videoq.size=483703, eof=0
[2026-03-19 12:10:40.333] [info] [thread 31788] audio_stream: 1, video_stream: 0
[2026-03-19 12:10:40.350] [info] [thread 28368] audio.nb_samples=1024, channels=2, channel_layout=stereo, format=8, sample_rate=44100
[2026-03-19 12:10:40.350] [info] [thread 28368] audio frame data pointers: data[0]=0x21914283dc0, data[1]=0x21914281bc0
[2026-03-19 12:10:40.366] [info] [thread 31788] read_thread loop: ret=0, pkt->stream_index=1, audioq.size=21861, videoq.size=485030, eof=0
[2026-03-19 12:10:40.366] [info] [thread 31788] audio_stream: 1, video_stream: 0
[2026-03-19 12:10:40.367] [info] [thread 31788] audio packet pts: 309248, audio_pkt_size=388
[2026-03-19 12:10:40.367] [info] [thread 31788] read_thread loop: ret=0, pkt->stream_index=0, audioq.size=22369, videoq.size=485030, eof=0
[2026-03-19 12:10:40.368] [info] [thread 31788] audio_stream: 1, video_stream: 0
[2026-03-19 12:10:40.399] [info] [thread 31788] read_thread loop: ret=0, pkt->stream_index=1, audioq.size=22369, videoq.size=485033, eof=0
[2026-03-19 12:10:40.399] [info] [thread 31788] audio_stream: 1, video_stream: 0
[2026-03-19 12:10:40.399] [info] [thread 31788] audio packet pts: 310272, audio_pkt_size=414
[2026-03-19 12:10:40.400] [info] [thread 28368] audio.nb_samples=1024, channels=2, channel_layout=stereo, format=8, sample_rate=44100
[2026-03-19 12:10:40.400] [info] [thread 31788] read_thread loop: ret=0, pkt->stream_index=0, audioq.size=22438, videoq.size=485033, eof=0
[2026-03-19 12:10:40.400] [info] [thread 28368] audio frame data pointers: data[0]=0x21914285fc0, data[1]=0x2191427d780
[2026-03-19 12:10:40.400] [info] [thread 31788] audio_stream: 1, video_stream: 0
[2026-03-19 12:10:40.431] [info] [thread 31788] read_thread loop: ret=0, pkt->stream_index=0, audioq.size=22438, videoq.size=473342, eof=0
[2026-03-19 12:10:40.432] [info] [thread 31788] audio_stream: 1, video_stream: 0
[2026-03-19 12:10:40.450] [info] [thread 28368] audio.nb_samples=1024, channels=2, channel_layout=stereo, format=8, sample_rate=44100
[2026-03-19 12:10:40.450] [info] [thread 28368] audio frame data pointers: data[0]=0x2191428c600, data[1]=0x219142881c0
[2026-03-19 12:10:40.464] [info] [thread 31788] read_thread loop: ret=0, pkt->stream_index=1, audioq.size=21942, videoq.size=481497, eof=0
[2026-03-19 12:10:40.464] [info] [thread 31788] audio_stream: 1, video_stream: 0
[2026-03-19 12:10:40.464] [info] [thread 31788] audio packet pts: 311296, audio_pkt_size=375
[2026-03-19 12:10:40.465] [info] [thread 31788] read_thread loop: ret=0, pkt->stream_index=0, audioq.size=22437, videoq.size=481497, eof=0
[2026-03-19 12:10:40.465] [info] [thread 31788] audio_stream: 1, video_stream: 0
[2026-03-19 12:10:40.490] [info] [thread 28368] audio.nb_samples=1024, channels=2, channel_layout=stereo, format=8, sample_rate=44100
[2026-03-19 12:10:40.490] [info] [thread 28368] audio frame data pointers: data[0]=0x21914290a00, data[1]=0x2191428a400
[2026-03-19 12:10:40.497] [info] [thread 31788] read_thread loop: ret=0, pkt->stream_index=1, audioq.size=21988, videoq.size=484820, eof=0
[2026-03-19 12:10:40.497] [info] [thread 31788] audio_stream: 1, video_stream: 0
[2026-03-19 12:10:40.497] [info] [thread 31788] audio packet pts: 312320, audio_pkt_size=340
[2026-03-19 12:10:40.498] [info] [thread 31788] read_thread loop: ret=0, pkt->stream_index=0, audioq.size=22448, videoq.size=484820, eof=0
[2026-03-19 12:10:40.498] [info] [thread 31788] audio_stream: 1, video_stream: 0
[2026-03-19 12:10:40.540] [info] [thread 31788] read_thread loop: ret=0, pkt->stream_index=1, audioq.size=22448, videoq.size=485028, eof=0
[2026-03-19 12:10:40.540] [info] [thread 28368] audio.nb_samples=1024, channels=2, channel_layout=stereo, format=8, sample_rate=44100
[2026-03-19 12:10:40.540] [info] [thread 31788] audio_stream: 1, video_stream: 0
[2026-03-19 12:10:40.541] [info] [thread 28368] audio frame data pointers: data[0]=0x21914788040, data[1]=0x2191478a0c0
[2026-03-19 12:10:40.541] [info] [thread 31788] audio packet pts: 313344, audio_pkt_size=338
[2026-03-19 12:10:40.542] [info] [thread 31788] read_thread loop: ret=0, pkt->stream_index=0, audioq.size=22443, videoq.size=485028, eof=0
[2026-03-19 12:10:40.543] [info] [thread 31788] audio_stream: 1, video_stream: 0
[2026-03-19 12:10:40.574] [info] [thread 31788] read_thread loop: ret=0, pkt->stream_index=0, audioq.size=22443, videoq.size=474642, eof=0
[2026-03-19 12:10:40.575] [info] [thread 31788] audio_stream: 1, video_stream: 0
[2026-03-19 12:10:40.590] [info] [thread 28368] audio.nb_samples=1024, channels=2, channel_layout=stereo, format=8, sample_rate=44100
[2026-03-19 12:10:40.590] [info] [thread 28368] audio frame data pointers: data[0]=0x21916b27480, data[1]=0x21916f92a00
[2026-03-19 12:10:40.607] [info] [thread 31788] read_thread loop: ret=0, pkt->stream_index=1, audioq.size=21970, videoq.size=478834, eof=0
[2026-03-19 12:10:40.608] [info] [thread 31788] audio_stream: 1, video_stream: 0
[2026-03-19 12:10:40.608] [info] [thread 31788] audio packet pts: 314368, audio_pkt_size=334
[2026-03-19 12:10:40.609] [info] [thread 31788] read_thread loop: ret=0, pkt->stream_index=0, audioq.size=22424, videoq.size=478834, eof=0
[2026-03-19 12:10:40.609] [info] [thread 31788] audio_stream: 1, video_stream: 0
[2026-03-19 12:10:40.630] [info] [thread 28368] audio.nb_samples=1024, channels=2, channel_layout=stereo, format=8, sample_rate=44100
[2026-03-19 12:10:40.630] [info] [thread 28368] audio frame data pointers: data[0]=0x21916f96e40, data[1]=0x21916f9b500
[2026-03-19 12:10:40.650] [info] [thread 31788] read_thread loop: ret=0, pkt->stream_index=1, audioq.size=21938, videoq.size=479431, eof=0
[2026-03-19 12:10:40.650] [info] [thread 31788] audio_stream: 1, video_stream: 0
[2026-03-19 12:10:40.651] [info] [thread 31788] audio packet pts: 315392, audio_pkt_size=352
[2026-03-19 12:10:40.651] [info] [thread 31788] read_thread loop: ret=0, pkt->stream_index=0, audioq.size=22410, videoq.size=479431, eof=0
[2026-03-19 12:10:40.651] [info] [thread 31788] audio_stream: 1, video_stream: 0
[2026-03-19 12:10:40.680] [info] [thread 28368] audio.nb_samples=1024, channels=2, channel_layout=stereo, format=8, sample_rate=44100
[2026-03-19 12:10:40.680] [info] [thread 28368] audio frame data pointers: data[0]=0x21916a5bb00, data[1]=0x21916f98e80
[2026-03-19 12:10:40.684] [info] [thread 31788] read_thread loop: ret=0, pkt->stream_index=0, audioq.size=21896, videoq.size=479645, eof=0
[2026-03-19 12:10:40.684] [info] [thread 31788] audio_stream: 1, video_stream: 0
[2026-03-19 12:10:40.706] [info] [thread 31788] read_thread loop: ret=0, pkt->stream_index=1, audioq.size=21896, videoq.size=471401, eof=0
[2026-03-19 12:10:40.707] [info] [thread 31788] audio_stream: 1, video_stream: 0
[2026-03-19 12:10:40.707] [info] [thread 31788] audio packet pts: 316416, audio_pkt_size=333
[2026-03-19 12:10:40.708] [info] [thread 31788] read_thread loop: ret=0, pkt->stream_index=0, audioq.size=22349, videoq.size=471401, eof=0
[2026-03-19 12:10:40.708] [info] [thread 31788] audio_stream: 1, video_stream: 0
[2026-03-19 12:10:40.730] [info] [thread 28368] audio.nb_samples=1024, channels=2, channel_layout=stereo, format=8, sample_rate=44100
[2026-03-19 12:10:40.730] [info] [thread 31788] read_thread loop: ret=0, pkt->stream_index=1, audioq.size=21822, videoq.size=477546, eof=0
[2026-03-19 12:10:40.730] [info] [thread 28368] audio frame data pointers: data[0]=0x21916a5db80, data[1]=0x2191427f980
[2026-03-19 12:10:40.731] [info] [thread 31788] audio_stream: 1, video_stream: 0
[2026-03-19 12:10:40.731] [info] [thread 31788] audio packet pts: 317440, audio_pkt_size=345
[2026-03-19 12:10:40.732] [info] [thread 31788] read_thread loop: ret=0, pkt->stream_index=0, audioq.size=22287, videoq.size=477546, eof=0
[2026-03-19 12:10:40.732] [info] [thread 31788] audio_stream: 1, video_stream: 0
[2026-03-19 12:10:40.770] [info] [thread 28368] audio.nb_samples=1024, channels=2, channel_layout=stereo, format=8, sample_rate=44100
[2026-03-19 12:10:40.770] [info] [thread 28368] audio frame data pointers: data[0]=0x21914279380, data[1]=0x2191427b580
[2026-03-19 12:10:40.774] [info] [thread 31788] read_thread loop: ret=0, pkt->stream_index=1, audioq.size=21753, videoq.size=480846, eof=0
[2026-03-19 12:10:40.774] [info] [thread 31788] audio_stream: 1, video_stream: 0
[2026-03-19 12:10:40.775] [info] [thread 31788] audio packet pts: 318464, audio_pkt_size=349
[2026-03-19 12:10:40.776] [info] [thread 31788] read_thread loop: ret=0, pkt->stream_index=0, audioq.size=22222, videoq.size=480846, eof=0
[2026-03-19 12:10:40.776] [info] [thread 31788] audio_stream: 1, video_stream: 0
[2026-03-19 12:10:40.807] [info] [thread 31788] read_thread loop: ret=0, pkt->stream_index=0, audioq.size=22222, videoq.size=480678, eof=0
[2026-03-19 12:10:40.807] [info] [thread 31788] audio_stream: 1, video_stream: 0
[2026-03-19 12:10:40.820] [info] [thread 28368] audio.nb_samples=1024, channels=2, channel_layout=stereo, format=8, sample_rate=44100
[2026-03-19 12:10:40.820] [info] [thread 28368] audio frame data pointers: data[0]=0x21914281bc0, data[1]=0x21914283dc0
[2026-03-19 12:10:40.838] [info] [thread 31788] read_thread loop: ret=0, pkt->stream_index=1, audioq.size=21698, videoq.size=471291, eof=0
[2026-03-19 12:10:40.838] [info] [thread 31788] audio_stream: 1, video_stream: 0
[2026-03-19 12:10:40.839] [info] [thread 31788] audio packet pts: 319488, audio_pkt_size=358
[2026-03-19 12:10:40.840] [info] [thread 31788] read_thread loop: ret=0, pkt->stream_index=0, audioq.size=22176, videoq.size=471291, eof=0
[2026-03-19 12:10:40.840] [info] [thread 31788] audio_stream: 1, video_stream: 0
[2026-03-19 12:10:40.870] [info] [thread 28368] audio.nb_samples=1024, channels=2, channel_layout=stereo, format=8, sample_rate=44100
[2026-03-19 12:10:40.870] [info] [thread 28368] audio frame data pointers: data[0]=0x2191427d780, data[1]=0x21914285fc0
[2026-03-19 12:10:40.871] [info] [thread 31788] read_thread loop: ret=0, pkt->stream_index=1, audioq.size=21550, videoq.size=478483, eof=0
[2026-03-19 12:10:40.871] [info] [thread 31788] audio_stream: 1, video_stream: 0
[2026-03-19 12:10:40.872] [info] [thread 31788] audio packet pts: 320512, audio_pkt_size=374
[2026-03-19 12:10:40.872] [info] [thread 31788] read_thread loop: ret=0, pkt->stream_index=0, audioq.size=22044, videoq.size=478483, eof=0
[2026-03-19 12:10:40.873] [info] [thread 31788] audio_stream: 1, video_stream: 0
[2026-03-19 12:10:40.910] [info] [thread 28368] audio.nb_samples=1024, channels=2, channel_layout=stereo, format=8, sample_rate=44100
[2026-03-19 12:10:40.910] [info] [thread 28368] audio frame data pointers: data[0]=0x219142881c0, data[1]=0x2191428c600
[2026-03-19 12:10:40.915] [info] [thread 31788] read_thread loop: ret=0, pkt->stream_index=0, audioq.size=21589, videoq.size=482660, eof=0
[2026-03-19 12:10:40.915] [info] [thread 31788] audio_stream: 1, video_stream: 0
[2026-03-19 12:10:40.946] [info] [thread 31788] read_thread loop: ret=0, pkt->stream_index=1, audioq.size=21589, videoq.size=482283, eof=0
[2026-03-19 12:10:40.947] [info] [thread 31788] audio_stream: 1, video_stream: 0
[2026-03-19 12:10:40.947] [info] [thread 31788] audio packet pts: 321536, audio_pkt_size=348
[2026-03-19 12:10:40.947] [info] [thread 31788] read_thread loop: ret=0, pkt->stream_index=0, audioq.size=22057, videoq.size=482283, eof=0
[2026-03-19 12:10:40.948] [info] [thread 31788] audio_stream: 1, video_stream: 0
[2026-03-19 12:10:40.960] [info] [thread 28368] audio.nb_samples=1024, channels=2, channel_layout=stereo, format=8, sample_rate=44100
[2026-03-19 12:10:40.960] [info] [thread 28368] audio frame data pointers: data[0]=0x2191428a400, data[1]=0x21914290a00
[2026-03-19 12:10:40.980] [info] [thread 31788] read_thread loop: ret=0, pkt->stream_index=1, audioq.size=21560, videoq.size=470614, eof=0
[2026-03-19 12:10:40.980] [info] [thread 31788] audio_stream: 1, video_stream: 0
[2026-03-19 12:10:40.981] [info] [thread 31788] audio packet pts: 322560, audio_pkt_size=359
[2026-03-19 12:10:40.981] [info] [thread 31788] read_thread loop: ret=0, pkt->stream_index=0, audioq.size=22039, videoq.size=470614, eof=0
[2026-03-19 12:10:40.981] [info] [thread 31788] audio_stream: 1, video_stream: 0
[2026-03-19 12:10:41.000] [info] [thread 28368] audio.nb_samples=1024, channels=2, channel_layout=stereo, format=8, sample_rate=44100
[2026-03-19 12:10:41.000] [info] [thread 28368] audio frame data pointers: data[0]=0x2191478a0c0, data[1]=0x21914788040
[2026-03-19 12:10:41.003] [info] [thread 31788] read_thread loop: ret=0, pkt->stream_index=1, audioq.size=21506, videoq.size=480722, eof=0
[2026-03-19 12:10:41.004] [info] [thread 31788] audio_stream: 1, video_stream: 0
[2026-03-19 12:10:41.004] [info] [thread 31788] audio packet pts: 323584, audio_pkt_size=380
[2026-03-19 12:10:41.005] [info] [thread 31788] read_thread loop: ret=0, pkt->stream_index=0, audioq.size=22006, videoq.size=480722, eof=0
[2026-03-19 12:10:41.006] [info] [thread 31788] audio_stream: 1, video_stream: 0
[2026-03-19 12:10:41.037] [info] [thread 31788] read_thread loop: ret=0, pkt->stream_index=0, audioq.size=22006, videoq.size=483663, eof=0
[2026-03-19 12:10:41.038] [info] [thread 31788] audio_stream: 1, video_stream: 0
[2026-03-19 12:10:41.050] [info] [thread 28368] audio.nb_samples=1024, channels=2, channel_layout=stereo, format=8, sample_rate=44100
[2026-03-19 12:10:41.051] [info] [thread 28368] audio frame data pointers: data[0]=0x21916f92a00, data[1]=0x21916b27480
[2026-03-19 12:10:41.071] [info] [thread 31788] read_thread loop: ret=0, pkt->stream_index=1, audioq.size=21497, videoq.size=484366, eof=0
[2026-03-19 12:10:41.072] [info] [thread 31788] audio_stream: 1, video_stream: 0
[2026-03-19 12:10:41.073] [info] [thread 31788] audio packet pts: 324608, audio_pkt_size=440
[2026-03-19 12:10:41.073] [info] [thread 31788] read_thread loop: ret=0, pkt->stream_index=0, audioq.size=22057, videoq.size=484366, eof=0
[2026-03-19 12:10:41.074] [info] [thread 31788] audio_stream: 1, video_stream: 0
[2026-03-19 12:10:41.100] [info] [thread 28368] audio.nb_samples=1024, channels=2, channel_layout=stereo, format=8, sample_rate=44100
[2026-03-19 12:10:41.100] [info] [thread 28368] audio frame data pointers: data[0]=0x21916f9b500, data[1]=0x21916f96e40
[2026-03-19 12:10:41.105] [info] [thread 31788] read_thread loop: ret=0, pkt->stream_index=1, audioq.size=21583, videoq.size=479031, eof=0
[2026-03-19 12:10:41.105] [info] [thread 31788] audio_stream: 1, video_stream: 0
[2026-03-19 12:10:41.106] [info] [thread 31788] audio packet pts: 325632, audio_pkt_size=386
[2026-03-19 12:10:41.106] [info] [thread 31788] read_thread loop: ret=0, pkt->stream_index=0, audioq.size=22089, videoq.size=479031, eof=0
[2026-03-19 12:10:41.107] [info] [thread 31788] audio_stream: 1, video_stream: 0
[2026-03-19 12:10:41.140] [info] [thread 28368] audio.nb_samples=1024, channels=2, channel_layout=stereo, format=8, sample_rate=44100
[2026-03-19 12:10:41.140] [info] [thread 28368] audio frame data pointers: data[0]=0x21916f98e80, data[1]=0x21916a5bb00
[2026-03-19 12:10:41.149] [info] [thread 31788] read_thread loop: ret=0, pkt->stream_index=1, audioq.size=21543, videoq.size=485829, eof=0
[2026-03-19 12:10:41.150] [info] [thread 31788] audio_stream: 1, video_stream: 0
[2026-03-19 12:10:41.151] [info] [thread 31788] audio packet pts: 326656, audio_pkt_size=380
[2026-03-19 12:10:41.151] [info] [thread 31788] read_thread loop: ret=0, pkt->stream_index=0, audioq.size=22043, videoq.size=485829, eof=0
[2026-03-19 12:10:41.152] [info] [thread 31788] audio_stream: 1, video_stream: 0
[2026-03-19 12:10:41.184] [info] [thread 31788] read_thread loop: ret=0, pkt->stream_index=0, audioq.size=22043, videoq.size=524905, eof=0
[2026-03-19 12:10:41.185] [info] [thread 31788] audio_stream: 1, video_stream: 0
[2026-03-19 12:10:41.190] [info] [thread 28368] audio.nb_samples=1024, channels=2, channel_layout=stereo, format=8, sample_rate=44100
[2026-03-19 12:10:41.190] [info] [thread 28368] audio frame data pointers: data[0]=0x2191427f980, data[1]=0x21916a5db80
[2026-03-19 12:10:41.216] [info] [thread 31788] read_thread loop: ret=0, pkt->stream_index=1, audioq.size=21496, videoq.size=538776, eof=0
[2026-03-19 12:10:41.217] [info] [thread 31788] audio_stream: 1, video_stream: 0
[2026-03-19 12:10:41.217] [info] [thread 31788] audio packet pts: 327680, audio_pkt_size=387
[2026-03-19 12:10:41.218] [info] [thread 31788] read_thread loop: ret=0, pkt->stream_index=0, audioq.size=22003, videoq.size=538776, eof=0
[2026-03-19 12:10:41.218] [info] [thread 31788] audio_stream: 1, video_stream: 0
[2026-03-19 12:10:41.239] [info] [thread 31788] read_thread loop: ret=0, pkt->stream_index=1, audioq.size=22003, videoq.size=543455, eof=0
[2026-03-19 12:10:41.240] [info] [thread 28368] audio.nb_samples=1024, channels=2, channel_layout=stereo, format=8, sample_rate=44100
[2026-03-19 12:10:41.240] [info] [thread 31788] audio_stream: 1, video_stream: 0
[2026-03-19 12:10:41.240] [info] [thread 28368] audio frame data pointers: data[0]=0x2191427b580, data[1]=0x21914279380
[2026-03-19 12:10:41.240] [info] [thread 31788] audio packet pts: 328704, audio_pkt_size=358
[2026-03-19 12:10:41.241] [info] [thread 31788] read_thread loop: ret=0, pkt->stream_index=0, audioq.size=21976, videoq.size=543455, eof=0
[2026-03-19 12:10:41.241] [info] [thread 31788] audio_stream: 1, video_stream: 0
[2026-03-19 12:10:41.273] [info] [thread 31788] read_thread loop: ret=0, pkt->stream_index=0, audioq.size=21976, videoq.size=554344, eof=0
[2026-03-19 12:10:41.273] [info] [thread 31788] audio_stream: 1, video_stream: 0
[2026-03-19 12:10:41.280] [info] [thread 28368] audio.nb_samples=1024, channels=2, channel_layout=stereo, format=8, sample_rate=44100
[2026-03-19 12:10:41.280] [info] [thread 28368] audio frame data pointers: data[0]=0x21914283dc0, data[1]=0x21914281bc0
[2026-03-19 12:10:41.306] [info] [thread 31788] read_thread loop: ret=0, pkt->stream_index=1, audioq.size=21507, videoq.size=558573, eof=0
[2026-03-19 12:10:41.307] [info] [thread 31788] audio_stream: 1, video_stream: 0
[2026-03-19 12:10:41.307] [info] [thread 31788] audio packet pts: 329728, audio_pkt_size=357
[2026-03-19 12:10:41.308] [info] [thread 31788] read_thread loop: ret=0, pkt->stream_index=0, audioq.size=21984, videoq.size=558573, eof=0
[2026-03-19 12:10:41.308] [info] [thread 31788] audio_stream: 1, video_stream: 0
[2026-03-19 12:10:41.330] [info] [thread 28368] audio.nb_samples=1024, channels=2, channel_layout=stereo, format=8, sample_rate=44100
[2026-03-19 12:10:41.330] [info] [thread 28368] audio frame data pointers: data[0]=0x21914285fc0, data[1]=0x2191427d780
[2026-03-19 12:10:41.340] [info] [thread 31788] read_thread loop: ret=0, pkt->stream_index=1, audioq.size=21512, videoq.size=571617, eof=0
[2026-03-19 12:10:41.340] [info] [thread 31788] audio_stream: 1, video_stream: 0
[2026-03-19 12:10:41.341] [info] [thread 31788] audio packet pts: 330752, audio_pkt_size=397
[2026-03-19 12:10:41.342] [info] [thread 31788] read_thread loop: ret=0, pkt->stream_index=0, audioq.size=22029, videoq.size=571617, eof=0
[2026-03-19 12:10:41.342] [info] [thread 31788] audio_stream: 1, video_stream: 0
[2026-03-19 12:10:41.363] [info] [thread 31788] read_thread loop: ret=0, pkt->stream_index=1, audioq.size=22029, videoq.size=563015, eof=0
[2026-03-19 12:10:41.364] [info] [thread 31788] audio_stream: 1, video_stream: 0
[2026-03-19 12:10:41.364] [info] [thread 31788] audio packet pts: 331776, audio_pkt_size=396
[2026-03-19 12:10:41.365] [info] [thread 31788] read_thread loop: ret=0, pkt->stream_index=0, audioq.size=22545, videoq.size=563015, eof=0
[2026-03-19 12:10:41.365] [info] [thread 31788] audio_stream: 1, video_stream: 0
[2026-03-19 12:10:41.380] [info] [thread 28368] audio.nb_samples=1024, channels=2, channel_layout=stereo, format=8, sample_rate=44100
[2026-03-19 12:10:41.380] [info] [thread 28368] audio frame data pointers: data[0]=0x2191428c600, data[1]=0x219142881c0
[2026-03-19 12:10:41.418] [info] [thread 31788] read_thread loop: ret=0, pkt->stream_index=0, audioq.size=22079, videoq.size=565187, eof=0
[2026-03-19 12:10:41.418] [info] [thread 31788] audio_stream: 1, video_stream: 0
[2026-03-19 12:10:41.420] [info] [thread 28368] audio.nb_samples=1024, channels=2, channel_layout=stereo, format=8, sample_rate=44100
[2026-03-19 12:10:41.420] [info] [thread 28368] audio frame data pointers: data[0]=0x21914290a00, data[1]=0x2191428a400
[2026-03-19 12:10:41.450] [info] [thread 31788] read_thread loop: ret=0, pkt->stream_index=1, audioq.size=21629, videoq.size=578814, eof=0
[2026-03-19 12:10:41.451] [info] [thread 31788] audio_stream: 1, video_stream: 0
[2026-03-19 12:10:41.452] [info] [thread 31788] audio packet pts: 332800, audio_pkt_size=387
[2026-03-19 12:10:41.452] [info] [thread 31788] read_thread loop: ret=0, pkt->stream_index=0, audioq.size=22136, videoq.size=578814, eof=0
[2026-03-19 12:10:41.453] [info] [thread 31788] audio_stream: 1, video_stream: 0
[2026-03-19 12:10:41.464] [info] [thread 31788] read_thread loop: ret=0, pkt->stream_index=1, audioq.size=22136, videoq.size=583256, eof=0
[2026-03-19 12:10:41.464] [info] [thread 31788] audio_stream: 1, video_stream: 0
[2026-03-19 12:10:41.465] [info] [thread 31788] audio packet pts: 333824, audio_pkt_size=341
[2026-03-19 12:10:41.466] [info] [thread 31788] read_thread loop: ret=0, pkt->stream_index=0, audioq.size=22597, videoq.size=583256, eof=0
[2026-03-19 12:10:41.467] [info] [thread 31788] audio_stream: 1, video_stream: 0
[2026-03-19 12:10:41.470] [info] [thread 28368] audio.nb_samples=1024, channels=2, channel_layout=stereo, format=8, sample_rate=44100
[2026-03-19 12:10:41.470] [info] [thread 28368] audio frame data pointers: data[0]=0x21914788040, data[1]=0x2191478a0c0
[2026-03-19 12:10:41.509] [info] [thread 31788] read_thread loop: ret=0, pkt->stream_index=0, audioq.size=22119, videoq.size=576235, eof=0
[2026-03-19 12:10:41.510] [info] [thread 31788] audio_stream: 1, video_stream: 0
[2026-03-19 12:10:41.520] [info] [thread 28368] audio.nb_samples=1024, channels=2, channel_layout=stereo, format=8, sample_rate=44100
[2026-03-19 12:10:41.520] [info] [thread 28368] audio frame data pointers: data[0]=0x21916b27480, data[1]=0x21916f92a00
[2026-03-19 12:10:41.542] [info] [thread 31788] read_thread loop: ret=0, pkt->stream_index=1, audioq.size=21612, videoq.size=573767, eof=0
[2026-03-19 12:10:41.543] [info] [thread 31788] audio_stream: 1, video_stream: 0
[2026-03-19 12:10:41.543] [info] [thread 31788] audio packet pts: 334848, audio_pkt_size=337
[2026-03-19 12:10:41.544] [info] [thread 31788] read_thread loop: ret=0, pkt->stream_index=0, audioq.size=22069, videoq.size=573767, eof=0
[2026-03-19 12:10:41.544] [info] [thread 31788] audio_stream: 1, video_stream: 0
[2026-03-19 12:10:41.560] [info] [thread 28368] audio.nb_samples=1024, channels=2, channel_layout=stereo, format=8, sample_rate=44100
[2026-03-19 12:10:41.560] [info] [thread 28368] audio frame data pointers: data[0]=0x21916f96e40, data[1]=0x21916f9b500
[2026-03-19 12:10:41.575] [info] [thread 31788] read_thread loop: ret=0, pkt->stream_index=1, audioq.size=21562, videoq.size=581957, eof=0
[2026-03-19 12:10:41.576] [info] [thread 31788] audio_stream: 1, video_stream: 0
[2026-03-19 12:10:41.577] [info] [thread 31788] audio packet pts: 335872, audio_pkt_size=344
[2026-03-19 12:10:41.577] [info] [thread 31788] read_thread loop: ret=0, pkt->stream_index=0, audioq.size=22026, videoq.size=581957, eof=0
[2026-03-19 12:10:41.577] [info] [thread 31788] audio_stream: 1, video_stream: 0
[2026-03-19 12:10:41.600] [info] [thread 31788] read_thread loop: ret=0, pkt->stream_index=1, audioq.size=22026, videoq.size=584071, eof=0
[2026-03-19 12:10:41.600] [info] [thread 31788] audio_stream: 1, video_stream: 0
[2026-03-19 12:10:41.601] [info] [thread 31788] audio packet pts: 336896, audio_pkt_size=352
[2026-03-19 12:10:41.601] [info] [thread 31788] read_thread loop: ret=0, pkt->stream_index=0, audioq.size=22498, videoq.size=584071, eof=0
[2026-03-19 12:10:41.602] [info] [thread 31788] audio_stream: 1, video_stream: 0
[2026-03-19 12:10:41.610] [info] [thread 28368] audio.nb_samples=1024, channels=2, channel_layout=stereo, format=8, sample_rate=44100
[2026-03-19 12:10:41.610] [info] [thread 28368] audio frame data pointers: data[0]=0x21916a5bb00, data[1]=0x21916f98e80
[2026-03-19 12:10:41.633] [info] [thread 31788] read_thread loop: ret=0, pkt->stream_index=0, audioq.size=21960, videoq.size=573009, eof=0
[2026-03-19 12:10:41.633] [info] [thread 31788] audio_stream: 1, video_stream: 0
[2026-03-19 12:10:41.660] [info] [thread 28368] audio.nb_samples=1024, channels=2, channel_layout=stereo, format=8, sample_rate=44100
[2026-03-19 12:10:41.660] [info] [thread 28368] audio frame data pointers: data[0]=0x21916a5db80, data[1]=0x2191427f980
[2026-03-19 12:10:41.666] [info] [thread 31788] read_thread loop: ret=0, pkt->stream_index=1, audioq.size=21418, videoq.size=580139, eof=0
[2026-03-19 12:10:41.667] [info] [thread 31788] audio_stream: 1, video_stream: 0
[2026-03-19 12:10:41.667] [info] [thread 31788] audio packet pts: 337920, audio_pkt_size=360
[2026-03-19 12:10:41.667] [info] [thread 31788] read_thread loop: ret=0, pkt->stream_index=0, audioq.size=21898, videoq.size=580139, eof=0
[2026-03-19 12:10:41.668] [info] [thread 31788] audio_stream: 1, video_stream: 0
[2026-03-19 12:10:41.700] [info] [thread 28368] audio.nb_samples=1024, channels=2, channel_layout=stereo, format=8, sample_rate=44100
[2026-03-19 12:10:41.700] [info] [thread 28368] audio frame data pointers: data[0]=0x21914279380, data[1]=0x2191427b580
[2026-03-19 12:10:41.701] [info] [thread 31788] read_thread loop: ret=0, pkt->stream_index=1, audioq.size=21446, videoq.size=587254, eof=0
[2026-03-19 12:10:41.702] [info] [thread 31788] audio_stream: 1, video_stream: 0
[2026-03-19 12:10:41.702] [info] [thread 31788] audio packet pts: 338944, audio_pkt_size=351
[2026-03-19 12:10:41.703] [info] [thread 31788] read_thread loop: ret=0, pkt->stream_index=0, audioq.size=21917, videoq.size=587254, eof=0
[2026-03-19 12:10:41.703] [info] [thread 31788] audio_stream: 1, video_stream: 0
[2026-03-19 12:10:41.746] [info] [thread 31788] read_thread loop: ret=0, pkt->stream_index=0, audioq.size=21917, videoq.size=588092, eof=0
[2026-03-19 12:10:41.746] [info] [thread 31788] audio_stream: 1, video_stream: 0
[2026-03-19 12:10:41.750] [info] [thread 28368] audio.nb_samples=1024, channels=2, channel_layout=stereo, format=8, sample_rate=44100
[2026-03-19 12:10:41.750] [info] [thread 28368] audio frame data pointers: data[0]=0x21914281bc0, data[1]=0x21914283dc0
[2026-03-19 12:10:41.778] [info] [thread 31788] read_thread loop: ret=0, pkt->stream_index=1, audioq.size=21450, videoq.size=570153, eof=0
[2026-03-19 12:10:41.779] [info] [thread 31788] audio_stream: 1, video_stream: 0
[2026-03-19 12:10:41.779] [info] [thread 31788] audio packet pts: 339968, audio_pkt_size=352
[2026-03-19 12:10:41.780] [info] [thread 31788] read_thread loop: ret=0, pkt->stream_index=0, audioq.size=21922, videoq.size=570153, eof=0
[2026-03-19 12:10:41.780] [info] [thread 31788] audio_stream: 1, video_stream: 0
[2026-03-19 12:10:41.790] [info] [thread 28368] audio.nb_samples=1024, channels=2, channel_layout=stereo, format=8, sample_rate=44100
[2026-03-19 12:10:41.790] [info] [thread 28368] audio frame data pointers: data[0]=0x2191427d780, data[1]=0x21914285fc0
[2026-03-19 12:10:41.800] [info] [thread 31788] read_thread loop: ret=0, pkt->stream_index=1, audioq.size=21461, videoq.size=567068, eof=0
[2026-03-19 12:10:41.801] [info] [thread 31788] audio_stream: 1, video_stream: 0
[2026-03-19 12:10:41.802] [info] [thread 31788] audio packet pts: 340992, audio_pkt_size=352
[2026-03-19 12:10:41.803] [info] [thread 31788] read_thread loop: ret=0, pkt->stream_index=0, audioq.size=21933, videoq.size=567068, eof=0
[2026-03-19 12:10:41.804] [info] [thread 31788] audio_stream: 1, video_stream: 0
[2026-03-19 12:10:41.836] [info] [thread 31788] read_thread loop: ret=0, pkt->stream_index=1, audioq.size=21933, videoq.size=564923, eof=0
[2026-03-19 12:10:41.837] [info] [thread 31788] audio_stream: 1, video_stream: 0
[2026-03-19 12:10:41.838] [info] [thread 31788] audio packet pts: 342016, audio_pkt_size=382
[2026-03-19 12:10:41.838] [info] [thread 31788] read_thread loop: ret=0, pkt->stream_index=0, audioq.size=22435, videoq.size=564923, eof=0
[2026-03-19 12:10:41.839] [info] [thread 31788] audio_stream: 1, video_stream: 0
[2026-03-19 12:10:41.840] [info] [thread 28368] audio.nb_samples=1024, channels=2, channel_layout=stereo, format=8, sample_rate=44100
[2026-03-19 12:10:41.840] [info] [thread 28368] audio frame data pointers: data[0]=0x219142881c0, data[1]=0x2191428c600
[2026-03-19 12:10:41.870] [info] [thread 31788] read_thread loop: ret=0, pkt->stream_index=0, audioq.size=21972, videoq.size=563673, eof=0
[2026-03-19 12:10:41.871] [info] [thread 31788] audio_stream: 1, video_stream: 0
[2026-03-19 12:10:41.890] [info] [thread 28368] audio.nb_samples=1024, channels=2, channel_layout=stereo, format=8, sample_rate=44100
[2026-03-19 12:10:41.890] [info] [thread 28368] audio frame data pointers: data[0]=0x2191428a400, data[1]=0x21914290a00
[2026-03-19 12:10:41.902] [info] [thread 31788] read_thread loop: ret=0, pkt->stream_index=1, audioq.size=21477, videoq.size=561283, eof=0
[2026-03-19 12:10:41.903] [info] [thread 31788] audio_stream: 1, video_stream: 0
[2026-03-19 12:10:41.904] [info] [thread 31788] audio packet pts: 343040, audio_pkt_size=434
[2026-03-19 12:10:41.904] [info] [thread 31788] read_thread loop: ret=0, pkt->stream_index=0, audioq.size=22031, videoq.size=561283, eof=0
[2026-03-19 12:10:41.904] [info] [thread 31788] audio_stream: 1, video_stream: 0
[2026-03-19 12:10:41.930] [info] [thread 28368] audio.nb_samples=1024, channels=2, channel_layout=stereo, format=8, sample_rate=44100
[2026-03-19 12:10:41.930] [info] [thread 28368] audio frame data pointers: data[0]=0x2191478a0c0, data[1]=0x21914788040
[2026-03-19 12:10:41.946] [info] [thread 31788] read_thread loop: ret=0, pkt->stream_index=1, audioq.size=21501, videoq.size=557986, eof=0
[2026-03-19 12:10:41.947] [info] [thread 31788] audio_stream: 1, video_stream: 0
[2026-03-19 12:10:41.948] [info] [thread 31788] audio packet pts: 344064, audio_pkt_size=454
[2026-03-19 12:10:41.948] [info] [thread 31788] read_thread loop: ret=0, pkt->stream_index=0, audioq.size=22075, videoq.size=557986, eof=0
[2026-03-19 12:10:41.949] [info] [thread 31788] audio_stream: 1, video_stream: 0
[2026-03-19 12:10:41.980] [info] [thread 31788] read_thread loop: ret=0, pkt->stream_index=0, audioq.size=22075, videoq.size=562094, eof=0
[2026-03-19 12:10:41.980] [info] [thread 28368] audio.nb_samples=1024, channels=2, channel_layout=stereo, format=8, sample_rate=44100
[2026-03-19 12:10:41.981] [info] [thread 31788] audio_stream: 1, video_stream: 0
[2026-03-19 12:10:41.981] [info] [thread 28368] audio frame data pointers: data[0]=0x21916f92a00, data[1]=0x21916b27480
[2026-03-19 12:10:42.013] [info] [thread 31788] read_thread loop: ret=0, pkt->stream_index=1, audioq.size=21622, videoq.size=560013, eof=0
[2026-03-19 12:10:42.013] [info] [thread 31788] audio_stream: 1, video_stream: 0
[2026-03-19 12:10:42.014] [info] [thread 31788] audio packet pts: 345088, audio_pkt_size=342
[2026-03-19 12:10:42.014] [info] [thread 31788] read_thread loop: ret=0, pkt->stream_index=0, audioq.size=22084, videoq.size=560013, eof=0
[2026-03-19 12:10:42.015] [info] [thread 31788] audio_stream: 1, video_stream: 0
[2026-03-19 12:10:42.030] [info] [thread 28368] audio.nb_samples=1024, channels=2, channel_layout=stereo, format=8, sample_rate=44100
[2026-03-19 12:10:42.030] [info] [thread 28368] audio frame data pointers: data[0]=0x21916f9b500, data[1]=0x21916f96e40
[2026-03-19 12:10:42.036] [info] [thread 31788] read_thread loop: ret=0, pkt->stream_index=1, audioq.size=21634, videoq.size=554236, eof=0
[2026-03-19 12:10:42.036] [info] [thread 31788] audio_stream: 1, video_stream: 0
[2026-03-19 12:10:42.037] [info] [thread 31788] audio packet pts: 346112, audio_pkt_size=420
[2026-03-19 12:10:42.037] [info] [thread 31788] read_thread loop: ret=0, pkt->stream_index=0, audioq.size=22174, videoq.size=554236, eof=0
[2026-03-19 12:10:42.037] [info] [thread 31788] audio_stream: 1, video_stream: 0
[2026-03-19 12:10:42.070] [info] [thread 28368] audio.nb_samples=1024, channels=2, channel_layout=stereo, format=8, sample_rate=44100
[2026-03-19 12:10:42.070] [info] [thread 31788] read_thread loop: ret=0, pkt->stream_index=1, audioq.size=21655, videoq.size=557714, eof=0
[2026-03-19 12:10:42.071] [info] [thread 31788] audio_stream: 1, video_stream: 0
[2026-03-19 12:10:42.070] [info] [thread 28368] audio frame data pointers: data[0]=0x21916f98e80, data[1]=0x21916a5bb00
[2026-03-19 12:10:42.071] [info] [thread 31788] audio packet pts: 347136, audio_pkt_size=431
[2026-03-19 12:10:42.072] [info] [thread 31788] read_thread loop: ret=0, pkt->stream_index=0, audioq.size=22206, videoq.size=557714, eof=0
[2026-03-19 12:10:42.072] [info] [thread 31788] audio_stream: 1, video_stream: 0
[2026-03-19 12:10:42.104] [info] [thread 31788] read_thread loop: ret=0, pkt->stream_index=0, audioq.size=22206, videoq.size=559173, eof=0
[2026-03-19 12:10:42.105] [info] [thread 31788] audio_stream: 1, video_stream: 0
[2026-03-19 12:10:42.120] [info] [thread 28368] audio.nb_samples=1024, channels=2, channel_layout=stereo, format=8, sample_rate=44100
[2026-03-19 12:10:42.120] [info] [thread 28368] audio frame data pointers: data[0]=0x2191427f980, data[1]=0x21916a5db80
[2026-03-19 12:10:42.136] [info] [thread 31788] read_thread loop: ret=0, pkt->stream_index=1, audioq.size=21736, videoq.size=562516, eof=0
[2026-03-19 12:10:42.136] [info] [thread 31788] audio_stream: 1, video_stream: 0
[2026-03-19 12:10:42.137] [info] [thread 31788] audio packet pts: 348160, audio_pkt_size=380
[2026-03-19 12:10:42.138] [info] [thread 31788] read_thread loop: ret=0, pkt->stream_index=0, audioq.size=22236, videoq.size=562516, eof=0
[2026-03-19 12:10:42.138] [info] [thread 31788] audio_stream: 1, video_stream: 0
[2026-03-19 12:10:42.170] [info] [thread 28368] audio.nb_samples=1024, channels=2, channel_layout=stereo, format=8, sample_rate=44100
[2026-03-19 12:10:42.170] [info] [thread 28368] audio frame data pointers: data[0]=0x2191427b580, data[1]=0x21914279380
[2026-03-19 12:10:42.181] [info] [thread 31788] read_thread loop: ret=0, pkt->stream_index=1, audioq.size=21772, videoq.size=553584, eof=0
[2026-03-19 12:10:42.182] [info] [thread 31788] audio_stream: 1, video_stream: 0
[2026-03-19 12:10:42.182] [info] [thread 31788] audio packet pts: 349184, audio_pkt_size=395
[2026-03-19 12:10:42.183] [info] [thread 31788] read_thread loop: ret=0, pkt->stream_index=0, audioq.size=22287, videoq.size=553584, eof=0
[2026-03-19 12:10:42.183] [info] [thread 31788] audio_stream: 1, video_stream: 0
[2026-03-19 12:10:42.210] [info] [thread 28368] audio.nb_samples=1024, channels=2, channel_layout=stereo, format=8, sample_rate=44100
[2026-03-19 12:10:42.210] [info] [thread 28368] audio frame data pointers: data[0]=0x21914283dc0, data[1]=0x21914281bc0
[2026-03-19 12:10:42.214] [info] [thread 31788] read_thread loop: ret=0, pkt->stream_index=1, audioq.size=21826, videoq.size=555743, eof=0
[2026-03-19 12:10:42.215] [info] [thread 31788] audio_stream: 1, video_stream: 0
[2026-03-19 12:10:42.215] [info] [thread 31788] audio packet pts: 350208, audio_pkt_size=364
[2026-03-19 12:10:42.216] [info] [thread 31788] read_thread loop: ret=0, pkt->stream_index=0, audioq.size=22310, videoq.size=555743, eof=0
[2026-03-19 12:10:42.216] [info] [thread 31788] audio_stream: 1, video_stream: 0
[2026-03-19 12:10:42.247] [info] [thread 31788] read_thread loop: ret=0, pkt->stream_index=0, audioq.size=22310, videoq.size=556127, eof=0
[2026-03-19 12:10:42.247] [info] [thread 31788] audio_stream: 1, video_stream: 0
[2026-03-19 12:10:42.260] [info] [thread 28368] audio.nb_samples=1024, channels=2, channel_layout=stereo, format=8, sample_rate=44100
[2026-03-19 12:10:42.260] [info] [thread 28368] audio frame data pointers: data[0]=0x21914285fc0, data[1]=0x2191427d780
[2026-03-19 12:10:42.270] [info] [thread 31788] read_thread loop: ret=0, pkt->stream_index=1, audioq.size=21802, videoq.size=565101, eof=0
[2026-03-19 12:10:42.270] [info] [thread 31788] audio_stream: 1, video_stream: 0
[2026-03-19 12:10:42.271] [info] [thread 31788] audio packet pts: 351232, audio_pkt_size=375
[2026-03-19 12:10:42.271] [info] [thread 31788] read_thread loop: ret=0, pkt->stream_index=0, audioq.size=22297, videoq.size=565101, eof=0
[2026-03-19 12:10:42.272] [info] [thread 31788] audio_stream: 1, video_stream: 0
[2026-03-19 12:10:42.303] [info] [thread 31788] read_thread loop: ret=0, pkt->stream_index=1, audioq.size=22297, videoq.size=557783, eof=0
[2026-03-19 12:10:42.304] [info] [thread 31788] audio_stream: 1, video_stream: 0
[2026-03-19 12:10:42.304] [info] [thread 31788] audio packet pts: 352256, audio_pkt_size=362
[2026-03-19 12:10:42.304] [info] [thread 31788] read_thread loop: ret=0, pkt->stream_index=0, audioq.size=22779, videoq.size=557783, eof=0
[2026-03-19 12:10:42.305] [info] [thread 31788] audio_stream: 1, video_stream: 0
[2026-03-19 12:10:42.310] [info] [thread 28368] audio.nb_samples=1024, channels=2, channel_layout=stereo, format=8, sample_rate=44100
[2026-03-19 12:10:42.310] [info] [thread 28368] audio frame data pointers: data[0]=0x2191428c600, data[1]=0x219142881c0
[2026-03-19 12:10:42.336] [info] [thread 31788] read_thread loop: ret=0, pkt->stream_index=0, audioq.size=22166, videoq.size=554483, eof=0
[2026-03-19 12:10:42.336] [info] [thread 31788] audio_stream: 1, video_stream: 0
[2026-03-19 12:10:42.350] [info] [thread 28368] audio.nb_samples=1024, channels=2, channel_layout=stereo, format=8, sample_rate=44100
[2026-03-19 12:10:42.350] [info] [thread 28368] audio frame data pointers: data[0]=0x21914290a00, data[1]=0x2191428a400
[2026-03-19 12:10:42.368] [info] [thread 31788] read_thread loop: ret=0, pkt->stream_index=1, audioq.size=21643, videoq.size=554937, eof=0
[2026-03-19 12:10:42.368] [info] [thread 31788] audio_stream: 1, video_stream: 0
[2026-03-19 12:10:42.369] [info] [thread 31788] audio packet pts: 353280, audio_pkt_size=357
[2026-03-19 12:10:42.369] [info] [thread 31788] read_thread loop: ret=0, pkt->stream_index=0, audioq.size=22120, videoq.size=554937, eof=0
[2026-03-19 12:10:42.370] [info] [thread 31788] audio_stream: 1, video_stream: 0
[2026-03-19 12:10:42.400] [info] [thread 28368] audio.nb_samples=1024, channels=2, channel_layout=stereo, format=8, sample_rate=44100
[2026-03-19 12:10:42.400] [info] [thread 28368] audio frame data pointers: data[0]=0x21914788040, data[1]=0x2191478a0c0
[2026-03-19 12:10:42.402] [info] [thread 31788] read_thread loop: ret=0, pkt->stream_index=1, audioq.size=21640, videoq.size=561956, eof=0
[2026-03-19 12:10:42.403] [info] [thread 31788] audio_stream: 1, video_stream: 0
[2026-03-19 12:10:42.404] [info] [thread 31788] audio packet pts: 354304, audio_pkt_size=416
[2026-03-19 12:10:42.404] [info] [thread 31788] read_thread loop: ret=0, pkt->stream_index=0, audioq.size=22176, videoq.size=561956, eof=0
[2026-03-19 12:10:42.404] [info] [thread 31788] audio_stream: 1, video_stream: 0
[2026-03-19 12:10:42.435] [info] [thread 31788] read_thread loop: ret=0, pkt->stream_index=1, audioq.size=22176, videoq.size=552250, eof=0
[2026-03-19 12:10:42.436] [info] [thread 31788] audio_stream: 1, video_stream: 0
[2026-03-19 12:10:42.436] [info] [thread 31788] audio packet pts: 355328, audio_pkt_size=358
[2026-03-19 12:10:42.437] [info] [thread 31788] read_thread loop: ret=0, pkt->stream_index=0, audioq.size=22654, videoq.size=552250, eof=0
[2026-03-19 12:10:42.438] [info] [thread 31788] audio_stream: 1, video_stream: 0
[2026-03-19 12:10:42.440] [info] [thread 28368] audio.nb_samples=1024, channels=2, channel_layout=stereo, format=8, sample_rate=44100
[2026-03-19 12:10:42.440] [info] [thread 28368] audio frame data pointers: data[0]=0x21916b27480, data[1]=0x21916f92a00
[2026-03-19 12:10:42.480] [info] [thread 31788] read_thread loop: ret=0, pkt->stream_index=0, audioq.size=22146, videoq.size=548811, eof=0
[2026-03-19 12:10:42.480] [info] [thread 31788] audio_stream: 1, video_stream: 0
[2026-03-19 12:10:42.490] [info] [thread 28368] audio.nb_samples=1024, channels=2, channel_layout=stereo, format=8, sample_rate=44100
[2026-03-19 12:10:42.490] [info] [thread 28368] audio frame data pointers: data[0]=0x21916f96e40, data[1]=0x21916f9b500
[2026-03-19 12:10:42.512] [info] [thread 31788] read_thread loop: ret=0, pkt->stream_index=1, audioq.size=21612, videoq.size=547864, eof=0
[2026-03-19 12:10:42.513] [info] [thread 31788] audio_stream: 1, video_stream: 0
[2026-03-19 12:10:42.513] [info] [thread 31788] audio packet pts: 356352, audio_pkt_size=327
[2026-03-19 12:10:42.514] [info] [thread 31788] read_thread loop: ret=0, pkt->stream_index=0, audioq.size=22059, videoq.size=547864, eof=0
[2026-03-19 12:10:42.514] [info] [thread 31788] audio_stream: 1, video_stream: 0
[2026-03-19 12:10:42.536] [info] [thread 31788] read_thread loop: ret=0, pkt->stream_index=1, audioq.size=22059, videoq.size=553706, eof=0
[2026-03-19 12:10:42.537] [info] [thread 31788] audio_stream: 1, video_stream: 0
[2026-03-19 12:10:42.537] [info] [thread 31788] audio packet pts: 357376, audio_pkt_size=329
[2026-03-19 12:10:42.538] [info] [thread 31788] read_thread loop: ret=0, pkt->stream_index=0, audioq.size=22508, videoq.size=553706, eof=0
[2026-03-19 12:10:42.538] [info] [thread 31788] audio_stream: 1, video_stream: 0
[2026-03-19 12:10:42.540] [info] [thread 28368] audio.nb_samples=1024, channels=2, channel_layout=stereo, format=8, sample_rate=44100
[2026-03-19 12:10:42.540] [info] [thread 28368] audio frame data pointers: data[0]=0x21916a5bb00, data[1]=0x21916f98e80
[2026-03-19 12:10:42.569] [info] [thread 31788] read_thread loop: ret=0, pkt->stream_index=0, audioq.size=22013, videoq.size=547794, eof=0
[2026-03-19 12:10:42.570] [info] [thread 31788] audio_stream: 1, video_stream: 0
[2026-03-19 12:10:42.580] [info] [thread 28368] audio.nb_samples=1024, channels=2, channel_layout=stereo, format=8, sample_rate=44100
[2026-03-19 12:10:42.580] [info] [thread 28368] audio frame data pointers: data[0]=0x21916a5db80, data[1]=0x2191427f980
[2026-03-19 12:10:42.600] [info] [thread 31788] read_thread loop: ret=0, pkt->stream_index=1, audioq.size=21553, videoq.size=545061, eof=0
[2026-03-19 12:10:42.601] [info] [thread 31788] audio_stream: 1, video_stream: 0
[2026-03-19 12:10:42.602] [info] [thread 31788] audio packet pts: 358400, audio_pkt_size=334
[2026-03-19 12:10:42.602] [info] [thread 31788] read_thread loop: ret=0, pkt->stream_index=0, audioq.size=22007, videoq.size=545061, eof=0
[2026-03-19 12:10:42.602] [info] [thread 31788] audio_stream: 1, video_stream: 0
[2026-03-19 12:10:42.630] [info] [thread 28368] audio.nb_samples=1024, channels=2, channel_layout=stereo, format=8, sample_rate=44100
[2026-03-19 12:10:42.630] [info] [thread 28368] audio frame data pointers: data[0]=0x21914279380, data[1]=0x2191427b580
[2026-03-19 12:10:42.634] [info] [thread 31788] read_thread loop: ret=0, pkt->stream_index=1, audioq.size=21549, videoq.size=544896, eof=0
[2026-03-19 12:10:42.634] [info] [thread 31788] audio_stream: 1, video_stream: 0
[2026-03-19 12:10:42.634] [info] [thread 31788] audio packet pts: 359424, audio_pkt_size=341
[2026-03-19 12:10:42.634] [info] [thread 31788] read_thread loop: ret=0, pkt->stream_index=0, audioq.size=22010, videoq.size=544896, eof=0
[2026-03-19 12:10:42.634] [info] [thread 31788] audio_stream: 1, video_stream: 0
[2026-03-19 12:10:42.665] [info] [thread 31788] read_thread loop: ret=0, pkt->stream_index=1, audioq.size=22010, videoq.size=554428, eof=0
[2026-03-19 12:10:42.666] [info] [thread 31788] audio_stream: 1, video_stream: 0
[2026-03-19 12:10:42.666] [info] [thread 31788] audio packet pts: 360448, audio_pkt_size=340
[2026-03-19 12:10:42.667] [info] [thread 31788] read_thread loop: ret=0, pkt->stream_index=0, audioq.size=22470, videoq.size=554428, eof=0
[2026-03-19 12:10:42.667] [info] [thread 31788] audio_stream: 1, video_stream: 0
[2026-03-19 12:10:42.680] [info] [thread 28368] audio.nb_samples=1024, channels=2, channel_layout=stereo, format=8, sample_rate=44100
[2026-03-19 12:10:42.680] [info] [thread 28368] audio frame data pointers: data[0]=0x21914281bc0, data[1]=0x21914283dc0
[2026-03-19 12:10:42.709] [info] [thread 31788] read_thread loop: ret=0, pkt->stream_index=0, audioq.size=22016, videoq.size=553257, eof=0
[2026-03-19 12:10:42.710] [info] [thread 31788] audio_stream: 1, video_stream: 0
[2026-03-19 12:10:42.720] [info] [thread 28368] audio.nb_samples=1024, channels=2, channel_layout=stereo, format=8, sample_rate=44100
[2026-03-19 12:10:42.720] [info] [thread 28368] audio frame data pointers: data[0]=0x2191427d780, data[1]=0x21914285fc0
[2026-03-19 12:10:42.741] [info] [thread 31788] read_thread loop: ret=0, pkt->stream_index=1, audioq.size=21544, videoq.size=552715, eof=0
[2026-03-19 12:10:42.742] [info] [thread 31788] audio_stream: 1, video_stream: 0
[2026-03-19 12:10:42.743] [info] [thread 31788] audio packet pts: 361472, audio_pkt_size=347
[2026-03-19 12:10:42.743] [info] [thread 31788] read_thread loop: ret=0, pkt->stream_index=0, audioq.size=22011, videoq.size=552715, eof=0
[2026-03-19 12:10:42.744] [info] [thread 31788] audio_stream: 1, video_stream: 0
[2026-03-19 12:10:42.770] [info] [thread 28368] audio.nb_samples=1024, channels=2, channel_layout=stereo, format=8, sample_rate=44100
[2026-03-19 12:10:42.770] [info] [thread 28368] audio frame data pointers: data[0]=0x219142881c0, data[1]=0x2191428c600
[2026-03-19 12:10:42.775] [info] [thread 31788] read_thread loop: ret=0, pkt->stream_index=1, audioq.size=21558, videoq.size=556024, eof=0
[2026-03-19 12:10:42.776] [info] [thread 31788] audio_stream: 1, video_stream: 0
[2026-03-19 12:10:42.776] [info] [thread 31788] audio packet pts: 362496, audio_pkt_size=375
[2026-03-19 12:10:42.777] [info] [thread 31788] read_thread loop: ret=0, pkt->stream_index=0, audioq.size=22053, videoq.size=556024, eof=0
[2026-03-19 12:10:42.777] [info] [thread 31788] audio_stream: 1, video_stream: 0
[2026-03-19 12:10:42.809] [info] [thread 31788] read_thread loop: ret=0, pkt->stream_index=0, audioq.size=22053, videoq.size=565639, eof=0
[2026-03-19 12:10:42.810] [info] [thread 31788] audio_stream: 1, video_stream: 0
[2026-03-19 12:10:42.820] [info] [thread 28368] audio.nb_samples=1024, channels=2, channel_layout=stereo, format=8, sample_rate=44100
[2026-03-19 12:10:42.820] [info] [thread 28368] audio frame data pointers: data[0]=0x2191428a400, data[1]=0x21914290a00
[2026-03-19 12:10:42.853] [info] [thread 31788] read_thread loop: ret=0, pkt->stream_index=1, audioq.size=21588, videoq.size=560304, eof=0
[2026-03-19 12:10:42.854] [info] [thread 31788] audio_stream: 1, video_stream: 0
[2026-03-19 12:10:42.854] [info] [thread 31788] audio packet pts: 363520, audio_pkt_size=372
[2026-03-19 12:10:42.855] [info] [thread 31788] read_thread loop: ret=0, pkt->stream_index=0, audioq.size=22080, videoq.size=560304, eof=0
[2026-03-19 12:10:42.855] [info] [thread 31788] audio_stream: 1, video_stream: 0
[2026-03-19 12:10:42.860] [info] [thread 28368] audio.nb_samples=1024, channels=2, channel_layout=stereo, format=8, sample_rate=44100
[2026-03-19 12:10:42.860] [info] [thread 28368] audio frame data pointers: data[0]=0x2191478a0c0, data[1]=0x21914788040
[2026-03-19 12:10:42.866] [info] [thread 31788] read_thread loop: ret=0, pkt->stream_index=1, audioq.size=21611, videoq.size=559290, eof=0
[2026-03-19 12:10:42.867] [info] [thread 31788] audio_stream: 1, video_stream: 0
[2026-03-19 12:10:42.867] [info] [thread 31788] audio packet pts: 364544, audio_pkt_size=412
[2026-03-19 12:10:42.867] [info] [thread 31788] read_thread loop: ret=0, pkt->stream_index=0, audioq.size=22143, videoq.size=559290, eof=0
[2026-03-19 12:10:42.867] [info] [thread 31788] audio_stream: 1, video_stream: 0
[2026-03-19 12:10:42.901] [info] [thread 31788] read_thread loop: ret=0, pkt->stream_index=1, audioq.size=22143, videoq.size=568862, eof=0
[2026-03-19 12:10:42.901] [info] [thread 31788] audio_stream: 1, video_stream: 0
[2026-03-19 12:10:42.902] [info] [thread 31788] audio packet pts: 365568, audio_pkt_size=376
[2026-03-19 12:10:42.902] [info] [thread 31788] read_thread loop: ret=0, pkt->stream_index=0, audioq.size=22639, videoq.size=568862, eof=0
[2026-03-19 12:10:42.903] [info] [thread 31788] audio_stream: 1, video_stream: 0
[2026-03-19 12:10:42.910] [info] [thread 28368] audio.nb_samples=1024, channels=2, channel_layout=stereo, format=8, sample_rate=44100
[2026-03-19 12:10:42.911] [info] [thread 28368] audio frame data pointers: data[0]=0x21916f92a00, data[1]=0x21916b27480
[2026-03-19 12:10:42.935] [info] [thread 31788] read_thread loop: ret=0, pkt->stream_index=0, audioq.size=22161, videoq.size=571942, eof=0
[2026-03-19 12:10:42.935] [info] [thread 31788] audio_stream: 1, video_stream: 0
[2026-03-19 12:10:42.960] [info] [thread 28368] audio.nb_samples=1024, channels=2, channel_layout=stereo, format=8, sample_rate=44100
[2026-03-19 12:10:42.960] [info] [thread 28368] audio frame data pointers: data[0]=0x21916f9b500, data[1]=0x21916f96e40
[2026-03-19 12:10:42.979] [info] [thread 31788] read_thread loop: ret=0, pkt->stream_index=1, audioq.size=21667, videoq.size=559713, eof=0
[2026-03-19 12:10:42.979] [info] [thread 31788] audio_stream: 1, video_stream: 0
[2026-03-19 12:10:42.980] [info] [thread 31788] audio packet pts: 366592, audio_pkt_size=421
[2026-03-19 12:10:42.980] [info] [thread 31788] read_thread loop: ret=0, pkt->stream_index=0, audioq.size=22208, videoq.size=559713, eof=0
[2026-03-19 12:10:42.980] [info] [thread 31788] audio_stream: 1, video_stream: 0
[2026-03-19 12:10:43.000] [info] [thread 28368] audio.nb_samples=1024, channels=2, channel_layout=stereo, format=8, sample_rate=44100
[2026-03-19 12:10:43.000] [info] [thread 28368] audio frame data pointers: data[0]=0x21916f98e80, data[1]=0x21916a5bb00
[2026-03-19 12:10:43.013] [info] [thread 31788] read_thread loop: ret=0, pkt->stream_index=1, audioq.size=21740, videoq.size=555396, eof=0
[2026-03-19 12:10:43.014] [info] [thread 31788] audio_stream: 1, video_stream: 0
[2026-03-19 12:10:43.014] [info] [thread 31788] audio packet pts: 367616, audio_pkt_size=432
[2026-03-19 12:10:43.015] [info] [thread 31788] read_thread loop: ret=0, pkt->stream_index=0, audioq.size=22292, videoq.size=555396, eof=0
[2026-03-19 12:10:43.016] [info] [thread 31788] audio_stream: 1, video_stream: 0
[2026-03-19 12:10:43.038] [info] [thread 31788] read_thread loop: ret=0, pkt->stream_index=0, audioq.size=22292, videoq.size=563216, eof=0
[2026-03-19 12:10:43.038] [info] [thread 31788] audio_stream: 1, video_stream: 0
[2026-03-19 12:10:43.050] [info] [thread 28368] audio.nb_samples=1024, channels=2, channel_layout=stereo, format=8, sample_rate=44100
[2026-03-19 12:10:43.050] [info] [thread 28368] audio frame data pointers: data[0]=0x2191427f980, data[1]=0x21916a5db80
[2026-03-19 12:10:43.072] [info] [thread 31788] read_thread loop: ret=0, pkt->stream_index=1, audioq.size=21813, videoq.size=561012, eof=0
[2026-03-19 12:10:43.072] [info] [thread 31788] audio_stream: 1, video_stream: 0
[2026-03-19 12:10:43.073] [info] [thread 31788] audio packet pts: 368640, audio_pkt_size=404
[2026-03-19 12:10:43.073] [info] [thread 31788] read_thread loop: ret=0, pkt->stream_index=0, audioq.size=22337, videoq.size=561012, eof=0
[2026-03-19 12:10:43.074] [info] [thread 31788] audio_stream: 1, video_stream: 0
[2026-03-19 12:10:43.090] [info] [thread 28368] audio.nb_samples=1024, channels=2, channel_layout=stereo, format=8, sample_rate=44100
[2026-03-19 12:10:43.090] [info] [thread 28368] audio frame data pointers: data[0]=0x2191427b580, data[1]=0x21914279380
[2026-03-19 12:10:43.105] [info] [thread 31788] read_thread loop: ret=0, pkt->stream_index=1, audioq.size=21837, videoq.size=551466, eof=0
[2026-03-19 12:10:43.105] [info] [thread 31788] audio_stream: 1, video_stream: 0
[2026-03-19 12:10:43.106] [info] [thread 31788] audio packet pts: 369664, audio_pkt_size=404
[2026-03-19 12:10:43.106] [info] [thread 31788] read_thread loop: ret=0, pkt->stream_index=0, audioq.size=22361, videoq.size=551466, eof=0
[2026-03-19 12:10:43.106] [info] [thread 31788] audio_stream: 1, video_stream: 0
[2026-03-19 12:10:43.139] [info] [thread 31788] read_thread loop: ret=0, pkt->stream_index=1, audioq.size=22361, videoq.size=521712, eof=0
[2026-03-19 12:10:43.140] [info] [thread 31788] audio_stream: 1, video_stream: 0
[2026-03-19 12:10:43.140] [info] [thread 31788] audio packet pts: 370688, audio_pkt_size=410
[2026-03-19 12:10:43.140] [info] [thread 28368] audio.nb_samples=1024, channels=2, channel_layout=stereo, format=8, sample_rate=44100
[2026-03-19 12:10:43.141] [info] [thread 28368] audio frame data pointers: data[0]=0x21914283dc0, data[1]=0x21914281bc0
[2026-03-19 12:10:43.141] [info] [thread 31788] read_thread loop: ret=0, pkt->stream_index=0, audioq.size=22331, videoq.size=521712, eof=0
[2026-03-19 12:10:43.141] [info] [thread 31788] audio_stream: 1, video_stream: 0
[2026-03-19 12:10:43.184] [info] [thread 31788] read_thread loop: ret=0, pkt->stream_index=0, audioq.size=22331, videoq.size=510110, eof=0
[2026-03-19 12:10:43.184] [info] [thread 31788] audio_stream: 1, video_stream: 0
[2026-03-19 12:10:43.190] [info] [thread 28368] audio.nb_samples=1024, channels=2, channel_layout=stereo, format=8, sample_rate=44100
[2026-03-19 12:10:43.190] [info] [thread 28368] audio frame data pointers: data[0]=0x21914285fc0, data[1]=0x2191427d780
[2026-03-19 12:10:43.215] [info] [thread 31788] read_thread loop: ret=0, pkt->stream_index=1, audioq.size=21825, videoq.size=492964, eof=0
[2026-03-19 12:10:43.216] [info] [thread 31788] audio_stream: 1, video_stream: 0
[2026-03-19 12:10:43.217] [info] [thread 31788] audio packet pts: 371712, audio_pkt_size=380
[2026-03-19 12:10:43.217] [info] [thread 31788] read_thread loop: ret=0, pkt->stream_index=0, audioq.size=22325, videoq.size=492964, eof=0
[2026-03-19 12:10:43.217] [info] [thread 31788] audio_stream: 1, video_stream: 0
[2026-03-19 12:10:43.230] [info] [thread 28368] audio.nb_samples=1024, channels=2, channel_layout=stereo, format=8, sample_rate=44100
[2026-03-19 12:10:43.231] [info] [thread 28368] audio frame data pointers: data[0]=0x2191428c600, data[1]=0x219142881c0
[2026-03-19 12:10:43.239] [info] [thread 31788] read_thread loop: ret=0, pkt->stream_index=1, audioq.size=21825, videoq.size=481963, eof=0
[2026-03-19 12:10:43.239] [info] [thread 31788] audio_stream: 1, video_stream: 0
[2026-03-19 12:10:43.239] [info] [thread 31788] audio packet pts: 372736, audio_pkt_size=342
[2026-03-19 12:10:43.240] [info] [thread 31788] read_thread loop: ret=0, pkt->stream_index=0, audioq.size=22287, videoq.size=481963, eof=0
[2026-03-19 12:10:43.240] [info] [thread 31788] audio_stream: 1, video_stream: 0
[2026-03-19 12:10:43.271] [info] [thread 31788] read_thread loop: ret=0, pkt->stream_index=0, audioq.size=22287, videoq.size=488928, eof=0
[2026-03-19 12:10:43.272] [info] [thread 31788] audio_stream: 1, video_stream: 0
[2026-03-19 12:10:43.280] [info] [thread 28368] audio.nb_samples=1024, channels=2, channel_layout=stereo, format=8, sample_rate=44100
[2026-03-19 12:10:43.280] [info] [thread 28368] audio frame data pointers: data[0]=0x21914290a00, data[1]=0x2191428a400
[2026-03-19 12:10:43.304] [info] [thread 31788] read_thread loop: ret=0, pkt->stream_index=1, audioq.size=21780, videoq.size=478128, eof=0
[2026-03-19 12:10:43.304] [info] [thread 31788] audio_stream: 1, video_stream: 0
[2026-03-19 12:10:43.305] [info] [thread 31788] audio packet pts: 373760, audio_pkt_size=327
[2026-03-19 12:10:43.305] [info] [thread 31788] read_thread loop: ret=0, pkt->stream_index=0, audioq.size=22227, videoq.size=478128, eof=0
[2026-03-19 12:10:43.305] [info] [thread 31788] audio_stream: 1, video_stream: 0
[2026-03-19 12:10:43.330] [info] [thread 28368] audio.nb_samples=1024, channels=2, channel_layout=stereo, format=8, sample_rate=44100
[2026-03-19 12:10:43.331] [info] [thread 28368] audio frame data pointers: data[0]=0x21914788040, data[1]=0x2191478a0c0
[2026-03-19 12:10:43.338] [info] [thread 31788] read_thread loop: ret=0, pkt->stream_index=1, audioq.size=21749, videoq.size=470792, eof=0
[2026-03-19 12:10:43.339] [info] [thread 31788] audio_stream: 1, video_stream: 0
[2026-03-19 12:10:43.339] [info] [thread 31788] audio packet pts: 374784, audio_pkt_size=336
[2026-03-19 12:10:43.340] [info] [thread 31788] read_thread loop: ret=0, pkt->stream_index=0, audioq.size=22205, videoq.size=470792, eof=0
[2026-03-19 12:10:43.340] [info] [thread 31788] audio_stream: 1, video_stream: 0
[2026-03-19 12:10:43.370] [info] [thread 28368] audio.nb_samples=1024, channels=2, channel_layout=stereo, format=8, sample_rate=44100
[2026-03-19 12:10:43.371] [info] [thread 28368] audio frame data pointers: data[0]=0x21916b27480, data[1]=0x21916f92a00
[2026-03-19 12:10:43.372] [info] [thread 31788] read_thread loop: ret=0, pkt->stream_index=1, audioq.size=21728, videoq.size=465589, eof=0
[2026-03-19 12:10:43.373] [info] [thread 31788] audio_stream: 1, video_stream: 0
[2026-03-19 12:10:43.374] [info] [thread 31788] audio packet pts: 375808, audio_pkt_size=322
[2026-03-19 12:10:43.374] [info] [thread 31788] read_thread loop: ret=0, pkt->stream_index=0, audioq.size=22170, videoq.size=465589, eof=0
[2026-03-19 12:10:43.374] [info] [thread 31788] audio_stream: 1, video_stream: 0
[2026-03-19 12:10:43.417] [info] [thread 31788] read_thread loop: ret=0, pkt->stream_index=0, audioq.size=22170, videoq.size=461740, eof=0
[2026-03-19 12:10:43.417] [info] [thread 31788] audio_stream: 1, video_stream: 0
[2026-03-19 12:10:43.420] [info] [thread 28368] audio.nb_samples=1024, channels=2, channel_layout=stereo, format=8, sample_rate=44100
[2026-03-19 12:10:43.420] [info] [thread 28368] audio frame data pointers: data[0]=0x21916f96e40, data[1]=0x21916f9b500
[2026-03-19 12:10:43.449] [info] [thread 31788] read_thread loop: ret=0, pkt->stream_index=1, audioq.size=21653, videoq.size=460293, eof=0
[2026-03-19 12:10:43.450] [info] [thread 31788] audio_stream: 1, video_stream: 0
[2026-03-19 12:10:43.450] [info] [thread 31788] audio packet pts: 376832, audio_pkt_size=336
[2026-03-19 12:10:43.451] [info] [thread 31788] read_thread loop: ret=0, pkt->stream_index=0, audioq.size=22109, videoq.size=460293, eof=0
[2026-03-19 12:10:43.451] [info] [thread 31788] audio_stream: 1, video_stream: 0
[2026-03-19 12:10:43.470] [info] [thread 28368] audio.nb_samples=1024, channels=2, channel_layout=stereo, format=8, sample_rate=44100
[2026-03-19 12:10:43.470] [info] [thread 28368] audio frame data pointers: data[0]=0x21916a5bb00, data[1]=0x21916f98e80
[2026-03-19 12:10:43.472] [info] [thread 31788] read_thread loop: ret=0, pkt->stream_index=1, audioq.size=21593, videoq.size=458847, eof=0
[2026-03-19 12:10:43.473] [info] [thread 31788] audio_stream: 1, video_stream: 0
[2026-03-19 12:10:43.473] [info] [thread 31788] audio packet pts: 377856, audio_pkt_size=345
[2026-03-19 12:10:43.474] [info] [thread 31788] read_thread loop: ret=0, pkt->stream_index=0, audioq.size=22058, videoq.size=458847, eof=0
[2026-03-19 12:10:43.474] [info] [thread 31788] audio_stream: 1, video_stream: 0
[2026-03-19 12:10:43.506] [info] [thread 31788] read_thread loop: ret=0, pkt->stream_index=1, audioq.size=22058, videoq.size=459393, eof=0
[2026-03-19 12:10:43.507] [info] [thread 31788] audio_stream: 1, video_stream: 0
[2026-03-19 12:10:43.508] [info] [thread 31788] audio packet pts: 378880, audio_pkt_size=342
[2026-03-19 12:10:43.508] [info] [thread 31788] read_thread loop: ret=0, pkt->stream_index=0, audioq.size=22520, videoq.size=459393, eof=0
[2026-03-19 12:10:43.508] [info] [thread 31788] audio_stream: 1, video_stream: 0
[2026-03-19 12:10:43.510] [info] [thread 28368] audio.nb_samples=1024, channels=2, channel_layout=stereo, format=8, sample_rate=44100
[2026-03-19 12:10:43.510] [info] [thread 28368] audio frame data pointers: data[0]=0x21916a5db80, data[1]=0x2191427f980
[2026-03-19 12:10:43.541] [info] [thread 31788] read_thread loop: ret=0, pkt->stream_index=0, audioq.size=22013, videoq.size=456093, eof=0
[2026-03-19 12:10:43.542] [info] [thread 31788] audio_stream: 1, video_stream: 0
[2026-03-19 12:10:43.560] [info] [thread 28368] audio.nb_samples=1024, channels=2, channel_layout=stereo, format=8, sample_rate=44100
[2026-03-19 12:10:43.560] [info] [thread 28368] audio frame data pointers: data[0]=0x21914279380, data[1]=0x2191427b580
[2026-03-19 12:10:43.573] [info] [thread 31788] read_thread loop: ret=0, pkt->stream_index=1, audioq.size=21552, videoq.size=454853, eof=0
[2026-03-19 12:10:43.574] [info] [thread 31788] audio_stream: 1, video_stream: 0
[2026-03-19 12:10:43.574] [info] [thread 31788] audio packet pts: 379904, audio_pkt_size=386
[2026-03-19 12:10:43.574] [info] [thread 31788] read_thread loop: ret=0, pkt->stream_index=0, audioq.size=22058, videoq.size=454853, eof=0
[2026-03-19 12:10:43.575] [info] [thread 31788] audio_stream: 1, video_stream: 0
[2026-03-19 12:10:43.606] [info] [thread 31788] read_thread loop: ret=0, pkt->stream_index=1, audioq.size=22058, videoq.size=453652, eof=0
[2026-03-19 12:10:43.606] [info] [thread 31788] audio_stream: 1, video_stream: 0
[2026-03-19 12:10:43.607] [info] [thread 31788] audio packet pts: 380928, audio_pkt_size=383
[2026-03-19 12:10:43.607] [info] [thread 31788] read_thread loop: ret=0, pkt->stream_index=0, audioq.size=22561, videoq.size=453652, eof=0
[2026-03-19 12:10:43.607] [info] [thread 31788] audio_stream: 1, video_stream: 0
[2026-03-19 12:10:43.610] [info] [thread 28368] audio.nb_samples=1024, channels=2, channel_layout=stereo, format=8, sample_rate=44100
[2026-03-19 12:10:43.610] [info] [thread 28368] audio frame data pointers: data[0]=0x21914281bc0, data[1]=0x21914283dc0
[2026-03-19 12:10:43.649] [info] [thread 31788] read_thread loop: ret=0, pkt->stream_index=0, audioq.size=22104, videoq.size=453183, eof=0
[2026-03-19 12:10:43.650] [info] [thread 28368] audio.nb_samples=1024, channels=2, channel_layout=stereo, format=8, sample_rate=44100
[2026-03-19 12:10:43.650] [info] [thread 31788] audio_stream: 1, video_stream: 0
[2026-03-19 12:10:43.650] [info] [thread 28368] audio frame data pointers: data[0]=0x2191427d780, data[1]=0x21914285fc0
[2026-03-19 12:10:43.683] [info] [thread 31788] read_thread loop: ret=0, pkt->stream_index=1, audioq.size=21640, videoq.size=449128, eof=0
[2026-03-19 12:10:43.684] [info] [thread 31788] audio_stream: 1, video_stream: 0
[2026-03-19 12:10:43.684] [info] [thread 31788] audio packet pts: 381952, audio_pkt_size=386
[2026-03-19 12:10:43.684] [info] [thread 31788] read_thread loop: ret=0, pkt->stream_index=0, audioq.size=22146, videoq.size=449128, eof=0
[2026-03-19 12:10:43.685] [info] [thread 31788] audio_stream: 1, video_stream: 0
[2026-03-19 12:10:43.700] [info] [thread 28368] audio.nb_samples=1024, channels=2, channel_layout=stereo, format=8, sample_rate=44100
[2026-03-19 12:10:43.700] [info] [thread 28368] audio frame data pointers: data[0]=0x219142881c0, data[1]=0x2191428c600
[2026-03-19 12:10:43.716] [info] [thread 31788] read_thread loop: ret=0, pkt->stream_index=1, audioq.size=21674, videoq.size=446367, eof=0
[2026-03-19 12:10:43.717] [info] [thread 31788] audio_stream: 1, video_stream: 0
[2026-03-19 12:10:43.717] [info] [thread 31788] audio packet pts: 382976, audio_pkt_size=347
[2026-03-19 12:10:43.718] [info] [thread 31788] read_thread loop: ret=0, pkt->stream_index=0, audioq.size=22141, videoq.size=446367, eof=0
[2026-03-19 12:10:43.718] [info] [thread 31788] audio_stream: 1, video_stream: 0
[2026-03-19 12:10:43.739] [info] [thread 31788] read_thread loop: ret=0, pkt->stream_index=1, audioq.size=22141, videoq.size=443192, eof=0
[2026-03-19 12:10:43.739] [info] [thread 31788] audio_stream: 1, video_stream: 0
[2026-03-19 12:10:43.740] [info] [thread 28368] audio.nb_samples=1024, channels=2, channel_layout=stereo, format=8, sample_rate=44100
[2026-03-19 12:10:43.740] [info] [thread 28368] audio frame data pointers: data[0]=0x2191428a400, data[1]=0x21914290a00
[2026-03-19 12:10:43.740] [info] [thread 31788] audio packet pts: 384000, audio_pkt_size=354
[2026-03-19 12:10:43.740] [info] [thread 31788] read_thread loop: ret=0, pkt->stream_index=0, audioq.size=22135, videoq.size=443192, eof=0
[2026-03-19 12:10:43.741] [info] [thread 31788] audio_stream: 1, video_stream: 0
[2026-03-19 12:10:43.772] [info] [thread 31788] read_thread loop: ret=0, pkt->stream_index=0, audioq.size=22135, videoq.size=447162, eof=0
[2026-03-19 12:10:43.773] [info] [thread 31788] audio_stream: 1, video_stream: 0
[2026-03-19 12:10:43.790] [info] [thread 28368] audio.nb_samples=1024, channels=2, channel_layout=stereo, format=8, sample_rate=44100
[2026-03-19 12:10:43.790] [info] [thread 28368] audio frame data pointers: data[0]=0x2191478a0c0, data[1]=0x21914788040
[2026-03-19 12:10:43.804] [info] [thread 31788] read_thread loop: ret=0, pkt->stream_index=1, audioq.size=21664, videoq.size=447816, eof=0
[2026-03-19 12:10:43.804] [info] [thread 31788] audio_stream: 1, video_stream: 0
[2026-03-19 12:10:43.805] [info] [thread 31788] audio packet pts: 385024, audio_pkt_size=344
[2026-03-19 12:10:43.805] [info] [thread 31788] read_thread loop: ret=0, pkt->stream_index=0, audioq.size=22128, videoq.size=447816, eof=0
[2026-03-19 12:10:43.806] [info] [thread 31788] audio_stream: 1, video_stream: 0
[2026-03-19 12:10:43.838] [info] [thread 31788] read_thread loop: ret=0, pkt->stream_index=1, audioq.size=22128, videoq.size=445936, eof=0
[2026-03-19 12:10:43.838] [info] [thread 31788] audio_stream: 1, video_stream: 0
[2026-03-19 12:10:43.838] [info] [thread 31788] audio packet pts: 386048, audio_pkt_size=351
[2026-03-19 12:10:43.839] [info] [thread 31788] read_thread loop: ret=0, pkt->stream_index=0, audioq.size=22599, videoq.size=445936, eof=0
[2026-03-19 12:10:43.839] [info] [thread 31788] audio_stream: 1, video_stream: 0
[2026-03-19 12:10:43.840] [info] [thread 28368] audio.nb_samples=1024, channels=2, channel_layout=stereo, format=8, sample_rate=44100
[2026-03-19 12:10:43.840] [info] [thread 28368] audio frame data pointers: data[0]=0x21916f92a00, data[1]=0x21916b27480
[2026-03-19 12:10:43.872] [info] [thread 31788] read_thread loop: ret=0, pkt->stream_index=0, audioq.size=22127, videoq.size=434093, eof=0
[2026-03-19 12:10:43.872] [info] [thread 31788] audio_stream: 1, video_stream: 0
[2026-03-19 12:10:43.880] [info] [thread 28368] audio.nb_samples=1024, channels=2, channel_layout=stereo, format=8, sample_rate=44100
[2026-03-19 12:10:43.880] [info] [thread 28368] audio frame data pointers: data[0]=0x21916f9b500, data[1]=0x21916f96e40
[2026-03-19 12:10:43.902] [info] [thread 31788] read_thread loop: ret=0, pkt->stream_index=1, audioq.size=21655, videoq.size=443050, eof=0
[2026-03-19 12:10:43.903] [info] [thread 31788] audio_stream: 1, video_stream: 0
[2026-03-19 12:10:43.903] [info] [thread 31788] audio packet pts: 387072, audio_pkt_size=367
[2026-03-19 12:10:43.903] [info] [thread 31788] read_thread loop: ret=0, pkt->stream_index=0, audioq.size=22142, videoq.size=443050, eof=0
[2026-03-19 12:10:43.904] [info] [thread 31788] audio_stream: 1, video_stream: 0
[2026-03-19 12:10:43.930] [info] [thread 28368] audio.nb_samples=1024, channels=2, channel_layout=stereo, format=8, sample_rate=44100
[2026-03-19 12:10:43.930] [info] [thread 28368] audio frame data pointers: data[0]=0x21916f98e80, data[1]=0x21916a5bb00
[2026-03-19 12:10:43.935] [info] [thread 31788] read_thread loop: ret=0, pkt->stream_index=1, audioq.size=21640, videoq.size=442895, eof=0
[2026-03-19 12:10:43.936] [info] [thread 31788] audio_stream: 1, video_stream: 0
[2026-03-19 12:10:43.936] [info] [thread 31788] audio packet pts: 388096, audio_pkt_size=363
[2026-03-19 12:10:43.936] [info] [thread 31788] read_thread loop: ret=0, pkt->stream_index=0, audioq.size=22123, videoq.size=442895, eof=0
[2026-03-19 12:10:43.937] [info] [thread 31788] audio_stream: 1, video_stream: 0
[2026-03-19 12:10:43.980] [info] [thread 28368] audio.nb_samples=1024, channels=2, channel_layout=stereo, format=8, sample_rate=44100
[2026-03-19 12:10:43.980] [info] [thread 28368] audio frame data pointers: data[0]=0x2191427f980, data[1]=0x21916a5db80
[2026-03-19 12:10:43.980] [info] [thread 31788] read_thread loop: ret=0, pkt->stream_index=1, audioq.size=21569, videoq.size=443450, eof=0
[2026-03-19 12:10:43.981] [info] [thread 31788] audio_stream: 1, video_stream: 0
[2026-03-19 12:10:43.981] [info] [thread 31788] audio packet pts: 389120, audio_pkt_size=378
[2026-03-19 12:10:43.981] [info] [thread 31788] read_thread loop: ret=0, pkt->stream_index=0, audioq.size=22067, videoq.size=443450, eof=0
[2026-03-19 12:10:43.981] [info] [thread 31788] audio_stream: 1, video_stream: 0
[2026-03-19 12:10:44.013] [info] [thread 31788] read_thread loop: ret=0, pkt->stream_index=0, audioq.size=22067, videoq.size=440094, eof=0
[2026-03-19 12:10:44.013] [info] [thread 31788] audio_stream: 1, video_stream: 0
[2026-03-19 12:10:44.020] [info] [thread 28368] audio.nb_samples=1024, channels=2, channel_layout=stereo, format=8, sample_rate=44100
[2026-03-19 12:10:44.020] [info] [thread 28368] audio frame data pointers: data[0]=0x2191427b580, data[1]=0x21914279380
[2026-03-19 12:10:44.034] [info] [thread 31788] read_thread loop: ret=0, pkt->stream_index=1, audioq.size=21493, videoq.size=447330, eof=0
[2026-03-19 12:10:44.035] [info] [thread 31788] audio_stream: 1, video_stream: 0
[2026-03-19 12:10:44.035] [info] [thread 31788] audio packet pts: 390144, audio_pkt_size=446
[2026-03-19 12:10:44.036] [info] [thread 31788] read_thread loop: ret=0, pkt->stream_index=0, audioq.size=22059, videoq.size=447330, eof=0
[2026-03-19 12:10:44.036] [info] [thread 31788] audio_stream: 1, video_stream: 0
[2026-03-19 12:10:44.067] [info] [thread 31788] read_thread loop: ret=0, pkt->stream_index=1, audioq.size=22059, videoq.size=451339, eof=0
[2026-03-19 12:10:44.067] [info] [thread 31788] audio_stream: 1, video_stream: 0
[2026-03-19 12:10:44.068] [info] [thread 31788] audio packet pts: 391168, audio_pkt_size=447
[2026-03-19 12:10:44.068] [info] [thread 31788] read_thread loop: ret=0, pkt->stream_index=0, audioq.size=22626, videoq.size=451339, eof=0
[2026-03-19 12:10:44.069] [info] [thread 31788] audio_stream: 1, video_stream: 0
[2026-03-19 12:10:44.070] [info] [thread 28368] audio.nb_samples=1024, channels=2, channel_layout=stereo, format=8, sample_rate=44100
[2026-03-19 12:10:44.070] [info] [thread 28368] audio frame data pointers: data[0]=0x21914283dc0, data[1]=0x21914281bc0
[2026-03-19 12:10:44.100] [info] [thread 31788] read_thread loop: ret=0, pkt->stream_index=0, audioq.size=22164, videoq.size=451685, eof=0
[2026-03-19 12:10:44.100] [info] [thread 31788] audio_stream: 1, video_stream: 0
[2026-03-19 12:10:44.120] [info] [thread 28368] audio.nb_samples=1024, channels=2, channel_layout=stereo, format=8, sample_rate=44100
[2026-03-19 12:10:44.120] [info] [thread 28368] audio frame data pointers: data[0]=0x21914285fc0, data[1]=0x2191427d780
[2026-03-19 12:10:44.152] [info] [thread 31788] read_thread loop: ret=0, pkt->stream_index=1, audioq.size=21624, videoq.size=467821, eof=0
[2026-03-19 12:10:44.153] [info] [thread 31788] audio_stream: 1, video_stream: 0
[2026-03-19 12:10:44.154] [info] [thread 31788] audio packet pts: 392192, audio_pkt_size=389
[2026-03-19 12:10:44.154] [info] [thread 31788] read_thread loop: ret=0, pkt->stream_index=0, audioq.size=22133, videoq.size=467821, eof=0
[2026-03-19 12:10:44.154] [info] [thread 31788] audio_stream: 1, video_stream: 0
[2026-03-19 12:10:44.160] [info] [thread 28368] audio.nb_samples=1024, channels=2, channel_layout=stereo, format=8, sample_rate=44100
[2026-03-19 12:10:44.160] [info] [thread 28368] audio frame data pointers: data[0]=0x2191428c600, data[1]=0x219142881c0
[2026-03-19 12:10:44.185] [info] [thread 31788] read_thread loop: ret=0, pkt->stream_index=1, audioq.size=21582, videoq.size=470114, eof=0
[2026-03-19 12:10:44.186] [info] [thread 31788] audio_stream: 1, video_stream: 0
[2026-03-19 12:10:44.186] [info] [thread 31788] audio packet pts: 393216, audio_pkt_size=406
[2026-03-19 12:10:44.187] [info] [thread 31788] read_thread loop: ret=0, pkt->stream_index=0, audioq.size=22108, videoq.size=470114, eof=0
[2026-03-19 12:10:44.187] [info] [thread 31788] audio_stream: 1, video_stream: 0
[2026-03-19 12:10:44.207] [info] [thread 31788] read_thread loop: ret=0, pkt->stream_index=1, audioq.size=22108, videoq.size=477756, eof=0
[2026-03-19 12:10:44.207] [info] [thread 31788] audio_stream: 1, video_stream: 0
[2026-03-19 12:10:44.208] [info] [thread 31788] audio packet pts: 394240, audio_pkt_size=391
[2026-03-19 12:10:44.208] [info] [thread 31788] read_thread loop: ret=0, pkt->stream_index=0, audioq.size=22619, videoq.size=477756, eof=0
[2026-03-19 12:10:44.208] [info] [thread 31788] audio_stream: 1, video_stream: 0
[2026-03-19 12:10:44.210] [info] [thread 28368] audio.nb_samples=1024, channels=2, channel_layout=stereo, format=8, sample_rate=44100
[2026-03-19 12:10:44.210] [info] [thread 28368] audio frame data pointers: data[0]=0x21914290a00, data[1]=0x2191428a400
[2026-03-19 12:10:44.241] [info] [thread 31788] read_thread loop: ret=0, pkt->stream_index=0, audioq.size=22119, videoq.size=489040, eof=0
[2026-03-19 12:10:44.241] [info] [thread 31788] audio_stream: 1, video_stream: 0
[2026-03-19 12:10:44.260] [info] [thread 28368] audio.nb_samples=1024, channels=2, channel_layout=stereo, format=8, sample_rate=44100
[2026-03-19 12:10:44.261] [info] [thread 28368] audio frame data pointers: data[0]=0x21914788040, data[1]=0x2191478a0c0
[2026-03-19 12:10:44.274] [info] [thread 31788] read_thread loop: ret=0, pkt->stream_index=1, audioq.size=21604, videoq.size=495427, eof=0
[2026-03-19 12:10:44.275] [info] [thread 31788] audio_stream: 1, video_stream: 0
[2026-03-19 12:10:44.275] [info] [thread 31788] audio packet pts: 395264, audio_pkt_size=376
[2026-03-19 12:10:44.276] [info] [thread 31788] read_thread loop: ret=0, pkt->stream_index=0, audioq.size=22100, videoq.size=495427, eof=0
[2026-03-19 12:10:44.276] [info] [thread 31788] audio_stream: 1, video_stream: 0
[2026-03-19 12:10:44.300] [info] [thread 28368] audio.nb_samples=1024, channels=2, channel_layout=stereo, format=8, sample_rate=44100
[2026-03-19 12:10:44.300] [info] [thread 28368] audio frame data pointers: data[0]=0x21916b27480, data[1]=0x21916f92a00
[2026-03-19 12:10:44.308] [info] [thread 31788] read_thread loop: ret=0, pkt->stream_index=1, audioq.size=21616, videoq.size=499362, eof=0
[2026-03-19 12:10:44.309] [info] [thread 31788] audio_stream: 1, video_stream: 0
[2026-03-19 12:10:44.309] [info] [thread 31788] audio packet pts: 396288, audio_pkt_size=364
[2026-03-19 12:10:44.309] [info] [thread 31788] read_thread loop: ret=0, pkt->stream_index=0, audioq.size=22100, videoq.size=499362, eof=0
[2026-03-19 12:10:44.310] [info] [thread 31788] audio_stream: 1, video_stream: 0
[2026-03-19 12:10:44.342] [info] [thread 31788] read_thread loop: ret=0, pkt->stream_index=0, audioq.size=22100, videoq.size=511911, eof=0
[2026-03-19 12:10:44.342] [info] [thread 31788] audio_stream: 1, video_stream: 0
[2026-03-19 12:10:44.350] [info] [thread 28368] audio.nb_samples=1024, channels=2, channel_layout=stereo, format=8, sample_rate=44100
[2026-03-19 12:10:44.350] [info] [thread 28368] audio frame data pointers: data[0]=0x21916f96e40, data[1]=0x21916f9b500
[2026-03-19 12:10:44.384] [info] [thread 31788] read_thread loop: ret=0, pkt->stream_index=1, audioq.size=21605, videoq.size=509486, eof=0
[2026-03-19 12:10:44.385] [info] [thread 31788] audio_stream: 1, video_stream: 0
[2026-03-19 12:10:44.385] [info] [thread 31788] audio packet pts: 397312, audio_pkt_size=392
[2026-03-19 12:10:44.386] [info] [thread 31788] read_thread loop: ret=0, pkt->stream_index=0, audioq.size=22117, videoq.size=509486, eof=0
[2026-03-19 12:10:44.386] [info] [thread 31788] audio_stream: 1, video_stream: 0
[2026-03-19 12:10:44.400] [info] [thread 28368] audio.nb_samples=1024, channels=2, channel_layout=stereo, format=8, sample_rate=44100
[2026-03-19 12:10:44.400] [info] [thread 28368] audio frame data pointers: data[0]=0x21916a5bb00, data[1]=0x21916f98e80
[2026-03-19 12:10:44.418] [info] [thread 31788] read_thread loop: ret=0, pkt->stream_index=1, audioq.size=21635, videoq.size=510442, eof=0
[2026-03-19 12:10:44.419] [info] [thread 31788] audio_stream: 1, video_stream: 0
[2026-03-19 12:10:44.419] [info] [thread 31788] audio packet pts: 398336, audio_pkt_size=381
[2026-03-19 12:10:44.420] [info] [thread 31788] read_thread loop: ret=0, pkt->stream_index=0, audioq.size=22136, videoq.size=510442, eof=0
[2026-03-19 12:10:44.420] [info] [thread 31788] audio_stream: 1, video_stream: 0
[2026-03-19 12:10:44.440] [info] [thread 28368] audio.nb_samples=1024, channels=2, channel_layout=stereo, format=8, sample_rate=44100
[2026-03-19 12:10:44.440] [info] [thread 28368] audio frame data pointers: data[0]=0x21916a5db80, data[1]=0x2191427f980
[2026-03-19 12:10:44.451] [info] [thread 31788] read_thread loop: ret=0, pkt->stream_index=1, audioq.size=21659, videoq.size=512054, eof=0
[2026-03-19 12:10:44.452] [info] [thread 31788] audio_stream: 1, video_stream: 0
[2026-03-19 12:10:44.452] [info] [thread 31788] audio packet pts: 399360, audio_pkt_size=388
[2026-03-19 12:10:44.453] [info] [thread 31788] read_thread loop: ret=0, pkt->stream_index=0, audioq.size=22167, videoq.size=512054, eof=0
[2026-03-19 12:10:44.453] [info] [thread 31788] audio_stream: 1, video_stream: 0
[2026-03-19 12:10:44.473] [info] [thread 31788] read_thread loop: ret=0, pkt->stream_index=0, audioq.size=22167, videoq.size=525099, eof=0
[2026-03-19 12:10:44.474] [info] [thread 31788] audio_stream: 1, video_stream: 0
[2026-03-19 12:10:44.490] [info] [thread 28368] audio.nb_samples=1024, channels=2, channel_layout=stereo, format=8, sample_rate=44100
[2026-03-19 12:10:44.490] [info] [thread 28368] audio frame data pointers: data[0]=0x21914279380, data[1]=0x2191427b580
[2026-03-19 12:10:44.505] [info] [thread 31788] read_thread loop: ret=0, pkt->stream_index=1, audioq.size=21631, videoq.size=521290, eof=0
[2026-03-19 12:10:44.506] [info] [thread 31788] audio_stream: 1, video_stream: 0
[2026-03-19 12:10:44.506] [info] [thread 31788] audio packet pts: 400384, audio_pkt_size=368
[2026-03-19 12:10:44.506] [info] [thread 31788] read_thread loop: ret=0, pkt->stream_index=0, audioq.size=22119, videoq.size=521290, eof=0
[2026-03-19 12:10:44.507] [info] [thread 31788] audio_stream: 1, video_stream: 0
[2026-03-19 12:10:44.530] [info] [thread 28368] audio.nb_samples=1024, channels=2, channel_layout=stereo, format=8, sample_rate=44100
[2026-03-19 12:10:44.530] [info] [thread 28368] audio frame data pointers: data[0]=0x21914281bc0, data[1]=0x21914283dc0
[2026-03-19 12:10:44.539] [info] [thread 31788] read_thread loop: ret=0, pkt->stream_index=1, audioq.size=21641, videoq.size=521409, eof=0
[2026-03-19 12:10:44.539] [info] [thread 31788] audio_stream: 1, video_stream: 0
[2026-03-19 12:10:44.540] [info] [thread 31788] audio packet pts: 401408, audio_pkt_size=315
[2026-03-19 12:10:44.540] [info] [thread 31788] read_thread loop: ret=0, pkt->stream_index=0, audioq.size=22076, videoq.size=521409, eof=0
[2026-03-19 12:10:44.540] [info] [thread 31788] audio_stream: 1, video_stream: 0
[2026-03-19 12:10:44.572] [info] [thread 31788] read_thread loop: ret=0, pkt->stream_index=1, audioq.size=22076, videoq.size=523696, eof=0
[2026-03-19 12:10:44.572] [info] [thread 31788] audio_stream: 1, video_stream: 0
[2026-03-19 12:10:44.573] [info] [thread 31788] audio packet pts: 402432, audio_pkt_size=330
[2026-03-19 12:10:44.573] [info] [thread 31788] read_thread loop: ret=0, pkt->stream_index=0, audioq.size=22526, videoq.size=523696, eof=0
[2026-03-19 12:10:44.573] [info] [thread 31788] audio_stream: 1, video_stream: 0
[2026-03-19 12:10:44.580] [info] [thread 28368] audio.nb_samples=1024, channels=2, channel_layout=stereo, format=8, sample_rate=44100
[2026-03-19 12:10:44.580] [info] [thread 28368] audio frame data pointers: data[0]=0x2191427d780, data[1]=0x21914285fc0
[2026-03-19 12:10:44.607] [info] [thread 31788] read_thread loop: ret=0, pkt->stream_index=0, audioq.size=22079, videoq.size=537426, eof=0
[2026-03-19 12:10:44.607] [info] [thread 31788] audio_stream: 1, video_stream: 0
[2026-03-19 12:10:44.630] [info] [thread 28368] audio.nb_samples=1024, channels=2, channel_layout=stereo, format=8, sample_rate=44100
[2026-03-19 12:10:44.630] [info] [thread 28368] audio frame data pointers: data[0]=0x219142881c0, data[1]=0x2191428c600
[2026-03-19 12:10:44.638] [info] [thread 31788] read_thread loop: ret=0, pkt->stream_index=1, audioq.size=21630, videoq.size=531440, eof=0
[2026-03-19 12:10:44.638] [info] [thread 31788] audio_stream: 1, video_stream: 0
[2026-03-19 12:10:44.638] [info] [thread 31788] audio packet pts: 403456, audio_pkt_size=343
[2026-03-19 12:10:44.639] [info] [thread 31788] read_thread loop: ret=0, pkt->stream_index=0, audioq.size=22093, videoq.size=531440, eof=0
[2026-03-19 12:10:44.639] [info] [thread 31788] audio_stream: 1, video_stream: 0
[2026-03-19 12:10:44.670] [info] [thread 28368] audio.nb_samples=1024, channels=2, channel_layout=stereo, format=8, sample_rate=44100
[2026-03-19 12:10:44.670] [info] [thread 28368] audio frame data pointers: data[0]=0x2191428a400, data[1]=0x21914290a00
[2026-03-19 12:10:44.681] [info] [thread 31788] read_thread loop: ret=0, pkt->stream_index=1, audioq.size=21639, videoq.size=525064, eof=0
[2026-03-19 12:10:44.682] [info] [thread 31788] audio_stream: 1, video_stream: 0
[2026-03-19 12:10:44.683] [info] [thread 31788] audio packet pts: 404480, audio_pkt_size=326
[2026-03-19 12:10:44.683] [info] [thread 31788] read_thread loop: ret=0, pkt->stream_index=0, audioq.size=22085, videoq.size=525064, eof=0
[2026-03-19 12:10:44.684] [info] [thread 31788] audio_stream: 1, video_stream: 0
[2026-03-19 12:10:44.714] [info] [thread 31788] read_thread loop: ret=0, pkt->stream_index=0, audioq.size=22085, videoq.size=524473, eof=0
[2026-03-19 12:10:44.715] [info] [thread 31788] audio_stream: 1, video_stream: 0
[2026-03-19 12:10:44.720] [info] [thread 28368] audio.nb_samples=1024, channels=2, channel_layout=stereo, format=8, sample_rate=44100
[2026-03-19 12:10:44.720] [info] [thread 28368] audio frame data pointers: data[0]=0x2191478a0c0, data[1]=0x21914788040
[2026-03-19 12:10:44.747] [info] [thread 31788] read_thread loop: ret=0, pkt->stream_index=1, audioq.size=21624, videoq.size=531170, eof=0
[2026-03-19 12:10:44.748] [info] [thread 31788] audio_stream: 1, video_stream: 0
[2026-03-19 12:10:44.748] [info] [thread 31788] audio packet pts: 405504, audio_pkt_size=341
[2026-03-19 12:10:44.749] [info] [thread 31788] read_thread loop: ret=0, pkt->stream_index=0, audioq.size=22085, videoq.size=531170, eof=0
[2026-03-19 12:10:44.749] [info] [thread 31788] audio_stream: 1, video_stream: 0
[2026-03-19 12:10:44.770] [info] [thread 28368] audio.nb_samples=1024, channels=2, channel_layout=stereo, format=8, sample_rate=44100
[2026-03-19 12:10:44.770] [info] [thread 28368] audio frame data pointers: data[0]=0x21916f92a00, data[1]=0x21916b27480
[2026-03-19 12:10:44.771] [info] [thread 31788] read_thread loop: ret=0, pkt->stream_index=1, audioq.size=21625, videoq.size=523865, eof=0
[2026-03-19 12:10:44.771] [info] [thread 31788] audio_stream: 1, video_stream: 0
[2026-03-19 12:10:44.772] [info] [thread 31788] audio packet pts: 406528, audio_pkt_size=365
[2026-03-19 12:10:44.772] [info] [thread 31788] read_thread loop: ret=0, pkt->stream_index=0, audioq.size=22110, videoq.size=523865, eof=0
[2026-03-19 12:10:44.772] [info] [thread 31788] audio_stream: 1, video_stream: 0
[2026-03-19 12:10:44.804] [info] [thread 31788] read_thread loop: ret=0, pkt->stream_index=1, audioq.size=22110, videoq.size=520456, eof=0
[2026-03-19 12:10:44.804] [info] [thread 31788] audio_stream: 1, video_stream: 0
[2026-03-19 12:10:44.805] [info] [thread 31788] audio packet pts: 407552, audio_pkt_size=356
[2026-03-19 12:10:44.805] [info] [thread 31788] read_thread loop: ret=0, pkt->stream_index=0, audioq.size=22586, videoq.size=520456, eof=0
[2026-03-19 12:10:44.805] [info] [thread 31788] audio_stream: 1, video_stream: 0
[2026-03-19 12:10:44.810] [info] [thread 28368] audio.nb_samples=1024, channels=2, channel_layout=stereo, format=8, sample_rate=44100
[2026-03-19 12:10:44.810] [info] [thread 28368] audio frame data pointers: data[0]=0x21916f9b500, data[1]=0x21916f96e40
[2026-03-19 12:10:44.837] [info] [thread 31788] read_thread loop: ret=0, pkt->stream_index=0, audioq.size=22119, videoq.size=518183, eof=0
[2026-03-19 12:10:44.837] [info] [thread 31788] audio_stream: 1, video_stream: 0
[2026-03-19 12:10:44.860] [info] [thread 28368] audio.nb_samples=1024, channels=2, channel_layout=stereo, format=8, sample_rate=44100
[2026-03-19 12:10:44.860] [info] [thread 28368] audio frame data pointers: data[0]=0x21916f98e80, data[1]=0x21916a5bb00
[2026-03-19 12:10:44.868] [info] [thread 31788] read_thread loop: ret=0, pkt->stream_index=1, audioq.size=21624, videoq.size=520375, eof=0
[2026-03-19 12:10:44.868] [info] [thread 31788] audio_stream: 1, video_stream: 0
[2026-03-19 12:10:44.869] [info] [thread 31788] audio packet pts: 408576, audio_pkt_size=349
[2026-03-19 12:10:44.869] [info] [thread 31788] read_thread loop: ret=0, pkt->stream_index=0, audioq.size=22093, videoq.size=520375, eof=0
[2026-03-19 12:10:44.870] [info] [thread 31788] audio_stream: 1, video_stream: 0
[2026-03-19 12:10:44.901] [info] [thread 31788] read_thread loop: ret=0, pkt->stream_index=1, audioq.size=22093, videoq.size=519953, eof=0
[2026-03-19 12:10:44.902] [info] [thread 31788] audio_stream: 1, video_stream: 0
[2026-03-19 12:10:44.902] [info] [thread 31788] audio packet pts: 409600, audio_pkt_size=366
[2026-03-19 12:10:44.903] [info] [thread 31788] read_thread loop: ret=0, pkt->stream_index=0, audioq.size=22579, videoq.size=519953, eof=0
[2026-03-19 12:10:44.903] [info] [thread 31788] audio_stream: 1, video_stream: 0
[2026-03-19 12:10:44.910] [info] [thread 28368] audio.nb_samples=1024, channels=2, channel_layout=stereo, format=8, sample_rate=44100
[2026-03-19 12:10:44.910] [info] [thread 28368] audio frame data pointers: data[0]=0x2191427f980, data[1]=0x21916a5db80
[2026-03-19 12:10:44.934] [info] [thread 31788] read_thread loop: ret=0, pkt->stream_index=0, audioq.size=22087, videoq.size=518125, eof=0
[2026-03-19 12:10:44.935] [info] [thread 31788] audio_stream: 1, video_stream: 0
[2026-03-19 12:10:44.950] [info] [thread 28368] audio.nb_samples=1024, channels=2, channel_layout=stereo, format=8, sample_rate=44100
[2026-03-19 12:10:44.950] [info] [thread 28368] audio frame data pointers: data[0]=0x2191427b580, data[1]=0x21914279380
[2026-03-19 12:10:44.976] [info] [thread 31788] read_thread loop: ret=0, pkt->stream_index=1, audioq.size=21555, videoq.size=518465, eof=0
[2026-03-19 12:10:44.977] [info] [thread 31788] audio_stream: 1, video_stream: 0
[2026-03-19 12:10:44.977] [info] [thread 31788] audio packet pts: 410624, audio_pkt_size=353
[2026-03-19 12:10:44.978] [info] [thread 31788] read_thread loop: ret=0, pkt->stream_index=0, audioq.size=22028, videoq.size=518465, eof=0
[2026-03-19 12:10:44.978] [info] [thread 31788] audio_stream: 1, video_stream: 0
[2026-03-19 12:10:45.000] [info] [thread 28368] audio.nb_samples=1024, channels=2, channel_layout=stereo, format=8, sample_rate=44100
[2026-03-19 12:10:45.000] [info] [thread 28368] audio frame data pointers: data[0]=0x21914283dc0, data[1]=0x21914281bc0
[2026-03-19 12:10:45.010] [info] [thread 31788] read_thread loop: ret=0, pkt->stream_index=1, audioq.size=21532, videoq.size=517104, eof=0
[2026-03-19 12:10:45.010] [info] [thread 31788] audio_stream: 1, video_stream: 0
[2026-03-19 12:10:45.011] [info] [thread 31788] audio packet pts: 411648, audio_pkt_size=361
[2026-03-19 12:10:45.011] [info] [thread 31788] read_thread loop: ret=0, pkt->stream_index=0, audioq.size=22013, videoq.size=517104, eof=0
[2026-03-19 12:10:45.012] [info] [thread 31788] audio_stream: 1, video_stream: 0
[2026-03-19 12:10:45.042] [info] [thread 31788] read_thread loop: ret=0, pkt->stream_index=1, audioq.size=22013, videoq.size=515709, eof=0
[2026-03-19 12:10:45.043] [info] [thread 31788] audio_stream: 1, video_stream: 0
[2026-03-19 12:10:45.043] [info] [thread 31788] audio packet pts: 412672, audio_pkt_size=359
[2026-03-19 12:10:45.044] [info] [thread 31788] read_thread loop: ret=0, pkt->stream_index=0, audioq.size=22492, videoq.size=515709, eof=0
[2026-03-19 12:10:45.044] [info] [thread 31788] audio_stream: 1, video_stream: 0
[2026-03-19 12:10:45.050] [info] [thread 28368] audio.nb_samples=1024, channels=2, channel_layout=stereo, format=8, sample_rate=44100
[2026-03-19 12:10:45.050] [info] [thread 28368] audio frame data pointers: data[0]=0x21914285fc0, data[1]=0x2191427d780
[2026-03-19 12:10:45.075] [info] [thread 31788] read_thread loop: ret=0, pkt->stream_index=0, audioq.size=21951, videoq.size=514295, eof=0
[2026-03-19 12:10:45.076] [info] [thread 31788] audio_stream: 1, video_stream: 0
[2026-03-19 12:10:45.090] [info] [thread 28368] audio.nb_samples=1024, channels=2, channel_layout=stereo, format=8, sample_rate=44100
[2026-03-19 12:10:45.090] [info] [thread 28368] audio frame data pointers: data[0]=0x2191428c600, data[1]=0x219142881c0
[2026-03-19 12:10:45.106] [info] [thread 31788] read_thread loop: ret=0, pkt->stream_index=1, audioq.size=21399, videoq.size=503452, eof=0
[2026-03-19 12:10:45.107] [info] [thread 31788] audio_stream: 1, video_stream: 0
[2026-03-19 12:10:45.107] [info] [thread 31788] audio packet pts: 413696, audio_pkt_size=359
[2026-03-19 12:10:45.108] [info] [thread 31788] read_thread loop: ret=0, pkt->stream_index=0, audioq.size=21878, videoq.size=503452, eof=0
[2026-03-19 12:10:45.108] [info] [thread 31788] audio_stream: 1, video_stream: 0
[2026-03-19 12:10:45.140] [info] [thread 28368] audio.nb_samples=1024, channels=2, channel_layout=stereo, format=8, sample_rate=44100
[2026-03-19 12:10:45.140] [info] [thread 28368] audio frame data pointers: data[0]=0x21914290a00, data[1]=0x2191428a400
[2026-03-19 12:10:45.152] [info] [thread 31788] read_thread loop: ret=0, pkt->stream_index=1, audioq.size=21354, videoq.size=508497, eof=0
[2026-03-19 12:10:45.153] [info] [thread 31788] audio_stream: 1, video_stream: 0
[2026-03-19 12:10:45.153] [info] [thread 31788] audio packet pts: 414720, audio_pkt_size=383
[2026-03-19 12:10:45.154] [info] [thread 31788] read_thread loop: ret=0, pkt->stream_index=0, audioq.size=21857, videoq.size=508497, eof=0
[2026-03-19 12:10:45.154] [info] [thread 31788] audio_stream: 1, video_stream: 0
[2026-03-19 12:10:45.180] [info] [thread 28368] audio.nb_samples=1024, channels=2, channel_layout=stereo, format=8, sample_rate=44100
[2026-03-19 12:10:45.180] [info] [thread 28368] audio frame data pointers: data[0]=0x21914788040, data[1]=0x2191478a0c0
[2026-03-19 12:10:45.185] [info] [thread 31788] read_thread loop: ret=0, pkt->stream_index=0, audioq.size=21333, videoq.size=508465, eof=0
[2026-03-19 12:10:45.185] [info] [thread 31788] audio_stream: 1, video_stream: 0
[2026-03-19 12:10:45.207] [info] [thread 31788] read_thread loop: ret=0, pkt->stream_index=1, audioq.size=21333, videoq.size=506247, eof=0
[2026-03-19 12:10:45.207] [info] [thread 31788] audio_stream: 1, video_stream: 0
[2026-03-19 12:10:45.208] [info] [thread 31788] audio packet pts: 415744, audio_pkt_size=420
[2026-03-19 12:10:45.208] [info] [thread 31788] read_thread loop: ret=0, pkt->stream_index=0, audioq.size=21873, videoq.size=506247, eof=0
[2026-03-19 12:10:45.208] [info] [thread 31788] audio_stream: 1, video_stream: 0
[2026-03-19 12:10:45.230] [info] [thread 28368] audio.nb_samples=1024, channels=2, channel_layout=stereo, format=8, sample_rate=44100
[2026-03-19 12:10:45.231] [info] [thread 28368] audio frame data pointers: data[0]=0x21916b27480, data[1]=0x21916f92a00
[2026-03-19 12:10:45.241] [info] [thread 31788] read_thread loop: ret=0, pkt->stream_index=1, audioq.size=21343, videoq.size=494203, eof=0
[2026-03-19 12:10:45.242] [info] [thread 31788] audio_stream: 1, video_stream: 0
[2026-03-19 12:10:45.242] [info] [thread 31788] audio packet pts: 416768, audio_pkt_size=404
[2026-03-19 12:10:45.242] [info] [thread 31788] read_thread loop: ret=0, pkt->stream_index=0, audioq.size=21867, videoq.size=494203, eof=0
[2026-03-19 12:10:45.243] [info] [thread 31788] audio_stream: 1, video_stream: 0
[2026-03-19 12:10:45.276] [info] [thread 31788] read_thread loop: ret=0, pkt->stream_index=1, audioq.size=21867, videoq.size=501950, eof=0
[2026-03-19 12:10:45.276] [info] [thread 31788] audio_stream: 1, video_stream: 0
[2026-03-19 12:10:45.276] [info] [thread 31788] audio packet pts: 417792, audio_pkt_size=404
[2026-03-19 12:10:45.277] [info] [thread 31788] read_thread loop: ret=0, pkt->stream_index=0, audioq.size=22391, videoq.size=501950, eof=0
[2026-03-19 12:10:45.277] [info] [thread 31788] audio_stream: 1, video_stream: 0
[2026-03-19 12:10:45.280] [info] [thread 28368] audio.nb_samples=1024, channels=2, channel_layout=stereo, format=8, sample_rate=44100
[2026-03-19 12:10:45.280] [info] [thread 28368] audio frame data pointers: data[0]=0x21916f96e40, data[1]=0x21916f9b500
[2026-03-19 12:10:45.310] [info] [thread 31788] read_thread loop: ret=0, pkt->stream_index=0, audioq.size=21891, videoq.size=503487, eof=0
[2026-03-19 12:10:45.311] [info] [thread 31788] audio_stream: 1, video_stream: 0
[2026-03-19 12:10:45.320] [info] [thread 28368] audio.nb_samples=1024, channels=2, channel_layout=stereo, format=8, sample_rate=44100
[2026-03-19 12:10:45.320] [info] [thread 28368] audio frame data pointers: data[0]=0x21916a5bb00, data[1]=0x21916f98e80
[2026-03-19 12:10:45.366] [info] [thread 31788] read_thread loop: ret=0, pkt->stream_index=1, audioq.size=21429, videoq.size=503083, eof=0
[2026-03-19 12:10:45.370] [info] [thread 28368] audio.nb_samples=1024, channels=2, channel_layout=stereo, format=8, sample_rate=44100
[2026-03-19 12:10:45.466] [info] [thread 28368] audio frame data pointers: data[0]=0x21916a5db80, data[1]=0x2191427f980
[2026-03-19 12:10:45.464] [info] [thread 31788] audio_stream: 1, video_stream: 0
[2026-03-19 12:10:45.469] [info] [thread 31788] audio packet pts: 418816, audio_pkt_size=360
[2026-03-19 12:10:45.469] [info] [thread 31788] read_thread loop: ret=0, pkt->stream_index=0, audioq.size=21462, videoq.size=474783, eof=0
[2026-03-19 12:10:45.469] [info] [thread 31788] audio_stream: 1, video_stream: 0
[2026-03-19 12:10:45.470] [info] [thread 31788] read_thread loop: ret=0, pkt->stream_index=1, audioq.size=21462, videoq.size=479677, eof=0
[2026-03-19 12:10:45.470] [info] [thread 31788] audio_stream: 1, video_stream: 0
[2026-03-19 12:10:45.472] [info] [thread 31788] audio packet pts: 419840, audio_pkt_size=416
[2026-03-19 12:10:45.472] [info] [thread 31788] read_thread loop: ret=0, pkt->stream_index=0, audioq.size=21998, videoq.size=479677, eof=0
[2026-03-19 12:10:45.500] [info] [thread 28368] audio.nb_samples=1024, channels=2, channel_layout=stereo, format=8, sample_rate=44100
[2026-03-19 12:10:45.522] [info] [thread 31788] audio_stream: 1, video_stream: 0
[2026-03-19 12:10:45.522] [info] [thread 28368] audio frame data pointers: data[0]=0x21914279380, data[1]=0x2191427b580
[2026-03-19 12:10:45.522] [info] [thread 31788] read_thread loop: ret=0, pkt->stream_index=0, audioq.size=21542, videoq.size=475008, eof=0
[2026-03-19 12:10:45.523] [info] [thread 31788] audio_stream: 1, video_stream: 0
[2026-03-19 12:10:45.523] [info] [thread 31788] read_thread loop: ret=0, pkt->stream_index=1, audioq.size=21542, videoq.size=481267, eof=0
[2026-03-19 12:10:45.524] [info] [thread 31788] audio_stream: 1, video_stream: 0
[2026-03-19 12:10:45.524] [info] [thread 31788] audio packet pts: 420864, audio_pkt_size=404
[2026-03-19 12:10:45.524] [info] [thread 31788] read_thread loop: ret=0, pkt->stream_index=0, audioq.size=22066, videoq.size=481267, eof=0
[2026-03-19 12:10:45.525] [info] [thread 31788] audio_stream: 1, video_stream: 0
[2026-03-19 12:10:45.525] [info] [thread 31788] read_thread loop: ret=0, pkt->stream_index=1, audioq.size=22066, videoq.size=487299, eof=0
[2026-03-19 12:10:45.526] [info] [thread 31788] audio_stream: 1, video_stream: 0
[2026-03-19 12:10:45.526] [info] [thread 31788] audio packet pts: 421888, audio_pkt_size=365
[2026-03-19 12:10:45.526] [info] [thread 31788] read_thread loop: ret=0, pkt->stream_index=0, audioq.size=22551, videoq.size=487299, eof=0
[2026-03-19 12:10:45.526] [info] [thread 31788] audio_stream: 1, video_stream: 0
[2026-03-19 12:10:45.527] [info] [thread 31788] read_thread loop: ret=0, pkt->stream_index=1, audioq.size=22551, videoq.size=500275, eof=0
[2026-03-19 12:10:45.527] [info] [thread 31788] audio_stream: 1, video_stream: 0
[2026-03-19 12:10:45.527] [info] [thread 31788] audio packet pts: 422912, audio_pkt_size=368
[2026-03-19 12:10:45.528] [info] [thread 31788] read_thread loop: ret=0, pkt->stream_index=0, audioq.size=23039, videoq.size=500275, eof=0
[2026-03-19 12:10:45.528] [info] [thread 31788] audio_stream: 1, video_stream: 0
[2026-03-19 12:10:45.545] [info] [thread 31788] read_thread loop: ret=0, pkt->stream_index=0, audioq.size=23039, videoq.size=501664, eof=0
[2026-03-19 12:10:45.546] [info] [thread 31788] audio_stream: 1, video_stream: 0
[2026-03-19 12:10:45.550] [info] [thread 28368] audio.nb_samples=1024, channels=2, channel_layout=stereo, format=8, sample_rate=44100
[2026-03-19 12:10:45.552] [info] [thread 28368] audio frame data pointers: data[0]=0x21914281bc0, data[1]=0x21914283dc0
[2026-03-19 12:10:45.568] [info] [thread 31788] read_thread loop: ret=0, pkt->stream_index=1, audioq.size=22597, videoq.size=501293, eof=0
[2026-03-19 12:10:45.568] [info] [thread 31788] audio_stream: 1, video_stream: 0
[2026-03-19 12:10:45.569] [info] [thread 31788] audio packet pts: 423936, audio_pkt_size=384
[2026-03-19 12:10:45.569] [info] [thread 31788] read_thread loop: ret=0, pkt->stream_index=0, audioq.size=23101, videoq.size=501293, eof=0
[2026-03-19 12:10:45.569] [info] [thread 31788] audio_stream: 1, video_stream: 0
[2026-03-19 12:10:45.600] [info] [thread 28368] audio.nb_samples=1024, channels=2, channel_layout=stereo, format=8, sample_rate=44100
[2026-03-19 12:10:45.600] [info] [thread 28368] audio frame data pointers: data[0]=0x2191427d780, data[1]=0x21914285fc0
[2026-03-19 12:10:45.622] [info] [thread 31788] read_thread loop: ret=0, pkt->stream_index=1, audioq.size=22645, videoq.size=492061, eof=0
[2026-03-19 12:10:45.622] [info] [thread 31788] audio_stream: 1, video_stream: 0
[2026-03-19 12:10:45.622] [info] [thread 31788] audio packet pts: 424960, audio_pkt_size=412
[2026-03-19 12:10:45.622] [info] [thread 31788] read_thread loop: ret=0, pkt->stream_index=0, audioq.size=23177, videoq.size=492061, eof=0
[2026-03-19 12:10:45.622] [info] [thread 31788] audio_stream: 1, video_stream: 0
[2026-03-19 12:10:45.650] [info] [thread 28368] audio.nb_samples=1024, channels=2, channel_layout=stereo, format=8, sample_rate=44100
[2026-03-19 12:10:45.650] [info] [thread 28368] audio frame data pointers: data[0]=0x219142881c0, data[1]=0x2191428c600
[2026-03-19 12:10:45.653] [info] [thread 31788] read_thread loop: ret=0, pkt->stream_index=1, audioq.size=22712, videoq.size=498707, eof=0
[2026-03-19 12:10:45.654] [info] [thread 31788] audio_stream: 1, video_stream: 0
[2026-03-19 12:10:45.654] [info] [thread 31788] audio packet pts: 425984, audio_pkt_size=411
[2026-03-19 12:10:45.654] [info] [thread 31788] read_thread loop: ret=0, pkt->stream_index=0, audioq.size=23243, videoq.size=498707, eof=0
[2026-03-19 12:10:45.654] [info] [thread 31788] audio_stream: 1, video_stream: 0
[2026-03-19 12:10:45.686] [info] [thread 31788] read_thread loop: ret=0, pkt->stream_index=0, audioq.size=23243, videoq.size=501801, eof=0
[2026-03-19 12:10:45.686] [info] [thread 31788] audio_stream: 1, video_stream: 0
[2026-03-19 12:10:45.690] [info] [thread 28368] audio.nb_samples=1024, channels=2, channel_layout=stereo, format=8, sample_rate=44100
[2026-03-19 12:10:45.690] [info] [thread 28368] audio frame data pointers: data[0]=0x2191428a400, data[1]=0x21914290a00
[2026-03-19 12:10:45.707] [info] [thread 31788] read_thread loop: ret=0, pkt->stream_index=1, audioq.size=22781, videoq.size=502866, eof=0
[2026-03-19 12:10:45.707] [info] [thread 31788] audio_stream: 1, video_stream: 0
[2026-03-19 12:10:45.708] [info] [thread 31788] audio packet pts: 427008, audio_pkt_size=381
[2026-03-19 12:10:45.708] [info] [thread 31788] read_thread loop: ret=0, pkt->stream_index=0, audioq.size=23282, videoq.size=502866, eof=0
[2026-03-19 12:10:45.708] [info] [thread 31788] audio_stream: 1, video_stream: 0
[2026-03-19 12:10:45.740] [info] [thread 28368] audio.nb_samples=1024, channels=2, channel_layout=stereo, format=8, sample_rate=44100
[2026-03-19 12:10:45.740] [info] [thread 31788] read_thread loop: ret=0, pkt->stream_index=1, audioq.size=22776, videoq.size=491786, eof=0
[2026-03-19 12:10:45.740] [info] [thread 28368] audio frame data pointers: data[0]=0x2191478a0c0, data[1]=0x21914788040
[2026-03-19 12:10:45.740] [info] [thread 31788] audio_stream: 1, video_stream: 0
[2026-03-19 12:10:45.741] [info] [thread 31788] audio packet pts: 428032, audio_pkt_size=363
[2026-03-19 12:10:45.741] [info] [thread 31788] read_thread loop: ret=0, pkt->stream_index=0, audioq.size=23259, videoq.size=491786, eof=0
[2026-03-19 12:10:45.741] [info] [thread 31788] audio_stream: 1, video_stream: 0
[2026-03-19 12:10:45.772] [info] [thread 31788] read_thread loop: ret=0, pkt->stream_index=0, audioq.size=23259, videoq.size=496080, eof=0
[2026-03-19 12:10:45.773] [info] [thread 31788] audio_stream: 1, video_stream: 0
[2026-03-19 12:10:45.790] [info] [thread 28368] audio.nb_samples=1024, channels=2, channel_layout=stereo, format=8, sample_rate=44100
[2026-03-19 12:10:45.790] [info] [thread 28368] audio frame data pointers: data[0]=0x21916f92a00, data[1]=0x21916b27480
[2026-03-19 12:10:45.806] [info] [thread 31788] read_thread loop: ret=0, pkt->stream_index=1, audioq.size=22756, videoq.size=496128, eof=0
[2026-03-19 12:10:45.807] [info] [thread 31788] audio_stream: 1, video_stream: 0
[2026-03-19 12:10:45.807] [info] [thread 31788] audio packet pts: 429056, audio_pkt_size=350
[2026-03-19 12:10:45.808] [info] [thread 31788] read_thread loop: ret=0, pkt->stream_index=0, audioq.size=23226, videoq.size=496128, eof=0
[2026-03-19 12:10:45.808] [info] [thread 31788] audio_stream: 1, video_stream: 0
[2026-03-19 12:10:45.830] [info] [thread 28368] audio.nb_samples=1024, channels=2, channel_layout=stereo, format=8, sample_rate=44100
[2026-03-19 12:10:45.830] [info] [thread 28368] audio frame data pointers: data[0]=0x21916f9b500, data[1]=0x21916f96e40
[2026-03-19 12:10:45.839] [info] [thread 31788] read_thread loop: ret=0, pkt->stream_index=1, audioq.size=22720, videoq.size=493509, eof=0
[2026-03-19 12:10:45.839] [info] [thread 31788] audio_stream: 1, video_stream: 0
[2026-03-19 12:10:45.840] [info] [thread 31788] audio packet pts: 430080, audio_pkt_size=349
[2026-03-19 12:10:45.840] [info] [thread 31788] read_thread loop: ret=0, pkt->stream_index=0, audioq.size=23189, videoq.size=493509, eof=0
[2026-03-19 12:10:45.840] [info] [thread 31788] audio_stream: 1, video_stream: 0
[2026-03-19 12:10:45.873] [info] [thread 31788] read_thread loop: ret=0, pkt->stream_index=1, audioq.size=23189, videoq.size=481231, eof=0
[2026-03-19 12:10:45.874] [info] [thread 31788] audio_stream: 1, video_stream: 0
[2026-03-19 12:10:45.874] [info] [thread 31788] audio packet pts: 431104, audio_pkt_size=343
[2026-03-19 12:10:45.875] [info] [thread 31788] read_thread loop: ret=0, pkt->stream_index=0, audioq.size=23652, videoq.size=481231, eof=0
[2026-03-19 12:10:45.875] [info] [thread 31788] audio_stream: 1, video_stream: 0
[2026-03-19 12:10:45.880] [info] [thread 28368] audio.nb_samples=1024, channels=2, channel_layout=stereo, format=8, sample_rate=44100
[2026-03-19 12:10:45.880] [info] [thread 28368] audio frame data pointers: data[0]=0x21916f98e80, data[1]=0x21916a5bb00
[2026-03-19 12:10:45.917] [info] [thread 31788] read_thread loop: ret=0, pkt->stream_index=0, audioq.size=23185, videoq.size=487682, eof=0
[2026-03-19 12:10:45.918] [info] [thread 31788] audio_stream: 1, video_stream: 0
[2026-03-19 12:10:45.920] [info] [thread 28368] audio.nb_samples=1024, channels=2, channel_layout=stereo, format=8, sample_rate=44100
[2026-03-19 12:10:45.920] [info] [thread 28368] audio frame data pointers: data[0]=0x2191427f980, data[1]=0x21916a5db80
[2026-03-19 12:10:45.949] [info] [thread 31788] read_thread loop: ret=0, pkt->stream_index=1, audioq.size=22711, videoq.size=489692, eof=0
[2026-03-19 12:10:45.949] [info] [thread 31788] audio_stream: 1, video_stream: 0
[2026-03-19 12:10:45.950] [info] [thread 31788] audio packet pts: 432128, audio_pkt_size=332
[2026-03-19 12:10:45.950] [info] [thread 31788] read_thread loop: ret=0, pkt->stream_index=0, audioq.size=23163, videoq.size=489692, eof=0
[2026-03-19 12:10:45.951] [info] [thread 31788] audio_stream: 1, video_stream: 0
[2026-03-19 12:10:45.970] [info] [thread 28368] audio.nb_samples=1024, channels=2, channel_layout=stereo, format=8, sample_rate=44100
[2026-03-19 12:10:45.970] [info] [thread 28368] audio frame data pointers: data[0]=0x2191427b580, data[1]=0x21914279380
[2026-03-19 12:10:45.972] [info] [thread 31788] read_thread loop: ret=0, pkt->stream_index=1, audioq.size=22699, videoq.size=487761, eof=0
[2026-03-19 12:10:45.973] [info] [thread 31788] audio_stream: 1, video_stream: 0
[2026-03-19 12:10:45.973] [info] [thread 31788] audio packet pts: 433152, audio_pkt_size=334
[2026-03-19 12:10:45.974] [info] [thread 31788] read_thread loop: ret=0, pkt->stream_index=0, audioq.size=23153, videoq.size=487761, eof=0
[2026-03-19 12:10:45.974] [info] [thread 31788] audio_stream: 1, video_stream: 0
[2026-03-19 12:10:46.005] [info] [thread 31788] read_thread loop: ret=0, pkt->stream_index=0, audioq.size=23153, videoq.size=476003, eof=0
[2026-03-19 12:10:46.006] [info] [thread 31788] audio_stream: 1, video_stream: 0
[2026-03-19 12:10:46.020] [info] [thread 28368] audio.nb_samples=1024, channels=2, channel_layout=stereo, format=8, sample_rate=44100
[2026-03-19 12:10:46.020] [info] [thread 28368] audio frame data pointers: data[0]=0x21914283dc0, data[1]=0x21914281bc0
[2026-03-19 12:10:46.039] [info] [thread 31788] read_thread loop: ret=0, pkt->stream_index=1, audioq.size=22682, videoq.size=481970, eof=0
[2026-03-19 12:10:46.039] [info] [thread 31788] audio_stream: 1, video_stream: 0
[2026-03-19 12:10:46.040] [info] [thread 31788] audio packet pts: 434176, audio_pkt_size=344
[2026-03-19 12:10:46.040] [info] [thread 31788] read_thread loop: ret=0, pkt->stream_index=0, audioq.size=23146, videoq.size=481970, eof=0
[2026-03-19 12:10:46.041] [info] [thread 31788] audio_stream: 1, video_stream: 0
[2026-03-19 12:10:46.060] [info] [thread 28368] audio.nb_samples=1024, channels=2, channel_layout=stereo, format=8, sample_rate=44100
[2026-03-19 12:10:46.060] [info] [thread 28368] audio frame data pointers: data[0]=0x21914285fc0, data[1]=0x2191427d780
[2026-03-19 12:10:46.073] [info] [thread 31788] read_thread loop: ret=0, pkt->stream_index=1, audioq.size=22659, videoq.size=479701, eof=0
[2026-03-19 12:10:46.074] [info] [thread 31788] audio_stream: 1, video_stream: 0
[2026-03-19 12:10:46.074] [info] [thread 31788] audio packet pts: 435200, audio_pkt_size=376
[2026-03-19 12:10:46.074] [info] [thread 31788] read_thread loop: ret=0, pkt->stream_index=0, audioq.size=23155, videoq.size=479701, eof=0
[2026-03-19 12:10:46.075] [info] [thread 31788] audio_stream: 1, video_stream: 0
[2026-03-19 12:10:46.107] [info] [thread 31788] read_thread loop: ret=0, pkt->stream_index=1, audioq.size=23155, videoq.size=464035, eof=0
[2026-03-19 12:10:46.107] [info] [thread 31788] audio_stream: 1, video_stream: 0
[2026-03-19 12:10:46.108] [info] [thread 31788] audio packet pts: 436224, audio_pkt_size=371
[2026-03-19 12:10:46.108] [info] [thread 31788] read_thread loop: ret=0, pkt->stream_index=0, audioq.size=23646, videoq.size=464035, eof=0
[2026-03-19 12:10:46.108] [info] [thread 31788] audio_stream: 1, video_stream: 0
[2026-03-19 12:10:46.110] [info] [thread 28368] audio.nb_samples=1024, channels=2, channel_layout=stereo, format=8, sample_rate=44100
[2026-03-19 12:10:46.110] [info] [thread 28368] audio frame data pointers: data[0]=0x2191428c600, data[1]=0x219142881c0
[2026-03-19 12:10:46.152] [info] [thread 31788] read_thread loop: ret=0, pkt->stream_index=0, audioq.size=23163, videoq.size=467062, eof=0
[2026-03-19 12:10:46.153] [info] [thread 31788] audio_stream: 1, video_stream: 0
[2026-03-19 12:10:46.160] [info] [thread 28368] audio.nb_samples=1024, channels=2, channel_layout=stereo, format=8, sample_rate=44100
[2026-03-19 12:10:46.160] [info] [thread 28368] audio frame data pointers: data[0]=0x21914290a00, data[1]=0x2191428a400
[2026-03-19 12:10:46.183] [info] [thread 31788] read_thread loop: ret=0, pkt->stream_index=1, audioq.size=22665, videoq.size=460450, eof=0
[2026-03-19 12:10:46.184] [info] [thread 31788] audio_stream: 1, video_stream: 0
[2026-03-19 12:10:46.185] [info] [thread 31788] audio packet pts: 437248, audio_pkt_size=359
[2026-03-19 12:10:46.185] [info] [thread 31788] read_thread loop: ret=0, pkt->stream_index=0, audioq.size=23144, videoq.size=460450, eof=0
[2026-03-19 12:10:46.185] [info] [thread 31788] audio_stream: 1, video_stream: 0
[2026-03-19 12:10:46.200] [info] [thread 28368] audio.nb_samples=1024, channels=2, channel_layout=stereo, format=8, sample_rate=44100
[2026-03-19 12:10:46.200] [info] [thread 28368] audio frame data pointers: data[0]=0x21914788040, data[1]=0x2191478a0c0
[2026-03-19 12:10:46.207] [info] [thread 31788] read_thread loop: ret=0, pkt->stream_index=1, audioq.size=22578, videoq.size=445863, eof=0
[2026-03-19 12:10:46.207] [info] [thread 31788] audio_stream: 1, video_stream: 0
[2026-03-19 12:10:46.208] [info] [thread 31788] audio packet pts: 438272, audio_pkt_size=347
[2026-03-19 12:10:46.208] [info] [thread 31788] read_thread loop: ret=0, pkt->stream_index=0, audioq.size=23045, videoq.size=445863, eof=0
[2026-03-19 12:10:46.208] [info] [thread 31788] audio_stream: 1, video_stream: 0
[2026-03-19 12:10:46.240] [info] [thread 31788] read_thread loop: ret=0, pkt->stream_index=0, audioq.size=23045, videoq.size=447633, eof=0
[2026-03-19 12:10:46.240] [info] [thread 31788] audio_stream: 1, video_stream: 0
[2026-03-19 12:10:46.250] [info] [thread 28368] audio.nb_samples=1024, channels=2, channel_layout=stereo, format=8, sample_rate=44100
[2026-03-19 12:10:46.250] [info] [thread 28368] audio frame data pointers: data[0]=0x21916b27480, data[1]=0x21916f92a00
[2026-03-19 12:10:46.270] [info] [thread 31788] read_thread loop: ret=0, pkt->stream_index=1, audioq.size=22478, videoq.size=448388, eof=0
[2026-03-19 12:10:46.271] [info] [thread 31788] audio_stream: 1, video_stream: 0
[2026-03-19 12:10:46.272] [info] [thread 31788] audio packet pts: 439296, audio_pkt_size=352
[2026-03-19 12:10:46.272] [info] [thread 31788] read_thread loop: ret=0, pkt->stream_index=0, audioq.size=22950, videoq.size=448388, eof=0
[2026-03-19 12:10:46.272] [info] [thread 31788] audio_stream: 1, video_stream: 0
[2026-03-19 12:10:46.300] [info] [thread 28368] audio.nb_samples=1024, channels=2, channel_layout=stereo, format=8, sample_rate=44100
[2026-03-19 12:10:46.301] [info] [thread 28368] audio frame data pointers: data[0]=0x21916f96e40, data[1]=0x21916f9b500
[2026-03-19 12:10:46.304] [info] [thread 31788] read_thread loop: ret=0, pkt->stream_index=1, audioq.size=22441, videoq.size=437974, eof=0
[2026-03-19 12:10:46.304] [info] [thread 31788] audio_stream: 1, video_stream: 0
[2026-03-19 12:10:46.304] [info] [thread 31788] audio packet pts: 440320, audio_pkt_size=353
[2026-03-19 12:10:46.304] [info] [thread 31788] read_thread loop: ret=0, pkt->stream_index=0, audioq.size=22914, videoq.size=437974, eof=0
[2026-03-19 12:10:46.305] [info] [thread 31788] audio_stream: 1, video_stream: 0
[2026-03-19 12:10:46.337] [info] [thread 31788] read_thread loop: ret=0, pkt->stream_index=1, audioq.size=22914, videoq.size=431590, eof=0
[2026-03-19 12:10:46.337] [info] [thread 31788] audio_stream: 1, video_stream: 0
[2026-03-19 12:10:46.337] [info] [thread 31788] audio packet pts: 441344, audio_pkt_size=409
[2026-03-19 12:10:46.337] [info] [thread 31788] read_thread loop: ret=0, pkt->stream_index=0, audioq.size=23443, videoq.size=431590, eof=0
[2026-03-19 12:10:46.338] [info] [thread 31788] audio_stream: 1, video_stream: 0
[2026-03-19 12:10:46.340] [info] [thread 28368] audio.nb_samples=1024, channels=2, channel_layout=stereo, format=8, sample_rate=44100
[2026-03-19 12:10:46.340] [info] [thread 28368] audio frame data pointers: data[0]=0x21916a5bb00, data[1]=0x21916f98e80
[2026-03-19 12:10:46.369] [info] [thread 31788] read_thread loop: ret=0, pkt->stream_index=0, audioq.size=22917, videoq.size=440411, eof=0
[2026-03-19 12:10:46.369] [info] [thread 31788] audio_stream: 1, video_stream: 0
[2026-03-19 12:10:46.390] [info] [thread 28368] audio.nb_samples=1024, channels=2, channel_layout=stereo, format=8, sample_rate=44100
[2026-03-19 12:10:46.390] [info] [thread 28368] audio frame data pointers: data[0]=0x21916a5db80, data[1]=0x2191427f980
[2026-03-19 12:10:46.401] [info] [thread 31788] read_thread loop: ret=0, pkt->stream_index=1, audioq.size=22406, videoq.size=444610, eof=0
[2026-03-19 12:10:46.402] [info] [thread 31788] audio_stream: 1, video_stream: 0
[2026-03-19 12:10:46.402] [info] [thread 31788] audio packet pts: 442368, audio_pkt_size=381
[2026-03-19 12:10:46.402] [info] [thread 31788] read_thread loop: ret=0, pkt->stream_index=0, audioq.size=22907, videoq.size=444610, eof=0
[2026-03-19 12:10:46.403] [info] [thread 31788] audio_stream: 1, video_stream: 0
[2026-03-19 12:10:46.440] [info] [thread 28368] audio.nb_samples=1024, channels=2, channel_layout=stereo, format=8, sample_rate=44100
[2026-03-19 12:10:46.440] [info] [thread 28368] audio frame data pointers: data[0]=0x21914279380, data[1]=0x2191427b580
[2026-03-19 12:10:46.444] [info] [thread 31788] read_thread loop: ret=0, pkt->stream_index=1, audioq.size=22411, videoq.size=434215, eof=0
[2026-03-19 12:10:46.445] [info] [thread 31788] audio_stream: 1, video_stream: 0
[2026-03-19 12:10:46.445] [info] [thread 31788] audio packet pts: 443392, audio_pkt_size=367
[2026-03-19 12:10:46.446] [info] [thread 31788] read_thread loop: ret=0, pkt->stream_index=0, audioq.size=22898, videoq.size=434215, eof=0
[2026-03-19 12:10:46.446] [info] [thread 31788] audio_stream: 1, video_stream: 0
[2026-03-19 12:10:46.478] [info] [thread 31788] read_thread loop: ret=0, pkt->stream_index=0, audioq.size=22898, videoq.size=433877, eof=0
[2026-03-19 12:10:46.478] [info] [thread 31788] audio_stream: 1, video_stream: 0
[2026-03-19 12:10:46.480] [info] [thread 28368] audio.nb_samples=1024, channels=2, channel_layout=stereo, format=8, sample_rate=44100
[2026-03-19 12:10:46.480] [info] [thread 28368] audio frame data pointers: data[0]=0x21914281bc0, data[1]=0x21914283dc0
[2026-03-19 12:10:46.511] [info] [thread 31788] read_thread loop: ret=0, pkt->stream_index=1, audioq.size=22414, videoq.size=444315, eof=0
[2026-03-19 12:10:46.512] [info] [thread 31788] audio_stream: 1, video_stream: 0
[2026-03-19 12:10:46.512] [info] [thread 31788] audio packet pts: 444416, audio_pkt_size=371
[2026-03-19 12:10:46.512] [info] [thread 31788] read_thread loop: ret=0, pkt->stream_index=0, audioq.size=22905, videoq.size=444315, eof=0
[2026-03-19 12:10:46.512] [info] [thread 31788] audio_stream: 1, video_stream: 0
[2026-03-19 12:10:46.530] [info] [thread 28368] audio.nb_samples=1024, channels=2, channel_layout=stereo, format=8, sample_rate=44100
[2026-03-19 12:10:46.530] [info] [thread 28368] audio frame data pointers: data[0]=0x2191427d780, data[1]=0x21914285fc0
[2026-03-19 12:10:46.543] [info] [thread 31788] read_thread loop: ret=0, pkt->stream_index=1, audioq.size=22393, videoq.size=448337, eof=0
[2026-03-19 12:10:46.544] [info] [thread 31788] audio_stream: 1, video_stream: 0
[2026-03-19 12:10:46.544] [info] [thread 31788] audio packet pts: 445440, audio_pkt_size=355
[2026-03-19 12:10:46.545] [info] [thread 31788] read_thread loop: ret=0, pkt->stream_index=0, audioq.size=22868, videoq.size=448337, eof=0
[2026-03-19 12:10:46.545] [info] [thread 31788] audio_stream: 1, video_stream: 0
[2026-03-19 12:10:46.570] [info] [thread 28368] audio.nb_samples=1024, channels=2, channel_layout=stereo, format=8, sample_rate=44100
[2026-03-19 12:10:46.570] [info] [thread 28368] audio frame data pointers: data[0]=0x219142881c0, data[1]=0x2191428c600
[2026-03-19 12:10:46.587] [info] [thread 31788] read_thread loop: ret=0, pkt->stream_index=1, audioq.size=22367, videoq.size=437264, eof=0
[2026-03-19 12:10:46.587] [info] [thread 31788] audio_stream: 1, video_stream: 0
[2026-03-19 12:10:46.588] [info] [thread 31788] audio packet pts: 446464, audio_pkt_size=346
[2026-03-19 12:10:46.588] [info] [thread 31788] read_thread loop: ret=0, pkt->stream_index=0, audioq.size=22833, videoq.size=437264, eof=0
[2026-03-19 12:10:46.588] [info] [thread 31788] audio_stream: 1, video_stream: 0
[2026-03-19 12:10:46.619] [info] [thread 31788] read_thread loop: ret=0, pkt->stream_index=0, audioq.size=22833, videoq.size=436469, eof=0
[2026-03-19 12:10:46.620] [info] [thread 28368] audio.nb_samples=1024, channels=2, channel_layout=stereo, format=8, sample_rate=44100
[2026-03-19 12:10:46.620] [info] [thread 28368] audio frame data pointers: data[0]=0x2191428a400, data[1]=0x21914290a00
[2026-03-19 12:10:46.620] [info] [thread 31788] audio_stream: 1, video_stream: 0
[2026-03-19 12:10:46.652] [info] [thread 31788] read_thread loop: ret=0, pkt->stream_index=1, audioq.size=22325, videoq.size=450935, eof=0
[2026-03-19 12:10:46.653] [info] [thread 31788] audio_stream: 1, video_stream: 0
[2026-03-19 12:10:46.653] [info] [thread 31788] audio packet pts: 447488, audio_pkt_size=358
[2026-03-19 12:10:46.654] [info] [thread 31788] read_thread loop: ret=0, pkt->stream_index=0, audioq.size=22803, videoq.size=450935, eof=0
[2026-03-19 12:10:46.654] [info] [thread 31788] audio_stream: 1, video_stream: 0
[2026-03-19 12:10:46.670] [info] [thread 28368] audio.nb_samples=1024, channels=2, channel_layout=stereo, format=8, sample_rate=44100
[2026-03-19 12:10:46.670] [info] [thread 28368] audio frame data pointers: data[0]=0x2191478a0c0, data[1]=0x21914788040
[2026-03-19 12:10:46.675] [info] [thread 31788] read_thread loop: ret=0, pkt->stream_index=1, audioq.size=22315, videoq.size=455550, eof=0
[2026-03-19 12:10:46.676] [info] [thread 31788] audio_stream: 1, video_stream: 0
[2026-03-19 12:10:46.676] [info] [thread 31788] audio packet pts: 448512, audio_pkt_size=360
[2026-03-19 12:10:46.677] [info] [thread 31788] read_thread loop: ret=0, pkt->stream_index=0, audioq.size=22795, videoq.size=455550, eof=0
[2026-03-19 12:10:46.677] [info] [thread 31788] audio_stream: 1, video_stream: 0
[2026-03-19 12:10:46.709] [info] [thread 31788] read_thread loop: ret=0, pkt->stream_index=0, audioq.size=22795, videoq.size=447429, eof=0
[2026-03-19 12:10:46.710] [info] [thread 31788] audio_stream: 1, video_stream: 0
[2026-03-19 12:10:46.710] [info] [thread 28368] audio.nb_samples=1024, channels=2, channel_layout=stereo, format=8, sample_rate=44100
[2026-03-19 12:10:46.710] [info] [thread 28368] audio frame data pointers: data[0]=0x21916f92a00, data[1]=0x21916b27480
[2026-03-19 12:10:46.742] [info] [thread 31788] read_thread loop: ret=0, pkt->stream_index=1, audioq.size=22360, videoq.size=447764, eof=0
[2026-03-19 12:10:46.743] [info] [thread 31788] audio_stream: 1, video_stream: 0
[2026-03-19 12:10:46.743] [info] [thread 31788] audio packet pts: 449536, audio_pkt_size=377
[2026-03-19 12:10:46.743] [info] [thread 31788] read_thread loop: ret=0, pkt->stream_index=0, audioq.size=22857, videoq.size=447764, eof=0
[2026-03-19 12:10:46.743] [info] [thread 31788] audio_stream: 1, video_stream: 0
[2026-03-19 12:10:46.760] [info] [thread 28368] audio.nb_samples=1024, channels=2, channel_layout=stereo, format=8, sample_rate=44100
[2026-03-19 12:10:46.760] [info] [thread 28368] audio frame data pointers: data[0]=0x21916f9b500, data[1]=0x21916f96e40
[2026-03-19 12:10:46.776] [info] [thread 31788] read_thread loop: ret=0, pkt->stream_index=1, audioq.size=22407, videoq.size=468523, eof=0
[2026-03-19 12:10:46.776] [info] [thread 31788] audio_stream: 1, video_stream: 0
[2026-03-19 12:10:46.776] [info] [thread 31788] audio packet pts: 450560, audio_pkt_size=400
[2026-03-19 12:10:46.776] [info] [thread 31788] read_thread loop: ret=0, pkt->stream_index=0, audioq.size=22927, videoq.size=468523, eof=0
[2026-03-19 12:10:46.777] [info] [thread 31788] audio_stream: 1, video_stream: 0
[2026-03-19 12:10:46.809] [info] [thread 31788] read_thread loop: ret=0, pkt->stream_index=1, audioq.size=22927, videoq.size=476198, eof=0
[2026-03-19 12:10:46.809] [info] [thread 31788] audio_stream: 1, video_stream: 0
[2026-03-19 12:10:46.810] [info] [thread 31788] audio packet pts: 451584, audio_pkt_size=395
[2026-03-19 12:10:46.810] [info] [thread 28368] audio.nb_samples=1024, channels=2, channel_layout=stereo, format=8, sample_rate=44100
[2026-03-19 12:10:46.810] [info] [thread 28368] audio frame data pointers: data[0]=0x21916f98e80, data[1]=0x21916a5bb00
[2026-03-19 12:10:46.810] [info] [thread 31788] read_thread loop: ret=0, pkt->stream_index=0, audioq.size=22979, videoq.size=476198, eof=0
[2026-03-19 12:10:46.811] [info] [thread 31788] audio_stream: 1, video_stream: 0
[2026-03-19 12:10:46.841] [info] [thread 31788] read_thread loop: ret=0, pkt->stream_index=0, audioq.size=22979, videoq.size=467750, eof=0
[2026-03-19 12:10:46.842] [info] [thread 31788] audio_stream: 1, video_stream: 0
[2026-03-19 12:10:46.850] [info] [thread 28368] audio.nb_samples=1024, channels=2, channel_layout=stereo, format=8, sample_rate=44100
[2026-03-19 12:10:46.850] [info] [thread 28368] audio frame data pointers: data[0]=0x2191427f980, data[1]=0x21916a5db80
[2026-03-19 12:10:46.873] [info] [thread 31788] read_thread loop: ret=0, pkt->stream_index=1, audioq.size=22533, videoq.size=469432, eof=0
[2026-03-19 12:10:46.874] [info] [thread 31788] audio_stream: 1, video_stream: 0
[2026-03-19 12:10:46.874] [info] [thread 31788] audio packet pts: 452608, audio_pkt_size=379
[2026-03-19 12:10:46.875] [info] [thread 31788] read_thread loop: ret=0, pkt->stream_index=0, audioq.size=23032, videoq.size=469432, eof=0
[2026-03-19 12:10:46.875] [info] [thread 31788] audio_stream: 1, video_stream: 0
[2026-03-19 12:10:46.900] [info] [thread 28368] audio.nb_samples=1024, channels=2, channel_layout=stereo, format=8, sample_rate=44100
[2026-03-19 12:10:46.900] [info] [thread 28368] audio frame data pointers: data[0]=0x2191427b580, data[1]=0x21914279380
[2026-03-19 12:10:46.918] [info] [thread 31788] read_thread loop: ret=0, pkt->stream_index=1, audioq.size=22571, videoq.size=484324, eof=0
[2026-03-19 12:10:46.919] [info] [thread 31788] audio_stream: 1, video_stream: 0
[2026-03-19 12:10:46.919] [info] [thread 31788] audio packet pts: 453632, audio_pkt_size=360
[2026-03-19 12:10:46.920] [info] [thread 31788] read_thread loop: ret=0, pkt->stream_index=0, audioq.size=23051, videoq.size=484324, eof=0
[2026-03-19 12:10:46.920] [info] [thread 31788] audio_stream: 1, video_stream: 0
[2026-03-19 12:10:46.941] [info] [thread 31788] read_thread loop: ret=0, pkt->stream_index=1, audioq.size=23051, videoq.size=489025, eof=0
[2026-03-19 12:10:46.942] [info] [thread 31788] audio_stream: 1, video_stream: 0
[2026-03-19 12:10:46.942] [info] [thread 31788] audio packet pts: 454656, audio_pkt_size=387
[2026-03-19 12:10:46.943] [info] [thread 31788] read_thread loop: ret=0, pkt->stream_index=0, audioq.size=23558, videoq.size=489025, eof=0
[2026-03-19 12:10:46.943] [info] [thread 31788] audio_stream: 1, video_stream: 0
[2026-03-19 12:10:46.950] [info] [thread 28368] audio.nb_samples=1024, channels=2, channel_layout=stereo, format=8, sample_rate=44100
[2026-03-19 12:10:46.950] [info] [thread 28368] audio frame data pointers: data[0]=0x21914283dc0, data[1]=0x21914281bc0
[2026-03-19 12:10:46.975] [info] [thread 31788] read_thread loop: ret=0, pkt->stream_index=0, audioq.size=23073, videoq.size=483772, eof=0
[2026-03-19 12:10:46.976] [info] [thread 31788] audio_stream: 1, video_stream: 0
[2026-03-19 12:10:46.990] [info] [thread 28368] audio.nb_samples=1024, channels=2, channel_layout=stereo, format=8, sample_rate=44100
[2026-03-19 12:10:46.990] [info] [thread 28368] audio frame data pointers: data[0]=0x21914285fc0, data[1]=0x2191427d780
[2026-03-19 12:10:47.008] [info] [thread 31788] read_thread loop: ret=0, pkt->stream_index=1, audioq.size=22597, videoq.size=483813, eof=0
[2026-03-19 12:10:47.008] [info] [thread 31788] audio_stream: 1, video_stream: 0
[2026-03-19 12:10:47.009] [info] [thread 31788] audio packet pts: 455680, audio_pkt_size=372
[2026-03-19 12:10:47.009] [info] [thread 31788] read_thread loop: ret=0, pkt->stream_index=0, audioq.size=23089, videoq.size=483813, eof=0
[2026-03-19 12:10:47.010] [info] [thread 31788] audio_stream: 1, video_stream: 0
[2026-03-19 12:10:47.040] [info] [thread 28368] audio.nb_samples=1024, channels=2, channel_layout=stereo, format=8, sample_rate=44100
[2026-03-19 12:10:47.040] [info] [thread 28368] audio frame data pointers: data[0]=0x2191428c600, data[1]=0x219142881c0
[2026-03-19 12:10:47.042] [info] [thread 31788] read_thread loop: ret=0, pkt->stream_index=1, audioq.size=22620, videoq.size=496002, eof=0
[2026-03-19 12:10:47.043] [info] [thread 31788] audio_stream: 1, video_stream: 0
[2026-03-19 12:10:47.043] [info] [thread 31788] audio packet pts: 456704, audio_pkt_size=405
[2026-03-19 12:10:47.044] [info] [thread 31788] read_thread loop: ret=0, pkt->stream_index=0, audioq.size=23145, videoq.size=496002, eof=0
[2026-03-19 12:10:47.044] [info] [thread 31788] audio_stream: 1, video_stream: 0
[2026-03-19 12:10:47.077] [info] [thread 31788] read_thread loop: ret=0, pkt->stream_index=0, audioq.size=23145, videoq.size=501530, eof=0
[2026-03-19 12:10:47.077] [info] [thread 31788] audio_stream: 1, video_stream: 0
[2026-03-19 12:10:47.090] [info] [thread 28368] audio.nb_samples=1024, channels=2, channel_layout=stereo, format=8, sample_rate=44100
[2026-03-19 12:10:47.090] [info] [thread 28368] audio frame data pointers: data[0]=0x21914290a00, data[1]=0x2191428a400
[2026-03-19 12:10:47.121] [info] [thread 31788] read_thread loop: ret=0, pkt->stream_index=1, audioq.size=22659, videoq.size=495272, eof=0
[2026-03-19 12:10:47.121] [info] [thread 31788] audio_stream: 1, video_stream: 0
[2026-03-19 12:10:47.122] [info] [thread 31788] audio packet pts: 457728, audio_pkt_size=369
[2026-03-19 12:10:47.122] [info] [thread 31788] read_thread loop: ret=0, pkt->stream_index=0, audioq.size=23148, videoq.size=495272, eof=0
[2026-03-19 12:10:47.122] [info] [thread 31788] audio_stream: 1, video_stream: 0
[2026-03-19 12:10:47.130] [info] [thread 28368] audio.nb_samples=1024, channels=2, channel_layout=stereo, format=8, sample_rate=44100
[2026-03-19 12:10:47.130] [info] [thread 28368] audio frame data pointers: data[0]=0x21914788040, data[1]=0x2191478a0c0
[2026-03-19 12:10:47.144] [info] [thread 31788] read_thread loop: ret=0, pkt->stream_index=1, audioq.size=22675, videoq.size=495984, eof=0
[2026-03-19 12:10:47.145] [info] [thread 31788] audio_stream: 1, video_stream: 0
[2026-03-19 12:10:47.145] [info] [thread 31788] audio packet pts: 458752, audio_pkt_size=354
[2026-03-19 12:10:47.145] [info] [thread 31788] read_thread loop: ret=0, pkt->stream_index=0, audioq.size=23149, videoq.size=495984, eof=0
[2026-03-19 12:10:47.146] [info] [thread 31788] audio_stream: 1, video_stream: 0
[2026-03-19 12:10:47.179] [info] [thread 31788] read_thread loop: ret=0, pkt->stream_index=1, audioq.size=23149, videoq.size=507341, eof=0
[2026-03-19 12:10:47.179] [info] [thread 31788] audio_stream: 1, video_stream: 0
[2026-03-19 12:10:47.180] [info] [thread 28368] audio.nb_samples=1024, channels=2, channel_layout=stereo, format=8, sample_rate=44100
[2026-03-19 12:10:47.180] [info] [thread 28368] audio frame data pointers: data[0]=0x21916b27480, data[1]=0x21916f92a00
[2026-03-19 12:10:47.180] [info] [thread 31788] audio packet pts: 459776, audio_pkt_size=374
[2026-03-19 12:10:47.181] [info] [thread 31788] read_thread loop: ret=0, pkt->stream_index=0, audioq.size=23162, videoq.size=507341, eof=0
[2026-03-19 12:10:47.181] [info] [thread 31788] audio_stream: 1, video_stream: 0
[2026-03-19 12:10:47.213] [info] [thread 31788] read_thread loop: ret=0, pkt->stream_index=0, audioq.size=23162, videoq.size=512585, eof=0
[2026-03-19 12:10:47.213] [info] [thread 31788] audio_stream: 1, video_stream: 0
[2026-03-19 12:10:47.230] [info] [thread 28368] audio.nb_samples=1024, channels=2, channel_layout=stereo, format=8, sample_rate=44100
[2026-03-19 12:10:47.230] [info] [thread 28368] audio frame data pointers: data[0]=0x21916f96e40, data[1]=0x21916f9b500
[2026-03-19 12:10:47.245] [info] [thread 31788] read_thread loop: ret=0, pkt->stream_index=1, audioq.size=22683, videoq.size=503344, eof=0
[2026-03-19 12:10:47.245] [info] [thread 31788] audio_stream: 1, video_stream: 0
[2026-03-19 12:10:47.246] [info] [thread 31788] audio packet pts: 460800, audio_pkt_size=358
[2026-03-19 12:10:47.246] [info] [thread 31788] read_thread loop: ret=0, pkt->stream_index=0, audioq.size=23161, videoq.size=503344, eof=0
[2026-03-19 12:10:47.247] [info] [thread 31788] audio_stream: 1, video_stream: 0
[2026-03-19 12:10:47.270] [info] [thread 28368] audio.nb_samples=1024, channels=2, channel_layout=stereo, format=8, sample_rate=44100
[2026-03-19 12:10:47.270] [info] [thread 28368] audio frame data pointers: data[0]=0x21916a5bb00, data[1]=0x21916f98e80
[2026-03-19 12:10:47.277] [info] [thread 31788] read_thread loop: ret=0, pkt->stream_index=1, audioq.size=22682, videoq.size=501947, eof=0
[2026-03-19 12:10:47.278] [info] [thread 31788] audio_stream: 1, video_stream: 0
[2026-03-19 12:10:47.278] [info] [thread 31788] audio packet pts: 461824, audio_pkt_size=348
[2026-03-19 12:10:47.279] [info] [thread 31788] read_thread loop: ret=0, pkt->stream_index=0, audioq.size=23150, videoq.size=501947, eof=0
[2026-03-19 12:10:47.279] [info] [thread 31788] audio_stream: 1, video_stream: 0
[2026-03-19 12:10:47.310] [info] [thread 31788] read_thread loop: ret=0, pkt->stream_index=0, audioq.size=23150, videoq.size=512752, eof=0
[2026-03-19 12:10:47.310] [info] [thread 31788] audio_stream: 1, video_stream: 0
[2026-03-19 12:10:47.320] [info] [thread 28368] audio.nb_samples=1024, channels=2, channel_layout=stereo, format=8, sample_rate=44100
[2026-03-19 12:10:47.320] [info] [thread 28368] audio frame data pointers: data[0]=0x21916a5db80, data[1]=0x2191427f980
[2026-03-19 12:10:47.342] [info] [thread 31788] read_thread loop: ret=0, pkt->stream_index=1, audioq.size=22647, videoq.size=516791, eof=0
[2026-03-19 12:10:47.342] [info] [thread 31788] audio_stream: 1, video_stream: 0
[2026-03-19 12:10:47.343] [info] [thread 31788] audio packet pts: 462848, audio_pkt_size=352
[2026-03-19 12:10:47.343] [info] [thread 31788] read_thread loop: ret=0, pkt->stream_index=0, audioq.size=23119, videoq.size=516791, eof=0
[2026-03-19 12:10:47.343] [info] [thread 31788] audio_stream: 1, video_stream: 0
[2026-03-19 12:10:47.360] [info] [thread 28368] audio.nb_samples=1024, channels=2, channel_layout=stereo, format=8, sample_rate=44100
[2026-03-19 12:10:47.360] [info] [thread 28368] audio frame data pointers: data[0]=0x21914279380, data[1]=0x2191427b580
[2026-03-19 12:10:47.385] [info] [thread 31788] read_thread loop: ret=0, pkt->stream_index=1, audioq.size=22579, videoq.size=511118, eof=0
[2026-03-19 12:10:47.385] [info] [thread 31788] audio_stream: 1, video_stream: 0
[2026-03-19 12:10:47.386] [info] [thread 31788] audio packet pts: 463872, audio_pkt_size=370
[2026-03-19 12:10:47.386] [info] [thread 31788] read_thread loop: ret=0, pkt->stream_index=0, audioq.size=23069, videoq.size=511118, eof=0
[2026-03-19 12:10:47.387] [info] [thread 31788] audio_stream: 1, video_stream: 0
[2026-03-19 12:10:47.410] [info] [thread 28368] audio.nb_samples=1024, channels=2, channel_layout=stereo, format=8, sample_rate=44100
[2026-03-19 12:10:47.410] [info] [thread 28368] audio frame data pointers: data[0]=0x21914281bc0, data[1]=0x21914283dc0
[2026-03-19 12:10:47.419] [info] [thread 31788] read_thread loop: ret=0, pkt->stream_index=1, audioq.size=22545, videoq.size=511314, eof=0
[2026-03-19 12:10:47.420] [info] [thread 31788] audio_stream: 1, video_stream: 0
[2026-03-19 12:10:47.420] [info] [thread 31788] audio packet pts: 464896, audio_pkt_size=367
[2026-03-19 12:10:47.421] [info] [thread 31788] read_thread loop: ret=0, pkt->stream_index=0, audioq.size=23032, videoq.size=511314, eof=0
[2026-03-19 12:10:47.422] [info] [thread 31788] audio_stream: 1, video_stream: 0
[2026-03-19 12:10:47.443] [info] [thread 31788] read_thread loop: ret=0, pkt->stream_index=0, audioq.size=23032, videoq.size=520281, eof=0
[2026-03-19 12:10:47.443] [info] [thread 31788] audio_stream: 1, video_stream: 0
[2026-03-19 12:10:47.460] [info] [thread 28368] audio.nb_samples=1024, channels=2, channel_layout=stereo, format=8, sample_rate=44100
[2026-03-19 12:10:47.460] [info] [thread 28368] audio frame data pointers: data[0]=0x2191427d780, data[1]=0x21914285fc0
[2026-03-19 12:10:47.474] [info] [thread 31788] read_thread loop: ret=0, pkt->stream_index=1, audioq.size=22508, videoq.size=515838, eof=0
[2026-03-19 12:10:47.475] [info] [thread 31788] audio_stream: 1, video_stream: 0
[2026-03-19 12:10:47.475] [info] [thread 31788] audio packet pts: 465920, audio_pkt_size=365
[2026-03-19 12:10:47.475] [info] [thread 31788] read_thread loop: ret=0, pkt->stream_index=0, audioq.size=22993, videoq.size=515838, eof=0
[2026-03-19 12:10:47.476] [info] [thread 31788] audio_stream: 1, video_stream: 0
[2026-03-19 12:10:47.500] [info] [thread 28368] audio.nb_samples=1024, channels=2, channel_layout=stereo, format=8, sample_rate=44100
[2026-03-19 12:10:47.500] [info] [thread 28368] audio frame data pointers: data[0]=0x219142881c0, data[1]=0x2191428c600
[2026-03-19 12:10:47.508] [info] [thread 31788] read_thread loop: ret=0, pkt->stream_index=1, audioq.size=22513, videoq.size=514243, eof=0
[2026-03-19 12:10:47.508] [info] [thread 31788] audio_stream: 1, video_stream: 0
[2026-03-19 12:10:47.509] [info] [thread 31788] audio packet pts: 466944, audio_pkt_size=371
[2026-03-19 12:10:47.510] [info] [thread 31788] read_thread loop: ret=0, pkt->stream_index=0, audioq.size=23004, videoq.size=514243, eof=0
[2026-03-19 12:10:47.510] [info] [thread 31788] audio_stream: 1, video_stream: 0
[2026-03-19 12:10:47.542] [info] [thread 31788] read_thread loop: ret=0, pkt->stream_index=0, audioq.size=23004, videoq.size=514585, eof=0
[2026-03-19 12:10:47.543] [info] [thread 31788] audio_stream: 1, video_stream: 0
[2026-03-19 12:10:47.550] [info] [thread 28368] audio.nb_samples=1024, channels=2, channel_layout=stereo, format=8, sample_rate=44100
[2026-03-19 12:10:47.550] [info] [thread 28368] audio frame data pointers: data[0]=0x2191428a400, data[1]=0x21914290a00
[2026-03-19 12:10:47.575] [info] [thread 31788] read_thread loop: ret=0, pkt->stream_index=1, audioq.size=22468, videoq.size=524949, eof=0
[2026-03-19 12:10:47.576] [info] [thread 31788] audio_stream: 1, video_stream: 0
[2026-03-19 12:10:47.576] [info] [thread 31788] audio packet pts: 467968, audio_pkt_size=360
[2026-03-19 12:10:47.577] [info] [thread 31788] read_thread loop: ret=0, pkt->stream_index=0, audioq.size=22948, videoq.size=524949, eof=0
[2026-03-19 12:10:47.577] [info] [thread 31788] audio_stream: 1, video_stream: 0
[2026-03-19 12:10:47.600] [info] [thread 28368] audio.nb_samples=1024, channels=2, channel_layout=stereo, format=8, sample_rate=44100
[2026-03-19 12:10:47.600] [info] [thread 28368] audio frame data pointers: data[0]=0x2191478a0c0, data[1]=0x21914788040
[2026-03-19 12:10:47.620] [info] [thread 31788] read_thread loop: ret=0, pkt->stream_index=1, audioq.size=22424, videoq.size=520631, eof=0
[2026-03-19 12:10:47.621] [info] [thread 31788] audio_stream: 1, video_stream: 0
[2026-03-19 12:10:47.621] [info] [thread 31788] audio packet pts: 468992, audio_pkt_size=361
[2026-03-19 12:10:47.622] [info] [thread 31788] read_thread loop: ret=0, pkt->stream_index=0, audioq.size=22905, videoq.size=520631, eof=0
[2026-03-19 12:10:47.622] [info] [thread 31788] audio_stream: 1, video_stream: 0
[2026-03-19 12:10:47.640] [info] [thread 28368] audio.nb_samples=1024, channels=2, channel_layout=stereo, format=8, sample_rate=44100
[2026-03-19 12:10:47.640] [info] [thread 28368] audio frame data pointers: data[0]=0x21916f92a00, data[1]=0x21916b27480
[2026-03-19 12:10:47.653] [info] [thread 31788] read_thread loop: ret=0, pkt->stream_index=1, audioq.size=22420, videoq.size=518640, eof=0
[2026-03-19 12:10:47.654] [info] [thread 31788] audio_stream: 1, video_stream: 0
[2026-03-19 12:10:47.654] [info] [thread 31788] audio packet pts: 470016, audio_pkt_size=366
[2026-03-19 12:10:47.654] [info] [thread 31788] read_thread loop: ret=0, pkt->stream_index=0, audioq.size=22906, videoq.size=518640, eof=0
[2026-03-19 12:10:47.655] [info] [thread 31788] audio_stream: 1, video_stream: 0
[2026-03-19 12:10:47.675] [info] [thread 31788] read_thread loop: ret=0, pkt->stream_index=0, audioq.size=22906, videoq.size=519415, eof=0
[2026-03-19 12:10:47.675] [info] [thread 31788] audio_stream: 1, video_stream: 0
[2026-03-19 12:10:47.690] [info] [thread 28368] audio.nb_samples=1024, channels=2, channel_layout=stereo, format=8, sample_rate=44100
[2026-03-19 12:10:47.690] [info] [thread 28368] audio frame data pointers: data[0]=0x21916f9b500, data[1]=0x21916f96e40
[2026-03-19 12:10:47.707] [info] [thread 31788] read_thread loop: ret=0, pkt->stream_index=1, audioq.size=22418, videoq.size=529742, eof=0
[2026-03-19 12:10:47.707] [info] [thread 31788] audio_stream: 1, video_stream: 0
[2026-03-19 12:10:47.708] [info] [thread 31788] audio packet pts: 471040, audio_pkt_size=362
[2026-03-19 12:10:47.708] [info] [thread 31788] read_thread loop: ret=0, pkt->stream_index=0, audioq.size=22900, videoq.size=529742, eof=0
[2026-03-19 12:10:47.709] [info] [thread 31788] audio_stream: 1, video_stream: 0
[2026-03-19 12:10:47.739] [info] [thread 31788] read_thread loop: ret=0, pkt->stream_index=1, audioq.size=22900, videoq.size=522886, eof=0
[2026-03-19 12:10:47.740] [info] [thread 28368] audio.nb_samples=1024, channels=2, channel_layout=stereo, format=8, sample_rate=44100
[2026-03-19 12:10:47.740] [info] [thread 31788] audio_stream: 1, video_stream: 0
[2026-03-19 12:10:47.740] [info] [thread 28368] audio frame data pointers: data[0]=0x21916f98e80, data[1]=0x21916a5bb00
[2026-03-19 12:10:47.741] [info] [thread 31788] audio packet pts: 472064, audio_pkt_size=366
[2026-03-19 12:10:47.742] [info] [thread 31788] read_thread loop: ret=0, pkt->stream_index=0, audioq.size=22882, videoq.size=522886, eof=0
[2026-03-19 12:10:47.742] [info] [thread 31788] audio_stream: 1, video_stream: 0
[2026-03-19 12:10:47.774] [info] [thread 31788] read_thread loop: ret=0, pkt->stream_index=0, audioq.size=22882, videoq.size=521141, eof=0
[2026-03-19 12:10:47.775] [info] [thread 31788] audio_stream: 1, video_stream: 0
[2026-03-19 12:10:47.780] [info] [thread 28368] audio.nb_samples=1024, channels=2, channel_layout=stereo, format=8, sample_rate=44100
[2026-03-19 12:10:47.780] [info] [thread 28368] audio frame data pointers: data[0]=0x2191427f980, data[1]=0x21916a5db80
[2026-03-19 12:10:47.806] [info] [thread 31788] read_thread loop: ret=0, pkt->stream_index=1, audioq.size=22350, videoq.size=521627, eof=0
[2026-03-19 12:10:47.807] [info] [thread 31788] audio_stream: 1, video_stream: 0
[2026-03-19 12:10:47.807] [info] [thread 31788] audio packet pts: 473088, audio_pkt_size=445
[2026-03-19 12:10:47.808] [info] [thread 31788] read_thread loop: ret=0, pkt->stream_index=0, audioq.size=22915, videoq.size=521627, eof=0
[2026-03-19 12:10:47.808] [info] [thread 31788] audio_stream: 1, video_stream: 0
[2026-03-19 12:10:47.830] [info] [thread 28368] audio.nb_samples=1024, channels=2, channel_layout=stereo, format=8, sample_rate=44100
[2026-03-19 12:10:47.830] [info] [thread 28368] audio frame data pointers: data[0]=0x2191427b580, data[1]=0x21914279380
[2026-03-19 12:10:47.840] [info] [thread 31788] read_thread loop: ret=0, pkt->stream_index=1, audioq.size=22384, videoq.size=532152, eof=0
[2026-03-19 12:10:47.840] [info] [thread 31788] audio_stream: 1, video_stream: 0
[2026-03-19 12:10:47.841] [info] [thread 31788] audio packet pts: 474112, audio_pkt_size=434
[2026-03-19 12:10:47.841] [info] [thread 31788] read_thread loop: ret=0, pkt->stream_index=0, audioq.size=22938, videoq.size=532152, eof=0
[2026-03-19 12:10:47.842] [info] [thread 31788] audio_stream: 1, video_stream: 0
[2026-03-19 12:10:47.872] [info] [thread 31788] read_thread loop: ret=0, pkt->stream_index=1, audioq.size=22938, videoq.size=522751, eof=0
[2026-03-19 12:10:47.873] [info] [thread 31788] audio_stream: 1, video_stream: 0
[2026-03-19 12:10:47.873] [info] [thread 31788] audio packet pts: 475136, audio_pkt_size=411
[2026-03-19 12:10:47.873] [info] [thread 31788] read_thread loop: ret=0, pkt->stream_index=0, audioq.size=23469, videoq.size=522751, eof=0
[2026-03-19 12:10:47.874] [info] [thread 31788] audio_stream: 1, video_stream: 0
[2026-03-19 12:10:47.880] [info] [thread 28368] audio.nb_samples=1024, channels=2, channel_layout=stereo, format=8, sample_rate=44100
[2026-03-19 12:10:47.881] [info] [thread 28368] audio frame data pointers: data[0]=0x21914283dc0, data[1]=0x21914281bc0
[2026-03-19 12:10:47.917] [info] [thread 31788] read_thread loop: ret=0, pkt->stream_index=0, audioq.size=22968, videoq.size=519338, eof=0
[2026-03-19 12:10:47.917] [info] [thread 31788] audio_stream: 1, video_stream: 0
[2026-03-19 12:10:47.920] [info] [thread 28368] audio.nb_samples=1024, channels=2, channel_layout=stereo, format=8, sample_rate=44100
[2026-03-19 12:10:47.920] [info] [thread 28368] audio frame data pointers: data[0]=0x21914285fc0, data[1]=0x2191427d780
[2026-03-19 12:10:47.950] [info] [thread 31788] read_thread loop: ret=0, pkt->stream_index=1, audioq.size=22485, videoq.size=519427, eof=0
[2026-03-19 12:10:47.951] [info] [thread 31788] audio_stream: 1, video_stream: 0
[2026-03-19 12:10:47.951] [info] [thread 31788] audio packet pts: 476160, audio_pkt_size=371
[2026-03-19 12:10:47.952] [info] [thread 31788] read_thread loop: ret=0, pkt->stream_index=0, audioq.size=22976, videoq.size=519427, eof=0
[2026-03-19 12:10:47.952] [info] [thread 31788] audio_stream: 1, video_stream: 0
[2026-03-19 12:10:47.970] [info] [thread 28368] audio.nb_samples=1024, channels=2, channel_layout=stereo, format=8, sample_rate=44100
[2026-03-19 12:10:47.970] [info] [thread 28368] audio frame data pointers: data[0]=0x2191428c600, data[1]=0x219142881c0
[2026-03-19 12:10:47.974] [info] [thread 31788] read_thread loop: ret=0, pkt->stream_index=1, audioq.size=22506, videoq.size=527801, eof=0
[2026-03-19 12:10:47.974] [info] [thread 31788] audio_stream: 1, video_stream: 0
[2026-03-19 12:10:47.975] [info] [thread 31788] audio packet pts: 477184, audio_pkt_size=368
[2026-03-19 12:10:47.975] [info] [thread 31788] read_thread loop: ret=0, pkt->stream_index=0, audioq.size=22994, videoq.size=527801, eof=0
[2026-03-19 12:10:47.976] [info] [thread 31788] audio_stream: 1, video_stream: 0
[2026-03-19 12:10:48.007] [info] [thread 31788] read_thread loop: ret=0, pkt->stream_index=1, audioq.size=22994, videoq.size=519175, eof=0
[2026-03-19 12:10:48.008] [info] [thread 31788] audio_stream: 1, video_stream: 0
[2026-03-19 12:10:48.008] [info] [thread 31788] audio packet pts: 478208, audio_pkt_size=348
[2026-03-19 12:10:48.008] [info] [thread 31788] read_thread loop: ret=0, pkt->stream_index=0, audioq.size=23462, videoq.size=519175, eof=0
[2026-03-19 12:10:48.009] [info] [thread 31788] audio_stream: 1, video_stream: 0
[2026-03-19 12:10:48.010] [info] [thread 28368] audio.nb_samples=1024, channels=2, channel_layout=stereo, format=8, sample_rate=44100
[2026-03-19 12:10:48.010] [info] [thread 28368] audio frame data pointers: data[0]=0x21914290a00, data[1]=0x2191428a400
[2026-03-19 12:10:48.041] [info] [thread 31788] read_thread loop: ret=0, pkt->stream_index=0, audioq.size=22993, videoq.size=516326, eof=0
[2026-03-19 12:10:48.041] [info] [thread 31788] audio_stream: 1, video_stream: 0
[2026-03-19 12:10:48.060] [info] [thread 28368] audio.nb_samples=1024, channels=2, channel_layout=stereo, format=8, sample_rate=44100
[2026-03-19 12:10:48.060] [info] [thread 28368] audio frame data pointers: data[0]=0x21914788040, data[1]=0x2191478a0c0
[2026-03-19 12:10:48.073] [info] [thread 31788] read_thread loop: ret=0, pkt->stream_index=1, audioq.size=22530, videoq.size=514931, eof=0
[2026-03-19 12:10:48.074] [info] [thread 31788] audio_stream: 1, video_stream: 0
[2026-03-19 12:10:48.074] [info] [thread 31788] audio packet pts: 479232, audio_pkt_size=350
[2026-03-19 12:10:48.075] [info] [thread 31788] read_thread loop: ret=0, pkt->stream_index=0, audioq.size=23000, videoq.size=514931, eof=0
[2026-03-19 12:10:48.075] [info] [thread 31788] audio_stream: 1, video_stream: 0
[2026-03-19 12:10:48.106] [info] [thread 31788] read_thread loop: ret=0, pkt->stream_index=1, audioq.size=23000, videoq.size=514117, eof=0
[2026-03-19 12:10:48.107] [info] [thread 31788] audio_stream: 1, video_stream: 0
[2026-03-19 12:10:48.107] [info] [thread 31788] audio packet pts: 480256, audio_pkt_size=353
[2026-03-19 12:10:48.107] [info] [thread 31788] read_thread loop: ret=0, pkt->stream_index=0, audioq.size=23473, videoq.size=514117, eof=0
[2026-03-19 12:10:48.108] [info] [thread 31788] audio_stream: 1, video_stream: 0
[2026-03-19 12:10:48.110] [info] [thread 28368] audio.nb_samples=1024, channels=2, channel_layout=stereo, format=8, sample_rate=44100
[2026-03-19 12:10:48.110] [info] [thread 28368] audio frame data pointers: data[0]=0x21916b27480, data[1]=0x21916f92a00
[2026-03-19 12:10:48.150] [info] [thread 28368] audio.nb_samples=1024, channels=2, channel_layout=stereo, format=8, sample_rate=44100
[2026-03-19 12:10:48.150] [info] [thread 28368] audio frame data pointers: data[0]=0x21916f96e40, data[1]=0x21916f9b500
[2026-03-19 12:10:48.151] [info] [thread 31788] read_thread loop: ret=0, pkt->stream_index=0, audioq.size=22567, videoq.size=515299, eof=0
[2026-03-19 12:10:48.151] [info] [thread 31788] audio_stream: 1, video_stream: 0
[2026-03-19 12:10:48.183] [info] [thread 31788] read_thread loop: ret=0, pkt->stream_index=1, audioq.size=22567, videoq.size=511846, eof=0
[2026-03-19 12:10:48.184] [info] [thread 31788] audio_stream: 1, video_stream: 0
[2026-03-19 12:10:48.184] [info] [thread 31788] audio packet pts: 481280, audio_pkt_size=398
[2026-03-19 12:10:48.184] [info] [thread 31788] read_thread loop: ret=0, pkt->stream_index=0, audioq.size=23085, videoq.size=511846, eof=0
[2026-03-19 12:10:48.185] [info] [thread 31788] audio_stream: 1, video_stream: 0
[2026-03-19 12:10:48.200] [info] [thread 28368] audio.nb_samples=1024, channels=2, channel_layout=stereo, format=8, sample_rate=44100
[2026-03-19 12:10:48.200] [info] [thread 28368] audio frame data pointers: data[0]=0x21916a5bb00, data[1]=0x21916f98e80
[2026-03-19 12:10:48.216] [info] [thread 31788] read_thread loop: ret=0, pkt->stream_index=1, audioq.size=22621, videoq.size=501544, eof=0
[2026-03-19 12:10:48.217] [info] [thread 31788] audio_stream: 1, video_stream: 0
[2026-03-19 12:10:48.217] [info] [thread 31788] audio packet pts: 482304, audio_pkt_size=430
[2026-03-19 12:10:48.218] [info] [thread 31788] read_thread loop: ret=0, pkt->stream_index=0, audioq.size=23171, videoq.size=501544, eof=0
[2026-03-19 12:10:48.218] [info] [thread 31788] audio_stream: 1, video_stream: 0
[2026-03-19 12:10:48.239] [info] [thread 31788] read_thread loop: ret=0, pkt->stream_index=1, audioq.size=23171, videoq.size=505675, eof=0
[2026-03-19 12:10:48.239] [info] [thread 31788] audio_stream: 1, video_stream: 0
[2026-03-19 12:10:48.239] [info] [thread 31788] audio packet pts: 483328, audio_pkt_size=331
[2026-03-19 12:10:48.240] [info] [thread 31788] read_thread loop: ret=0, pkt->stream_index=0, audioq.size=23622, videoq.size=505675, eof=0
[2026-03-19 12:10:48.240] [info] [thread 31788] audio_stream: 1, video_stream: 0
[2026-03-19 12:10:48.250] [info] [thread 28368] audio.nb_samples=1024, channels=2, channel_layout=stereo, format=8, sample_rate=44100
[2026-03-19 12:10:48.250] [info] [thread 28368] audio frame data pointers: data[0]=0x21916a5db80, data[1]=0x2191427f980
[2026-03-19 12:10:48.272] [info] [thread 31788] read_thread loop: ret=0, pkt->stream_index=0, audioq.size=23126, videoq.size=505600, eof=0
[2026-03-19 12:10:48.272] [info] [thread 31788] audio_stream: 1, video_stream: 0
[2026-03-19 12:10:48.290] [info] [thread 28368] audio.nb_samples=1024, channels=2, channel_layout=stereo, format=8, sample_rate=44100
[2026-03-19 12:10:48.290] [info] [thread 28368] audio frame data pointers: data[0]=0x21914279380, data[1]=0x2191427b580
[2026-03-19 12:10:48.305] [info] [thread 31788] read_thread loop: ret=0, pkt->stream_index=1, audioq.size=22635, videoq.size=507354, eof=0
[2026-03-19 12:10:48.305] [info] [thread 31788] audio_stream: 1, video_stream: 0
[2026-03-19 12:10:48.306] [info] [thread 31788] audio packet pts: 484352, audio_pkt_size=344
[2026-03-19 12:10:48.306] [info] [thread 31788] read_thread loop: ret=0, pkt->stream_index=0, audioq.size=23099, videoq.size=507354, eof=0
[2026-03-19 12:10:48.307] [info] [thread 31788] audio_stream: 1, video_stream: 0
[2026-03-19 12:10:48.338] [info] [thread 31788] read_thread loop: ret=0, pkt->stream_index=1, audioq.size=23099, videoq.size=496660, eof=0
[2026-03-19 12:10:48.339] [info] [thread 31788] audio_stream: 1, video_stream: 0
[2026-03-19 12:10:48.339] [info] [thread 31788] audio packet pts: 485376, audio_pkt_size=363
[2026-03-19 12:10:48.340] [info] [thread 28368] audio.nb_samples=1024, channels=2, channel_layout=stereo, format=8, sample_rate=44100
[2026-03-19 12:10:48.340] [info] [thread 31788] read_thread loop: ret=0, pkt->stream_index=0, audioq.size=23103, videoq.size=496660, eof=0
[2026-03-19 12:10:48.340] [info] [thread 28368] audio frame data pointers: data[0]=0x21914281bc0, data[1]=0x21914283dc0
[2026-03-19 12:10:48.340] [info] [thread 31788] audio_stream: 1, video_stream: 0
[2026-03-19 12:10:48.373] [info] [thread 31788] read_thread loop: ret=0, pkt->stream_index=0, audioq.size=23103, videoq.size=500876, eof=0
[2026-03-19 12:10:48.373] [info] [thread 31788] audio_stream: 1, video_stream: 0
[2026-03-19 12:10:48.390] [info] [thread 28368] audio.nb_samples=1024, channels=2, channel_layout=stereo, format=8, sample_rate=44100
[2026-03-19 12:10:48.390] [info] [thread 28368] audio frame data pointers: data[0]=0x2191427d780, data[1]=0x21914285fc0
[2026-03-19 12:10:48.415] [info] [thread 31788] read_thread loop: ret=0, pkt->stream_index=1, audioq.size=22636, videoq.size=502268, eof=0
[2026-03-19 12:10:48.416] [info] [thread 31788] audio_stream: 1, video_stream: 0
[2026-03-19 12:10:48.416] [info] [thread 31788] audio packet pts: 486400, audio_pkt_size=371
[2026-03-19 12:10:48.417] [info] [thread 31788] read_thread loop: ret=0, pkt->stream_index=0, audioq.size=23127, videoq.size=502268, eof=0
[2026-03-19 12:10:48.417] [info] [thread 31788] audio_stream: 1, video_stream: 0
[2026-03-19 12:10:48.430] [info] [thread 28368] audio.nb_samples=1024, channels=2, channel_layout=stereo, format=8, sample_rate=44100
[2026-03-19 12:10:48.430] [info] [thread 28368] audio frame data pointers: data[0]=0x219142881c0, data[1]=0x2191428c600
[2026-03-19 12:10:48.450] [info] [thread 31788] read_thread loop: ret=0, pkt->stream_index=1, audioq.size=22655, videoq.size=499759, eof=0
[2026-03-19 12:10:48.450] [info] [thread 31788] audio_stream: 1, video_stream: 0
[2026-03-19 12:10:48.451] [info] [thread 31788] audio packet pts: 487424, audio_pkt_size=358
[2026-03-19 12:10:48.451] [info] [thread 31788] read_thread loop: ret=0, pkt->stream_index=0, audioq.size=23133, videoq.size=499759, eof=0
[2026-03-19 12:10:48.452] [info] [thread 31788] audio_stream: 1, video_stream: 0
[2026-03-19 12:10:48.472] [info] [thread 31788] read_thread loop: ret=0, pkt->stream_index=1, audioq.size=23133, videoq.size=489012, eof=0
[2026-03-19 12:10:48.473] [info] [thread 31788] audio_stream: 1, video_stream: 0
[2026-03-19 12:10:48.473] [info] [thread 31788] audio packet pts: 488448, audio_pkt_size=342
[2026-03-19 12:10:48.473] [info] [thread 31788] read_thread loop: ret=0, pkt->stream_index=0, audioq.size=23595, videoq.size=489012, eof=0
[2026-03-19 12:10:48.474] [info] [thread 31788] audio_stream: 1, video_stream: 0
[2026-03-19 12:10:48.480] [info] [thread 28368] audio.nb_samples=1024, channels=2, channel_layout=stereo, format=8, sample_rate=44100
[2026-03-19 12:10:48.480] [info] [thread 28368] audio frame data pointers: data[0]=0x2191428a400, data[1]=0x21914290a00
[2026-03-19 12:10:48.506] [info] [thread 31788] read_thread loop: ret=0, pkt->stream_index=0, audioq.size=23122, videoq.size=494591, eof=0
[2026-03-19 12:10:48.507] [info] [thread 31788] audio_stream: 1, video_stream: 0
[2026-03-19 12:10:48.530] [info] [thread 28368] audio.nb_samples=1024, channels=2, channel_layout=stereo, format=8, sample_rate=44100
[2026-03-19 12:10:48.530] [info] [thread 28368] audio frame data pointers: data[0]=0x2191478a0c0, data[1]=0x21914788040
[2026-03-19 12:10:48.540] [info] [thread 31788] read_thread loop: ret=0, pkt->stream_index=1, audioq.size=22593, videoq.size=495058, eof=0
[2026-03-19 12:10:48.540] [info] [thread 31788] audio_stream: 1, video_stream: 0
[2026-03-19 12:10:48.541] [info] [thread 31788] audio packet pts: 489472, audio_pkt_size=377
[2026-03-19 12:10:48.541] [info] [thread 31788] read_thread loop: ret=0, pkt->stream_index=0, audioq.size=23090, videoq.size=495058, eof=0
[2026-03-19 12:10:48.542] [info] [thread 31788] audio_stream: 1, video_stream: 0
[2026-03-19 12:10:48.570] [info] [thread 28368] audio.nb_samples=1024, channels=2, channel_layout=stereo, format=8, sample_rate=44100
[2026-03-19 12:10:48.570] [info] [thread 28368] audio frame data pointers: data[0]=0x21916f92a00, data[1]=0x21916b27480
[2026-03-19 12:10:48.574] [info] [thread 31788] read_thread loop: ret=0, pkt->stream_index=1, audioq.size=22589, videoq.size=493053, eof=0
[2026-03-19 12:10:48.575] [info] [thread 31788] audio_stream: 1, video_stream: 0
[2026-03-19 12:10:48.575] [info] [thread 31788] audio packet pts: 490496, audio_pkt_size=381
[2026-03-19 12:10:48.575] [info] [thread 31788] read_thread loop: ret=0, pkt->stream_index=0, audioq.size=23090, videoq.size=493053, eof=0
[2026-03-19 12:10:48.576] [info] [thread 31788] audio_stream: 1, video_stream: 0
[2026-03-19 12:10:48.619] [info] [thread 31788] read_thread loop: ret=0, pkt->stream_index=0, audioq.size=23090, videoq.size=478356, eof=0
[2026-03-19 12:10:48.620] [info] [thread 31788] audio_stream: 1, video_stream: 0
[2026-03-19 12:10:48.620] [info] [thread 28368] audio.nb_samples=1024, channels=2, channel_layout=stereo, format=8, sample_rate=44100
[2026-03-19 12:10:48.621] [info] [thread 28368] audio frame data pointers: data[0]=0x21916f9b500, data[1]=0x21916f96e40
[2026-03-19 12:10:48.653] [info] [thread 31788] read_thread loop: ret=0, pkt->stream_index=1, audioq.size=22603, videoq.size=482872, eof=0
[2026-03-19 12:10:48.654] [info] [thread 31788] audio_stream: 1, video_stream: 0
[2026-03-19 12:10:48.654] [info] [thread 31788] audio packet pts: 491520, audio_pkt_size=385
[2026-03-19 12:10:48.655] [info] [thread 31788] read_thread loop: ret=0, pkt->stream_index=0, audioq.size=23108, videoq.size=482872, eof=0
[2026-03-19 12:10:48.655] [info] [thread 31788] audio_stream: 1, video_stream: 0
[2026-03-19 12:10:48.660] [info] [thread 28368] audio.nb_samples=1024, channels=2, channel_layout=stereo, format=8, sample_rate=44100
[2026-03-19 12:10:48.660] [info] [thread 28368] audio frame data pointers: data[0]=0x21916f98e80, data[1]=0x21916a5bb00
[2026-03-19 12:10:48.677] [info] [thread 31788] read_thread loop: ret=0, pkt->stream_index=1, audioq.size=22617, videoq.size=483862, eof=0
[2026-03-19 12:10:48.678] [info] [thread 31788] audio_stream: 1, video_stream: 0
[2026-03-19 12:10:48.678] [info] [thread 31788] audio packet pts: 492544, audio_pkt_size=401
[2026-03-19 12:10:48.679] [info] [thread 31788] read_thread loop: ret=0, pkt->stream_index=0, audioq.size=23138, videoq.size=483862, eof=0
[2026-03-19 12:10:48.680] [info] [thread 31788] audio_stream: 1, video_stream: 0
[2026-03-19 12:10:48.710] [info] [thread 28368] audio.nb_samples=1024, channels=2, channel_layout=stereo, format=8, sample_rate=44100
[2026-03-19 12:10:48.710] [info] [thread 28368] audio frame data pointers: data[0]=0x2191427f980, data[1]=0x21916a5db80
[2026-03-19 12:10:48.712] [info] [thread 31788] read_thread loop: ret=0, pkt->stream_index=1, audioq.size=22663, videoq.size=481549, eof=0
[2026-03-19 12:10:48.712] [info] [thread 31788] audio_stream: 1, video_stream: 0
[2026-03-19 12:10:48.713] [info] [thread 31788] audio packet pts: 493568, audio_pkt_size=430
[2026-03-19 12:10:48.713] [info] [thread 31788] read_thread loop: ret=0, pkt->stream_index=0, audioq.size=23213, videoq.size=481549, eof=0
[2026-03-19 12:10:48.713] [info] [thread 31788] audio_stream: 1, video_stream: 0
[2026-03-19 12:10:48.745] [info] [thread 31788] read_thread loop: ret=0, pkt->stream_index=0, audioq.size=23213, videoq.size=460884, eof=0
[2026-03-19 12:10:48.745] [info] [thread 31788] audio_stream: 1, video_stream: 0
[2026-03-19 12:10:48.760] [info] [thread 28368] audio.nb_samples=1024, channels=2, channel_layout=stereo, format=8, sample_rate=44100
[2026-03-19 12:10:48.760] [info] [thread 28368] audio frame data pointers: data[0]=0x2191427b580, data[1]=0x21914279380
[2026-03-19 12:10:48.776] [info] [thread 31788] read_thread loop: ret=0, pkt->stream_index=1, audioq.size=22747, videoq.size=463187, eof=0
[2026-03-19 12:10:48.777] [info] [thread 31788] audio_stream: 1, video_stream: 0
[2026-03-19 12:10:48.778] [info] [thread 31788] audio packet pts: 494592, audio_pkt_size=435
[2026-03-19 12:10:48.778] [info] [thread 31788] read_thread loop: ret=0, pkt->stream_index=0, audioq.size=23302, videoq.size=463187, eof=0
[2026-03-19 12:10:48.778] [info] [thread 31788] audio_stream: 1, video_stream: 0
[2026-03-19 12:10:48.800] [info] [thread 28368] audio.nb_samples=1024, channels=2, channel_layout=stereo, format=8, sample_rate=44100
[2026-03-19 12:10:48.800] [info] [thread 28368] audio frame data pointers: data[0]=0x21914283dc0, data[1]=0x21914281bc0
[2026-03-19 12:10:48.810] [info] [thread 31788] read_thread loop: ret=0, pkt->stream_index=1, audioq.size=22824, videoq.size=462239, eof=0
[2026-03-19 12:10:48.810] [info] [thread 31788] audio_stream: 1, video_stream: 0
[2026-03-19 12:10:48.810] [info] [thread 31788] audio packet pts: 495616, audio_pkt_size=414
[2026-03-19 12:10:48.811] [info] [thread 31788] read_thread loop: ret=0, pkt->stream_index=0, audioq.size=23358, videoq.size=462239, eof=0
[2026-03-19 12:10:48.811] [info] [thread 31788] audio_stream: 1, video_stream: 0
[2026-03-19 12:10:48.850] [info] [thread 28368] audio.nb_samples=1024, channels=2, channel_layout=stereo, format=8, sample_rate=44100
[2026-03-19 12:10:48.851] [info] [thread 28368] audio frame data pointers: data[0]=0x21914285fc0, data[1]=0x2191427d780
[2026-03-19 12:10:48.852] [info] [thread 31788] read_thread loop: ret=0, pkt->stream_index=0, audioq.size=22878, videoq.size=457754, eof=0
[2026-03-19 12:10:48.853] [info] [thread 31788] audio_stream: 1, video_stream: 0
[2026-03-19 12:10:48.886] [info] [thread 31788] read_thread loop: ret=0, pkt->stream_index=1, audioq.size=22878, videoq.size=442271, eof=0
[2026-03-19 12:10:48.886] [info] [thread 31788] audio_stream: 1, video_stream: 0
[2026-03-19 12:10:48.886] [info] [thread 31788] audio packet pts: 496640, audio_pkt_size=432
[2026-03-19 12:10:48.887] [info] [thread 31788] read_thread loop: ret=0, pkt->stream_index=0, audioq.size=23430, videoq.size=442271, eof=0
[2026-03-19 12:10:48.887] [info] [thread 31788] audio_stream: 1, video_stream: 0
[2026-03-19 12:10:48.900] [info] [thread 28368] audio.nb_samples=1024, channels=2, channel_layout=stereo, format=8, sample_rate=44100
[2026-03-19 12:10:48.900] [info] [thread 28368] audio frame data pointers: data[0]=0x2191428c600, data[1]=0x219142881c0
[2026-03-19 12:10:48.920] [info] [thread 31788] read_thread loop: ret=0, pkt->stream_index=1, audioq.size=22933, videoq.size=446614, eof=0
[2026-03-19 12:10:48.920] [info] [thread 31788] audio_stream: 1, video_stream: 0
[2026-03-19 12:10:48.921] [info] [thread 31788] audio packet pts: 497664, audio_pkt_size=364
[2026-03-19 12:10:48.921] [info] [thread 31788] read_thread loop: ret=0, pkt->stream_index=0, audioq.size=23417, videoq.size=446614, eof=0
[2026-03-19 12:10:48.921] [info] [thread 31788] audio_stream: 1, video_stream: 0
[2026-03-19 12:10:48.940] [info] [thread 28368] audio.nb_samples=1024, channels=2, channel_layout=stereo, format=8, sample_rate=44100
[2026-03-19 12:10:48.940] [info] [thread 28368] audio frame data pointers: data[0]=0x21914290a00, data[1]=0x2191428a400
[2026-03-19 12:10:48.943] [info] [thread 31788] read_thread loop: ret=0, pkt->stream_index=1, audioq.size=22897, videoq.size=447145, eof=0
[2026-03-19 12:10:48.944] [info] [thread 31788] audio_stream: 1, video_stream: 0
[2026-03-19 12:10:48.944] [info] [thread 31788] audio packet pts: 498688, audio_pkt_size=352
[2026-03-19 12:10:48.945] [info] [thread 31788] read_thread loop: ret=0, pkt->stream_index=0, audioq.size=23369, videoq.size=447145, eof=0
[2026-03-19 12:10:48.945] [info] [thread 31788] audio_stream: 1, video_stream: 0
[2026-03-19 12:10:48.977] [info] [thread 31788] read_thread loop: ret=0, pkt->stream_index=0, audioq.size=23369, videoq.size=446371, eof=0
[2026-03-19 12:10:48.978] [info] [thread 31788] audio_stream: 1, video_stream: 0
[2026-03-19 12:10:48.990] [info] [thread 28368] audio.nb_samples=1024, channels=2, channel_layout=stereo, format=8, sample_rate=44100
[2026-03-19 12:10:48.991] [info] [thread 28368] audio frame data pointers: data[0]=0x21914788040, data[1]=0x2191478a0c0
[2026-03-19 12:10:49.009] [info] [thread 31788] read_thread loop: ret=0, pkt->stream_index=1, audioq.size=22854, videoq.size=435337, eof=0
[2026-03-19 12:10:49.010] [info] [thread 31788] audio_stream: 1, video_stream: 0
[2026-03-19 12:10:49.010] [info] [thread 31788] audio packet pts: 499712, audio_pkt_size=315
[2026-03-19 12:10:49.011] [info] [thread 31788] read_thread loop: ret=0, pkt->stream_index=0, audioq.size=23289, videoq.size=435337, eof=0
[2026-03-19 12:10:49.011] [info] [thread 31788] audio_stream: 1, video_stream: 0
[2026-03-19 12:10:49.040] [info] [thread 28368] audio.nb_samples=1024, channels=2, channel_layout=stereo, format=8, sample_rate=44100
[2026-03-19 12:10:49.040] [info] [thread 28368] audio frame data pointers: data[0]=0x21916b27480, data[1]=0x21916f92a00
[2026-03-19 12:10:49.043] [info] [thread 31788] read_thread loop: ret=0, pkt->stream_index=1, audioq.size=22790, videoq.size=441467, eof=0
[2026-03-19 12:10:49.044] [info] [thread 31788] audio_stream: 1, video_stream: 0
[2026-03-19 12:10:49.044] [info] [thread 31788] audio packet pts: 500736, audio_pkt_size=333
[2026-03-19 12:10:49.045] [info] [thread 31788] read_thread loop: ret=0, pkt->stream_index=0, audioq.size=23243, videoq.size=441467, eof=0
[2026-03-19 12:10:49.045] [info] [thread 31788] audio_stream: 1, video_stream: 0
[2026-03-19 12:10:49.080] [info] [thread 28368] audio.nb_samples=1024, channels=2, channel_layout=stereo, format=8, sample_rate=44100
[2026-03-19 12:10:49.080] [info] [thread 28368] audio frame data pointers: data[0]=0x21916f96e40, data[1]=0x21916f9b500
[2026-03-19 12:10:49.087] [info] [thread 31788] read_thread loop: ret=0, pkt->stream_index=1, audioq.size=22763, videoq.size=443634, eof=0
[2026-03-19 12:10:49.087] [info] [thread 31788] audio_stream: 1, video_stream: 0
[2026-03-19 12:10:49.088] [info] [thread 31788] audio packet pts: 501760, audio_pkt_size=357
[2026-03-19 12:10:49.088] [info] [thread 31788] read_thread loop: ret=0, pkt->stream_index=0, audioq.size=23240, videoq.size=443634, eof=0
[2026-03-19 12:10:49.088] [info] [thread 31788] audio_stream: 1, video_stream: 0
[2026-03-19 12:10:49.121] [info] [thread 31788] read_thread loop: ret=0, pkt->stream_index=0, audioq.size=23240, videoq.size=443268, eof=0
[2026-03-19 12:10:49.121] [info] [thread 31788] audio_stream: 1, video_stream: 0
[2026-03-19 12:10:49.130] [info] [thread 28368] audio.nb_samples=1024, channels=2, channel_layout=stereo, format=8, sample_rate=44100
[2026-03-19 12:10:49.130] [info] [thread 28368] audio frame data pointers: data[0]=0x21916a5bb00, data[1]=0x21916f98e80
[2026-03-19 12:10:49.153] [info] [thread 31788] read_thread loop: ret=0, pkt->stream_index=1, audioq.size=22733, videoq.size=434300, eof=0
[2026-03-19 12:10:49.154] [info] [thread 31788] audio_stream: 1, video_stream: 0
[2026-03-19 12:10:49.155] [info] [thread 31788] audio packet pts: 502784, audio_pkt_size=349
[2026-03-19 12:10:49.155] [info] [thread 31788] read_thread loop: ret=0, pkt->stream_index=0, audioq.size=23202, videoq.size=434300, eof=0
[2026-03-19 12:10:49.155] [info] [thread 31788] audio_stream: 1, video_stream: 0
[2026-03-19 12:10:49.177] [info] [thread 31788] read_thread loop: ret=0, pkt->stream_index=1, audioq.size=23202, videoq.size=440594, eof=0
[2026-03-19 12:10:49.178] [info] [thread 31788] audio_stream: 1, video_stream: 0
[2026-03-19 12:10:49.178] [info] [thread 31788] audio packet pts: 503808, audio_pkt_size=388
[2026-03-19 12:10:49.179] [info] [thread 31788] read_thread loop: ret=0, pkt->stream_index=0, audioq.size=23710, videoq.size=440594, eof=0
[2026-03-19 12:10:49.180] [info] [thread 31788] audio_stream: 1, video_stream: 0
[2026-03-19 12:10:49.180] [info] [thread 28368] audio.nb_samples=1024, channels=2, channel_layout=stereo, format=8, sample_rate=44100
[2026-03-19 12:10:49.180] [info] [thread 28368] audio frame data pointers: data[0]=0x21916a5db80, data[1]=0x2191427f980
[2026-03-19 12:10:49.211] [info] [thread 31788] read_thread loop: ret=0, pkt->stream_index=0, audioq.size=23218, videoq.size=445859, eof=0
[2026-03-19 12:10:49.212] [info] [thread 31788] audio_stream: 1, video_stream: 0
[2026-03-19 12:10:49.220] [info] [thread 28368] audio.nb_samples=1024, channels=2, channel_layout=stereo, format=8, sample_rate=44100
[2026-03-19 12:10:49.220] [info] [thread 28368] audio frame data pointers: data[0]=0x21914279380, data[1]=0x2191427b580
[2026-03-19 12:10:49.242] [info] [thread 31788] read_thread loop: ret=0, pkt->stream_index=1, audioq.size=22693, videoq.size=446342, eof=0
[2026-03-19 12:10:49.243] [info] [thread 31788] audio_stream: 1, video_stream: 0
[2026-03-19 12:10:49.243] [info] [thread 31788] audio packet pts: 504832, audio_pkt_size=374
[2026-03-19 12:10:49.244] [info] [thread 31788] read_thread loop: ret=0, pkt->stream_index=0, audioq.size=23187, videoq.size=446342, eof=0
[2026-03-19 12:10:49.244] [info] [thread 31788] audio_stream: 1, video_stream: 0
[2026-03-19 12:10:49.270] [info] [thread 28368] audio.nb_samples=1024, channels=2, channel_layout=stereo, format=8, sample_rate=44100
[2026-03-19 12:10:49.270] [info] [thread 28368] audio frame data pointers: data[0]=0x21914281bc0, data[1]=0x21914283dc0
[2026-03-19 12:10:49.276] [info] [thread 31788] read_thread loop: ret=0, pkt->stream_index=1, audioq.size=22698, videoq.size=438787, eof=0
[2026-03-19 12:10:49.276] [info] [thread 31788] audio_stream: 1, video_stream: 0
[2026-03-19 12:10:49.277] [info] [thread 31788] audio packet pts: 505856, audio_pkt_size=378
[2026-03-19 12:10:49.277] [info] [thread 31788] read_thread loop: ret=0, pkt->stream_index=0, audioq.size=23196, videoq.size=438787, eof=0
[2026-03-19 12:10:49.278] [info] [thread 31788] audio_stream: 1, video_stream: 0
[2026-03-19 12:10:49.310] [info] [thread 28368] audio.nb_samples=1024, channels=2, channel_layout=stereo, format=8, sample_rate=44100
[2026-03-19 12:10:49.310] [info] [thread 28368] audio frame data pointers: data[0]=0x2191427d780, data[1]=0x21914285fc0
[2026-03-19 12:10:49.322] [info] [thread 31788] read_thread loop: ret=0, pkt->stream_index=1, audioq.size=22722, videoq.size=444487, eof=0
[2026-03-19 12:10:49.323] [info] [thread 31788] audio_stream: 1, video_stream: 0
[2026-03-19 12:10:49.324] [info] [thread 31788] audio packet pts: 506880, audio_pkt_size=365
[2026-03-19 12:10:49.324] [info] [thread 31788] read_thread loop: ret=0, pkt->stream_index=0, audioq.size=23207, videoq.size=444487, eof=0
[2026-03-19 12:10:49.324] [info] [thread 31788] audio_stream: 1, video_stream: 0
[2026-03-19 12:10:49.356] [info] [thread 31788] read_thread loop: ret=0, pkt->stream_index=0, audioq.size=23207, videoq.size=455439, eof=0
[2026-03-19 12:10:49.356] [info] [thread 31788] audio_stream: 1, video_stream: 0
[2026-03-19 12:10:49.360] [info] [thread 28368] audio.nb_samples=1024, channels=2, channel_layout=stereo, format=8, sample_rate=44100
[2026-03-19 12:10:49.360] [info] [thread 28368] audio frame data pointers: data[0]=0x219142881c0, data[1]=0x2191428c600
[2026-03-19 12:10:49.387] [info] [thread 31788] read_thread loop: ret=0, pkt->stream_index=1, audioq.size=22713, videoq.size=458407, eof=0
[2026-03-19 12:10:49.388] [info] [thread 31788] audio_stream: 1, video_stream: 0
[2026-03-19 12:10:49.388] [info] [thread 31788] audio packet pts: 507904, audio_pkt_size=429
[2026-03-19 12:10:49.389] [info] [thread 31788] read_thread loop: ret=0, pkt->stream_index=0, audioq.size=23262, videoq.size=458407, eof=0
[2026-03-19 12:10:49.389] [info] [thread 31788] audio_stream: 1, video_stream: 0
[2026-03-19 12:10:49.410] [info] [thread 28368] audio.nb_samples=1024, channels=2, channel_layout=stereo, format=8, sample_rate=44100
[2026-03-19 12:10:49.410] [info] [thread 28368] audio frame data pointers: data[0]=0x2191428a400, data[1]=0x21914290a00
[2026-03-19 12:10:49.410] [info] [thread 31788] read_thread loop: ret=0, pkt->stream_index=1, audioq.size=22784, videoq.size=451595, eof=0
[2026-03-19 12:10:49.411] [info] [thread 31788] audio_stream: 1, video_stream: 0
[2026-03-19 12:10:49.412] [info] [thread 31788] audio packet pts: 508928, audio_pkt_size=415
[2026-03-19 12:10:49.412] [info] [thread 31788] read_thread loop: ret=0, pkt->stream_index=0, audioq.size=23319, videoq.size=451595, eof=0
[2026-03-19 12:10:49.412] [info] [thread 31788] audio_stream: 1, video_stream: 0
[2026-03-19 12:10:49.444] [info] [thread 31788] read_thread loop: ret=0, pkt->stream_index=0, audioq.size=23319, videoq.size=457764, eof=0
[2026-03-19 12:10:49.445] [info] [thread 31788] audio_stream: 1, video_stream: 0
[2026-03-19 12:10:49.450] [info] [thread 28368] audio.nb_samples=1024, channels=2, channel_layout=stereo, format=8, sample_rate=44100
[2026-03-19 12:10:49.450] [info] [thread 28368] audio frame data pointers: data[0]=0x2191478a0c0, data[1]=0x21914788040
[2026-03-19 12:10:49.477] [info] [thread 31788] read_thread loop: ret=0, pkt->stream_index=1, audioq.size=22851, videoq.size=460145, eof=0
[2026-03-19 12:10:49.477] [info] [thread 31788] audio_stream: 1, video_stream: 0
[2026-03-19 12:10:49.478] [info] [thread 31788] audio packet pts: 509952, audio_pkt_size=407
[2026-03-19 12:10:49.478] [info] [thread 31788] read_thread loop: ret=0, pkt->stream_index=0, audioq.size=23378, videoq.size=460145, eof=0
[2026-03-19 12:10:49.478] [info] [thread 31788] audio_stream: 1, video_stream: 0
[2026-03-19 12:10:49.500] [info] [thread 28368] audio.nb_samples=1024, channels=2, channel_layout=stereo, format=8, sample_rate=44100
[2026-03-19 12:10:49.500] [info] [thread 28368] audio frame data pointers: data[0]=0x21916f92a00, data[1]=0x21916b27480
[2026-03-19 12:10:49.511] [info] [thread 31788] read_thread loop: ret=0, pkt->stream_index=1, audioq.size=22906, videoq.size=494449, eof=0
[2026-03-19 12:10:49.511] [info] [thread 31788] audio_stream: 1, video_stream: 0
[2026-03-19 12:10:49.512] [info] [thread 31788] audio packet pts: 510976, audio_pkt_size=348
[2026-03-19 12:10:49.512] [info] [thread 31788] read_thread loop: ret=0, pkt->stream_index=0, audioq.size=23374, videoq.size=494449, eof=0
[2026-03-19 12:10:49.512] [info] [thread 31788] audio_stream: 1, video_stream: 0
[2026-03-19 12:10:49.544] [info] [thread 31788] read_thread loop: ret=0, pkt->stream_index=1, audioq.size=23374, videoq.size=494202, eof=0
[2026-03-19 12:10:49.545] [info] [thread 31788] audio_stream: 1, video_stream: 0
[2026-03-19 12:10:49.545] [info] [thread 31788] audio packet pts: 512000, audio_pkt_size=357
[2026-03-19 12:10:49.545] [info] [thread 31788] read_thread loop: ret=0, pkt->stream_index=0, audioq.size=23851, videoq.size=494202, eof=0
[2026-03-19 12:10:49.546] [info] [thread 31788] audio_stream: 1, video_stream: 0
[2026-03-19 12:10:49.550] [info] [thread 28368] audio.nb_samples=1024, channels=2, channel_layout=stereo, format=8, sample_rate=44100
[2026-03-19 12:10:49.550] [info] [thread 28368] audio frame data pointers: data[0]=0x21916f9b500, data[1]=0x21916f96e40
[2026-03-19 12:10:49.589] [info] [thread 31788] read_thread loop: ret=0, pkt->stream_index=0, audioq.size=23361, videoq.size=492763, eof=0
[2026-03-19 12:10:49.590] [info] [thread 31788] audio_stream: 1, video_stream: 0
[2026-03-19 12:10:49.590] [info] [thread 28368] audio.nb_samples=1024, channels=2, channel_layout=stereo, format=8, sample_rate=44100
[2026-03-19 12:10:49.590] [info] [thread 28368] audio frame data pointers: data[0]=0x21916f98e80, data[1]=0x21916a5bb00
[2026-03-19 12:10:49.621] [info] [thread 31788] read_thread loop: ret=0, pkt->stream_index=1, audioq.size=22874, videoq.size=504066, eof=0
[2026-03-19 12:10:49.622] [info] [thread 31788] audio_stream: 1, video_stream: 0
[2026-03-19 12:10:49.622] [info] [thread 31788] audio packet pts: 513024, audio_pkt_size=351
[2026-03-19 12:10:49.623] [info] [thread 31788] read_thread loop: ret=0, pkt->stream_index=0, audioq.size=23345, videoq.size=504066, eof=0
[2026-03-19 12:10:49.623] [info] [thread 31788] audio_stream: 1, video_stream: 0
[2026-03-19 12:10:49.640] [info] [thread 28368] audio.nb_samples=1024, channels=2, channel_layout=stereo, format=8, sample_rate=44100
[2026-03-19 12:10:49.640] [info] [thread 28368] audio frame data pointers: data[0]=0x2191427f980, data[1]=0x21916a5db80
[2026-03-19 12:10:49.644] [info] [thread 31788] read_thread loop: ret=0, pkt->stream_index=1, audioq.size=22860, videoq.size=509235, eof=0
[2026-03-19 12:10:49.645] [info] [thread 31788] audio_stream: 1, video_stream: 0
[2026-03-19 12:10:49.645] [info] [thread 31788] audio packet pts: 514048, audio_pkt_size=332
[2026-03-19 12:10:49.645] [info] [thread 31788] read_thread loop: ret=0, pkt->stream_index=0, audioq.size=23312, videoq.size=509235, eof=0
[2026-03-19 12:10:49.646] [info] [thread 31788] audio_stream: 1, video_stream: 0
[2026-03-19 12:10:49.677] [info] [thread 31788] read_thread loop: ret=0, pkt->stream_index=0, audioq.size=23312, videoq.size=502225, eof=0
[2026-03-19 12:10:49.678] [info] [thread 31788] audio_stream: 1, video_stream: 0
[2026-03-19 12:10:49.690] [info] [thread 28368] audio.nb_samples=1024, channels=2, channel_layout=stereo, format=8, sample_rate=44100
[2026-03-19 12:10:49.690] [info] [thread 28368] audio frame data pointers: data[0]=0x2191427b580, data[1]=0x21914279380
[2026-03-19 12:10:49.709] [info] [thread 31788] read_thread loop: ret=0, pkt->stream_index=1, audioq.size=22821, videoq.size=502166, eof=0
[2026-03-19 12:10:49.710] [info] [thread 31788] audio_stream: 1, video_stream: 0
[2026-03-19 12:10:49.711] [info] [thread 31788] audio packet pts: 515072, audio_pkt_size=337
[2026-03-19 12:10:49.711] [info] [thread 31788] read_thread loop: ret=0, pkt->stream_index=0, audioq.size=23278, videoq.size=502166, eof=0
[2026-03-19 12:10:49.711] [info] [thread 31788] audio_stream: 1, video_stream: 0
[2026-03-19 12:10:49.730] [info] [thread 28368] audio.nb_samples=1024, channels=2, channel_layout=stereo, format=8, sample_rate=44100
[2026-03-19 12:10:49.730] [info] [thread 28368] audio frame data pointers: data[0]=0x21914283dc0, data[1]=0x21914281bc0
[2026-03-19 12:10:49.743] [info] [thread 31788] read_thread loop: ret=0, pkt->stream_index=1, audioq.size=22798, videoq.size=512017, eof=0
[2026-03-19 12:10:49.744] [info] [thread 31788] audio_stream: 1, video_stream: 0
[2026-03-19 12:10:49.744] [info] [thread 31788] audio packet pts: 516096, audio_pkt_size=334
[2026-03-19 12:10:49.745] [info] [thread 31788] read_thread loop: ret=0, pkt->stream_index=0, audioq.size=23252, videoq.size=512017, eof=0
[2026-03-19 12:10:49.745] [info] [thread 31788] audio_stream: 1, video_stream: 0
[2026-03-19 12:10:49.777] [info] [thread 31788] read_thread loop: ret=0, pkt->stream_index=1, audioq.size=23252, videoq.size=515160, eof=0
[2026-03-19 12:10:49.778] [info] [thread 31788] audio_stream: 1, video_stream: 0
[2026-03-19 12:10:49.778] [info] [thread 31788] audio packet pts: 517120, audio_pkt_size=341
[2026-03-19 12:10:49.779] [info] [thread 31788] read_thread loop: ret=0, pkt->stream_index=0, audioq.size=23713, videoq.size=515160, eof=0
[2026-03-19 12:10:49.779] [info] [thread 31788] audio_stream: 1, video_stream: 0
[2026-03-19 12:10:49.780] [info] [thread 28368] audio.nb_samples=1024, channels=2, channel_layout=stereo, format=8, sample_rate=44100
[2026-03-19 12:10:49.780] [info] [thread 28368] audio frame data pointers: data[0]=0x21914285fc0, data[1]=0x2191427d780
[2026-03-19 12:10:49.811] [info] [thread 31788] read_thread loop: ret=0, pkt->stream_index=0, audioq.size=23232, videoq.size=514768, eof=0
[2026-03-19 12:10:49.811] [info] [thread 31788] audio_stream: 1, video_stream: 0
[2026-03-19 12:10:49.830] [info] [thread 28368] audio.nb_samples=1024, channels=2, channel_layout=stereo, format=8, sample_rate=44100
[2026-03-19 12:10:49.830] [info] [thread 28368] audio frame data pointers: data[0]=0x2191428c600, data[1]=0x219142881c0
[2026-03-19 12:10:49.854] [info] [thread 31788] read_thread loop: ret=0, pkt->stream_index=1, audioq.size=22746, videoq.size=516677, eof=0
[2026-03-19 12:10:49.855] [info] [thread 31788] audio_stream: 1, video_stream: 0
[2026-03-19 12:10:49.855] [info] [thread 31788] audio packet pts: 518144, audio_pkt_size=378
[2026-03-19 12:10:49.856] [info] [thread 31788] read_thread loop: ret=0, pkt->stream_index=0, audioq.size=23244, videoq.size=516677, eof=0
[2026-03-19 12:10:49.856] [info] [thread 31788] audio_stream: 1, video_stream: 0
[2026-03-19 12:10:49.870] [info] [thread 28368] audio.nb_samples=1024, channels=2, channel_layout=stereo, format=8, sample_rate=44100
[2026-03-19 12:10:49.870] [info] [thread 28368] audio frame data pointers: data[0]=0x21914290a00, data[1]=0x2191428a400
[2026-03-19 12:10:49.886] [info] [thread 31788] read_thread loop: ret=0, pkt->stream_index=1, audioq.size=22762, videoq.size=518812, eof=0
[2026-03-19 12:10:49.887] [info] [thread 31788] audio_stream: 1, video_stream: 0
[2026-03-19 12:10:49.888] [info] [thread 31788] audio packet pts: 519168, audio_pkt_size=335
[2026-03-19 12:10:49.888] [info] [thread 31788] read_thread loop: ret=0, pkt->stream_index=0, audioq.size=23217, videoq.size=518812, eof=0
[2026-03-19 12:10:49.888] [info] [thread 31788] audio_stream: 1, video_stream: 0
[2026-03-19 12:10:49.910] [info] [thread 31788] read_thread loop: ret=0, pkt->stream_index=0, audioq.size=23217, videoq.size=520042, eof=0
[2026-03-19 12:10:49.911] [info] [thread 31788] audio_stream: 1, video_stream: 0
[2026-03-19 12:10:49.920] [info] [thread 28368] audio.nb_samples=1024, channels=2, channel_layout=stereo, format=8, sample_rate=44100
[2026-03-19 12:10:49.920] [info] [thread 28368] audio frame data pointers: data[0]=0x21914788040, data[1]=0x2191478a0c0
[2026-03-19 12:10:49.943] [info] [thread 31788] read_thread loop: ret=0, pkt->stream_index=1, audioq.size=22731, videoq.size=521021, eof=0
[2026-03-19 12:10:49.944] [info] [thread 31788] audio_stream: 1, video_stream: 0
[2026-03-19 12:10:49.945] [info] [thread 31788] audio packet pts: 520192, audio_pkt_size=353
[2026-03-19 12:10:49.945] [info] [thread 31788] read_thread loop: ret=0, pkt->stream_index=0, audioq.size=23204, videoq.size=521021, eof=0
[2026-03-19 12:10:49.946] [info] [thread 31788] audio_stream: 1, video_stream: 0
[2026-03-19 12:10:49.970] [info] [thread 28368] audio.nb_samples=1024, channels=2, channel_layout=stereo, format=8, sample_rate=44100
[2026-03-19 12:10:49.970] [info] [thread 28368] audio frame data pointers: data[0]=0x21916b27480, data[1]=0x21916f92a00
[2026-03-19 12:10:49.977] [info] [thread 31788] read_thread loop: ret=0, pkt->stream_index=1, audioq.size=22639, videoq.size=521961, eof=0
[2026-03-19 12:10:49.978] [info] [thread 31788] audio_stream: 1, video_stream: 0
[2026-03-19 12:10:49.978] [info] [thread 31788] audio packet pts: 521216, audio_pkt_size=350
[2026-03-19 12:10:49.979] [info] [thread 31788] read_thread loop: ret=0, pkt->stream_index=0, audioq.size=23109, videoq.size=521961, eof=0
[2026-03-19 12:10:49.979] [info] [thread 31788] audio_stream: 1, video_stream: 0
[2026-03-19 12:10:50.010] [info] [thread 28368] audio.nb_samples=1024, channels=2, channel_layout=stereo, format=8, sample_rate=44100
[2026-03-19 12:10:50.011] [info] [thread 28368] audio frame data pointers: data[0]=0x21916f96e40, data[1]=0x21916f9b500
[2026-03-19 12:10:50.011] [info] [thread 31788] read_thread loop: ret=0, pkt->stream_index=1, audioq.size=22555, videoq.size=523200, eof=0
[2026-03-19 12:10:50.012] [info] [thread 31788] audio_stream: 1, video_stream: 0
[2026-03-19 12:10:50.012] [info] [thread 31788] audio packet pts: 522240, audio_pkt_size=360
[2026-03-19 12:10:50.013] [info] [thread 31788] read_thread loop: ret=0, pkt->stream_index=0, audioq.size=23035, videoq.size=523200, eof=0
[2026-03-19 12:10:50.013] [info] [thread 31788] audio_stream: 1, video_stream: 0
[2026-03-19 12:10:50.045] [info] [thread 31788] read_thread loop: ret=0, pkt->stream_index=0, audioq.size=23035, videoq.size=524158, eof=0
[2026-03-19 12:10:50.046] [info] [thread 31788] audio_stream: 1, video_stream: 0
[2026-03-19 12:10:50.060] [info] [thread 28368] audio.nb_samples=1024, channels=2, channel_layout=stereo, format=8, sample_rate=44100
[2026-03-19 12:10:50.060] [info] [thread 28368] audio frame data pointers: data[0]=0x21916a5bb00, data[1]=0x21916f98e80
[2026-03-19 12:10:50.088] [info] [thread 31788] read_thread loop: ret=0, pkt->stream_index=1, audioq.size=22504, videoq.size=524546, eof=0
[2026-03-19 12:10:50.088] [info] [thread 31788] audio_stream: 1, video_stream: 0
[2026-03-19 12:10:50.089] [info] [thread 31788] audio packet pts: 523264, audio_pkt_size=355
[2026-03-19 12:10:50.089] [info] [thread 31788] read_thread loop: ret=0, pkt->stream_index=0, audioq.size=22979, videoq.size=524546, eof=0
[2026-03-19 12:10:50.090] [info] [thread 31788] audio_stream: 1, video_stream: 0
[2026-03-19 12:10:50.100] [info] [thread 28368] audio.nb_samples=1024, channels=2, channel_layout=stereo, format=8, sample_rate=44100
[2026-03-19 12:10:50.101] [info] [thread 28368] audio frame data pointers: data[0]=0x21916a5db80, data[1]=0x2191427f980
[2026-03-19 12:10:50.122] [info] [thread 31788] read_thread loop: ret=0, pkt->stream_index=1, audioq.size=22488, videoq.size=522334, eof=0
[2026-03-19 12:10:50.123] [info] [thread 31788] audio_stream: 1, video_stream: 0
[2026-03-19 12:10:50.123] [info] [thread 31788] audio packet pts: 524288, audio_pkt_size=388
[2026-03-19 12:10:50.123] [info] [thread 31788] read_thread loop: ret=0, pkt->stream_index=0, audioq.size=22996, videoq.size=522334, eof=0
[2026-03-19 12:10:50.124] [info] [thread 31788] audio_stream: 1, video_stream: 0
[2026-03-19 12:10:50.144] [info] [thread 31788] read_thread loop: ret=0, pkt->stream_index=1, audioq.size=22996, videoq.size=532616, eof=0
[2026-03-19 12:10:50.145] [info] [thread 31788] audio_stream: 1, video_stream: 0
[2026-03-19 12:10:50.145] [info] [thread 31788] audio packet pts: 525312, audio_pkt_size=357
[2026-03-19 12:10:50.145] [info] [thread 31788] read_thread loop: ret=0, pkt->stream_index=0, audioq.size=23473, videoq.size=532616, eof=0
[2026-03-19 12:10:50.145] [info] [thread 31788] audio_stream: 1, video_stream: 0
[2026-03-19 12:10:50.150] [info] [thread 28368] audio.nb_samples=1024, channels=2, channel_layout=stereo, format=8, sample_rate=44100
[2026-03-19 12:10:50.151] [info] [thread 28368] audio frame data pointers: data[0]=0x21914279380, data[1]=0x2191427b580
[2026-03-19 12:10:50.176] [info] [thread 31788] read_thread loop: ret=0, pkt->stream_index=0, audioq.size=22985, videoq.size=532893, eof=0
[2026-03-19 12:10:50.177] [info] [thread 31788] audio_stream: 1, video_stream: 0
[2026-03-19 12:10:50.200] [info] [thread 28368] audio.nb_samples=1024, channels=2, channel_layout=stereo, format=8, sample_rate=44100
[2026-03-19 12:10:50.200] [info] [thread 28368] audio frame data pointers: data[0]=0x21914281bc0, data[1]=0x21914283dc0
[2026-03-19 12:10:50.208] [info] [thread 31788] read_thread loop: ret=0, pkt->stream_index=1, audioq.size=22517, videoq.size=523851, eof=0
[2026-03-19 12:10:50.208] [info] [thread 31788] audio_stream: 1, video_stream: 0
[2026-03-19 12:10:50.209] [info] [thread 31788] audio packet pts: 526336, audio_pkt_size=359
[2026-03-19 12:10:50.209] [info] [thread 31788] read_thread loop: ret=0, pkt->stream_index=0, audioq.size=22996, videoq.size=523851, eof=0
[2026-03-19 12:10:50.210] [info] [thread 31788] audio_stream: 1, video_stream: 0
[2026-03-19 12:10:50.240] [info] [thread 28368] audio.nb_samples=1024, channels=2, channel_layout=stereo, format=8, sample_rate=44100
[2026-03-19 12:10:50.240] [info] [thread 28368] audio frame data pointers: data[0]=0x2191427d780, data[1]=0x21914285fc0
[2026-03-19 12:10:50.242] [info] [thread 31788] read_thread loop: ret=0, pkt->stream_index=1, audioq.size=22526, videoq.size=520187, eof=0
[2026-03-19 12:10:50.242] [info] [thread 31788] audio_stream: 1, video_stream: 0
[2026-03-19 12:10:50.243] [info] [thread 31788] audio packet pts: 527360, audio_pkt_size=345
[2026-03-19 12:10:50.244] [info] [thread 31788] read_thread loop: ret=0, pkt->stream_index=0, audioq.size=22991, videoq.size=520187, eof=0
[2026-03-19 12:10:50.245] [info] [thread 31788] audio_stream: 1, video_stream: 0
[2026-03-19 12:10:50.277] [info] [thread 31788] read_thread loop: ret=0, pkt->stream_index=0, audioq.size=22991, videoq.size=527804, eof=0
[2026-03-19 12:10:50.278] [info] [thread 31788] audio_stream: 1, video_stream: 0
[2026-03-19 12:10:50.290] [info] [thread 28368] audio.nb_samples=1024, channels=2, channel_layout=stereo, format=8, sample_rate=44100
[2026-03-19 12:10:50.290] [info] [thread 28368] audio frame data pointers: data[0]=0x219142881c0, data[1]=0x2191428c600
[2026-03-19 12:10:50.308] [info] [thread 31788] read_thread loop: ret=0, pkt->stream_index=1, audioq.size=22518, videoq.size=528580, eof=0
[2026-03-19 12:10:50.308] [info] [thread 31788] audio_stream: 1, video_stream: 0
[2026-03-19 12:10:50.309] [info] [thread 31788] audio packet pts: 528384, audio_pkt_size=394
[2026-03-19 12:10:50.309] [info] [thread 31788] read_thread loop: ret=0, pkt->stream_index=0, audioq.size=23032, videoq.size=528580, eof=0
[2026-03-19 12:10:50.310] [info] [thread 31788] audio_stream: 1, video_stream: 0
[2026-03-19 12:10:50.340] [info] [thread 28368] audio.nb_samples=1024, channels=2, channel_layout=stereo, format=8, sample_rate=44100
[2026-03-19 12:10:50.340] [info] [thread 28368] audio frame data pointers: data[0]=0x2191428a400, data[1]=0x21914290a00
[2026-03-19 12:10:50.341] [info] [thread 31788] read_thread loop: ret=0, pkt->stream_index=1, audioq.size=22514, videoq.size=518341, eof=0
[2026-03-19 12:10:50.342] [info] [thread 31788] audio_stream: 1, video_stream: 0
[2026-03-19 12:10:50.342] [info] [thread 31788] audio packet pts: 529408, audio_pkt_size=345
[2026-03-19 12:10:50.343] [info] [thread 31788] read_thread loop: ret=0, pkt->stream_index=0, audioq.size=22979, videoq.size=518341, eof=0
[2026-03-19 12:10:50.343] [info] [thread 31788] audio_stream: 1, video_stream: 0
[2026-03-19 12:10:50.380] [info] [thread 28368] audio.nb_samples=1024, channels=2, channel_layout=stereo, format=8, sample_rate=44100
[2026-03-19 12:10:50.380] [info] [thread 28368] audio frame data pointers: data[0]=0x2191478a0c0, data[1]=0x21914788040
[2026-03-19 12:10:50.386] [info] [thread 31788] read_thread loop: ret=0, pkt->stream_index=1, audioq.size=22429, videoq.size=514379, eof=0
[2026-03-19 12:10:50.386] [info] [thread 31788] audio_stream: 1, video_stream: 0
[2026-03-19 12:10:50.387] [info] [thread 31788] audio packet pts: 530432, audio_pkt_size=357
[2026-03-19 12:10:50.387] [info] [thread 31788] read_thread loop: ret=0, pkt->stream_index=0, audioq.size=22906, videoq.size=514379, eof=0
[2026-03-19 12:10:50.388] [info] [thread 31788] audio_stream: 1, video_stream: 0
[2026-03-19 12:10:50.410] [info] [thread 31788] read_thread loop: ret=0, pkt->stream_index=0, audioq.size=22906, videoq.size=522004, eof=0
[2026-03-19 12:10:50.411] [info] [thread 31788] audio_stream: 1, video_stream: 0
[2026-03-19 12:10:50.430] [info] [thread 28368] audio.nb_samples=1024, channels=2, channel_layout=stereo, format=8, sample_rate=44100
[2026-03-19 12:10:50.430] [info] [thread 28368] audio frame data pointers: data[0]=0x21916f92a00, data[1]=0x21916b27480
[2026-03-19 12:10:50.443] [info] [thread 31788] read_thread loop: ret=0, pkt->stream_index=1, audioq.size=22455, videoq.size=523010, eof=0
[2026-03-19 12:10:50.444] [info] [thread 31788] audio_stream: 1, video_stream: 0
[2026-03-19 12:10:50.444] [info] [thread 31788] audio packet pts: 531456, audio_pkt_size=352
[2026-03-19 12:10:50.445] [info] [thread 31788] read_thread loop: ret=0, pkt->stream_index=0, audioq.size=22927, videoq.size=523010, eof=0
[2026-03-19 12:10:50.445] [info] [thread 31788] audio_stream: 1, video_stream: 0
[2026-03-19 12:10:50.476] [info] [thread 31788] read_thread loop: ret=0, pkt->stream_index=1, audioq.size=22927, videoq.size=511872, eof=0
[2026-03-19 12:10:50.477] [info] [thread 31788] audio_stream: 1, video_stream: 0
[2026-03-19 12:10:50.477] [info] [thread 31788] audio packet pts: 532480, audio_pkt_size=360
[2026-03-19 12:10:50.478] [info] [thread 31788] read_thread loop: ret=0, pkt->stream_index=0, audioq.size=23407, videoq.size=511872, eof=0
[2026-03-19 12:10:50.479] [info] [thread 31788] audio_stream: 1, video_stream: 0
[2026-03-19 12:10:50.480] [info] [thread 28368] audio.nb_samples=1024, channels=2, channel_layout=stereo, format=8, sample_rate=44100
[2026-03-19 12:10:50.480] [info] [thread 28368] audio frame data pointers: data[0]=0x21916f9b500, data[1]=0x21916f96e40
[2026-03-19 12:10:50.511] [info] [thread 31788] read_thread loop: ret=0, pkt->stream_index=0, audioq.size=22943, videoq.size=509122, eof=0
[2026-03-19 12:10:50.512] [info] [thread 31788] audio_stream: 1, video_stream: 0
[2026-03-19 12:10:50.520] [info] [thread 28368] audio.nb_samples=1024, channels=2, channel_layout=stereo, format=8, sample_rate=44100
[2026-03-19 12:10:50.520] [info] [thread 28368] audio frame data pointers: data[0]=0x21916f98e80, data[1]=0x21916a5bb00
[2026-03-19 12:10:50.544] [info] [thread 31788] read_thread loop: ret=0, pkt->stream_index=1, audioq.size=22460, videoq.size=518851, eof=0
[2026-03-19 12:10:50.544] [info] [thread 31788] audio_stream: 1, video_stream: 0
[2026-03-19 12:10:50.545] [info] [thread 31788] audio packet pts: 533504, audio_pkt_size=392
[2026-03-19 12:10:50.545] [info] [thread 31788] read_thread loop: ret=0, pkt->stream_index=0, audioq.size=22972, videoq.size=518851, eof=0
[2026-03-19 12:10:50.546] [info] [thread 31788] audio_stream: 1, video_stream: 0
[2026-03-19 12:10:50.570] [info] [thread 28368] audio.nb_samples=1024, channels=2, channel_layout=stereo, format=8, sample_rate=44100
[2026-03-19 12:10:50.570] [info] [thread 28368] audio frame data pointers: data[0]=0x2191427f980, data[1]=0x21916a5db80
[2026-03-19 12:10:50.589] [info] [thread 31788] read_thread loop: ret=0, pkt->stream_index=1, audioq.size=22481, videoq.size=520668, eof=0
[2026-03-19 12:10:50.589] [info] [thread 31788] audio_stream: 1, video_stream: 0
[2026-03-19 12:10:50.590] [info] [thread 31788] audio packet pts: 534528, audio_pkt_size=401
[2026-03-19 12:10:50.590] [info] [thread 31788] read_thread loop: ret=0, pkt->stream_index=0, audioq.size=23002, videoq.size=520668, eof=0
[2026-03-19 12:10:50.590] [info] [thread 31788] audio_stream: 1, video_stream: 0
[2026-03-19 12:10:50.620] [info] [thread 28368] audio.nb_samples=1024, channels=2, channel_layout=stereo, format=8, sample_rate=44100
[2026-03-19 12:10:50.620] [info] [thread 28368] audio frame data pointers: data[0]=0x2191427b580, data[1]=0x21914279380
[2026-03-19 12:10:50.621] [info] [thread 31788] read_thread loop: ret=0, pkt->stream_index=1, audioq.size=22524, videoq.size=510337, eof=0
[2026-03-19 12:10:50.622] [info] [thread 31788] audio_stream: 1, video_stream: 0
[2026-03-19 12:10:50.622] [info] [thread 31788] audio packet pts: 535552, audio_pkt_size=403
[2026-03-19 12:10:50.622] [info] [thread 31788] read_thread loop: ret=0, pkt->stream_index=0, audioq.size=23047, videoq.size=510337, eof=0
[2026-03-19 12:10:50.623] [info] [thread 31788] audio_stream: 1, video_stream: 0
[2026-03-19 12:10:50.645] [info] [thread 31788] read_thread loop: ret=0, pkt->stream_index=0, audioq.size=23047, videoq.size=508932, eof=0
[2026-03-19 12:10:50.645] [info] [thread 31788] audio_stream: 1, video_stream: 0
[2026-03-19 12:10:50.660] [info] [thread 28368] audio.nb_samples=1024, channels=2, channel_layout=stereo, format=8, sample_rate=44100
[2026-03-19 12:10:50.660] [info] [thread 28368] audio frame data pointers: data[0]=0x21914283dc0, data[1]=0x21914281bc0
[2026-03-19 12:10:50.676] [info] [thread 31788] read_thread loop: ret=0, pkt->stream_index=1, audioq.size=22585, videoq.size=521092, eof=0
[2026-03-19 12:10:50.677] [info] [thread 31788] audio_stream: 1, video_stream: 0
[2026-03-19 12:10:50.677] [info] [thread 31788] audio packet pts: 536576, audio_pkt_size=451
[2026-03-19 12:10:50.678] [info] [thread 31788] read_thread loop: ret=0, pkt->stream_index=0, audioq.size=23156, videoq.size=521092, eof=0
[2026-03-19 12:10:50.678] [info] [thread 31788] audio_stream: 1, video_stream: 0
[2026-03-19 12:10:50.710] [info] [thread 28368] audio.nb_samples=1024, channels=2, channel_layout=stereo, format=8, sample_rate=44100
[2026-03-19 12:10:50.711] [info] [thread 28368] audio frame data pointers: data[0]=0x21914285fc0, data[1]=0x2191427d780
[2026-03-19 12:10:50.711] [info] [thread 31788] read_thread loop: ret=0, pkt->stream_index=1, audioq.size=22659, videoq.size=525285, eof=0
[2026-03-19 12:10:50.712] [info] [thread 31788] audio_stream: 1, video_stream: 0
[2026-03-19 12:10:50.712] [info] [thread 31788] audio packet pts: 537600, audio_pkt_size=342
[2026-03-19 12:10:50.713] [info] [thread 31788] read_thread loop: ret=0, pkt->stream_index=0, audioq.size=23121, videoq.size=525285, eof=0
[2026-03-19 12:10:50.713] [info] [thread 31788] audio_stream: 1, video_stream: 0
[2026-03-19 12:10:50.744] [info] [thread 31788] read_thread loop: ret=0, pkt->stream_index=0, audioq.size=23121, videoq.size=516531, eof=0
[2026-03-19 12:10:50.744] [info] [thread 31788] audio_stream: 1, video_stream: 0
[2026-03-19 12:10:50.750] [info] [thread 28368] audio.nb_samples=1024, channels=2, channel_layout=stereo, format=8, sample_rate=44100
[2026-03-19 12:10:50.750] [info] [thread 28368] audio frame data pointers: data[0]=0x2191428c600, data[1]=0x219142881c0
[2026-03-19 12:10:50.775] [info] [thread 31788] read_thread loop: ret=0, pkt->stream_index=1, audioq.size=22620, videoq.size=516106, eof=0
[2026-03-19 12:10:50.776] [info] [thread 31788] audio_stream: 1, video_stream: 0
[2026-03-19 12:10:50.777] [info] [thread 31788] audio packet pts: 538624, audio_pkt_size=368
[2026-03-19 12:10:50.777] [info] [thread 31788] read_thread loop: ret=0, pkt->stream_index=0, audioq.size=23108, videoq.size=516106, eof=0
[2026-03-19 12:10:50.778] [info] [thread 31788] audio_stream: 1, video_stream: 0
[2026-03-19 12:10:50.800] [info] [thread 28368] audio.nb_samples=1024, channels=2, channel_layout=stereo, format=8, sample_rate=44100
[2026-03-19 12:10:50.800] [info] [thread 28368] audio frame data pointers: data[0]=0x21914290a00, data[1]=0x2191428a400
[2026-03-19 12:10:50.810] [info] [thread 31788] read_thread loop: ret=0, pkt->stream_index=1, audioq.size=22603, videoq.size=528162, eof=0
[2026-03-19 12:10:50.811] [info] [thread 31788] audio_stream: 1, video_stream: 0
[2026-03-19 12:10:50.811] [info] [thread 31788] audio packet pts: 539648, audio_pkt_size=367
[2026-03-19 12:10:50.812] [info] [thread 31788] read_thread loop: ret=0, pkt->stream_index=0, audioq.size=23090, videoq.size=528162, eof=0
[2026-03-19 12:10:50.812] [info] [thread 31788] audio_stream: 1, video_stream: 0
[2026-03-19 12:10:50.850] [info] [thread 28368] audio.nb_samples=1024, channels=2, channel_layout=stereo, format=8, sample_rate=44100
[2026-03-19 12:10:50.850] [info] [thread 28368] audio frame data pointers: data[0]=0x21914788040, data[1]=0x2191478a0c0
[2026-03-19 12:10:50.855] [info] [thread 31788] read_thread loop: ret=0, pkt->stream_index=1, audioq.size=22569, videoq.size=534522, eof=0
[2026-03-19 12:10:50.856] [info] [thread 31788] audio_stream: 1, video_stream: 0
[2026-03-19 12:10:50.856] [info] [thread 31788] audio packet pts: 540672, audio_pkt_size=408
[2026-03-19 12:10:50.857] [info] [thread 31788] read_thread loop: ret=0, pkt->stream_index=0, audioq.size=23097, videoq.size=534522, eof=0
[2026-03-19 12:10:50.857] [info] [thread 31788] audio_stream: 1, video_stream: 0
[2026-03-19 12:10:50.889] [info] [thread 31788] read_thread loop: ret=0, pkt->stream_index=0, audioq.size=23097, videoq.size=527680, eof=0
[2026-03-19 12:10:50.890] [info] [thread 28368] audio.nb_samples=1024, channels=2, channel_layout=stereo, format=8, sample_rate=44100
[2026-03-19 12:10:50.890] [info] [thread 28368] audio frame data pointers: data[0]=0x21916b27480, data[1]=0x21916f92a00
[2026-03-19 12:10:50.890] [info] [thread 31788] audio_stream: 1, video_stream: 0
[2026-03-19 12:10:50.912] [info] [thread 31788] read_thread loop: ret=0, pkt->stream_index=1, audioq.size=22547, videoq.size=525649, eof=0
[2026-03-19 12:10:50.913] [info] [thread 31788] audio_stream: 1, video_stream: 0
[2026-03-19 12:10:50.913] [info] [thread 31788] audio packet pts: 541696, audio_pkt_size=383
[2026-03-19 12:10:50.913] [info] [thread 31788] read_thread loop: ret=0, pkt->stream_index=0, audioq.size=23050, videoq.size=525649, eof=0
[2026-03-19 12:10:50.914] [info] [thread 31788] audio_stream: 1, video_stream: 0
[2026-03-19 12:10:50.940] [info] [thread 28368] audio.nb_samples=1024, channels=2, channel_layout=stereo, format=8, sample_rate=44100
[2026-03-19 12:10:50.940] [info] [thread 28368] audio frame data pointers: data[0]=0x21916f96e40, data[1]=0x21916f9b500
[2026-03-19 12:10:50.946] [info] [thread 31788] read_thread loop: ret=0, pkt->stream_index=1, audioq.size=22495, videoq.size=534649, eof=0
[2026-03-19 12:10:50.947] [info] [thread 31788] audio_stream: 1, video_stream: 0
[2026-03-19 12:10:50.948] [info] [thread 31788] audio packet pts: 542720, audio_pkt_size=353
[2026-03-19 12:10:50.948] [info] [thread 31788] read_thread loop: ret=0, pkt->stream_index=0, audioq.size=22968, videoq.size=534649, eof=0
[2026-03-19 12:10:50.949] [info] [thread 31788] audio_stream: 1, video_stream: 0
[2026-03-19 12:10:50.980] [info] [thread 31788] read_thread loop: ret=0, pkt->stream_index=0, audioq.size=22968, videoq.size=537090, eof=0
[2026-03-19 12:10:50.981] [info] [thread 31788] audio_stream: 1, video_stream: 0
[2026-03-19 12:10:50.990] [info] [thread 28368] audio.nb_samples=1024, channels=2, channel_layout=stereo, format=8, sample_rate=44100
[2026-03-19 12:10:50.990] [info] [thread 28368] audio frame data pointers: data[0]=0x21916a5bb00, data[1]=0x21916f98e80
[2026-03-19 12:10:51.013] [info] [thread 31788] read_thread loop: ret=0, pkt->stream_index=1, audioq.size=22434, videoq.size=526986, eof=0
[2026-03-19 12:10:51.013] [info] [thread 31788] audio_stream: 1, video_stream: 0
[2026-03-19 12:10:51.014] [info] [thread 31788] audio packet pts: 543744, audio_pkt_size=413
[2026-03-19 12:10:51.014] [info] [thread 31788] read_thread loop: ret=0, pkt->stream_index=0, audioq.size=22967, videoq.size=526986, eof=0
[2026-03-19 12:10:51.015] [info] [thread 31788] audio_stream: 1, video_stream: 0
[2026-03-19 12:10:51.030] [info] [thread 28368] audio.nb_samples=1024, channels=2, channel_layout=stereo, format=8, sample_rate=44100
[2026-03-19 12:10:51.031] [info] [thread 28368] audio frame data pointers: data[0]=0x21916a5db80, data[1]=0x2191427f980
[2026-03-19 12:10:51.057] [info] [thread 31788] read_thread loop: ret=0, pkt->stream_index=1, audioq.size=22415, videoq.size=524313, eof=0
[2026-03-19 12:10:51.057] [info] [thread 31788] audio_stream: 1, video_stream: 0
[2026-03-19 12:10:51.058] [info] [thread 31788] audio packet pts: 544768, audio_pkt_size=342
[2026-03-19 12:10:51.058] [info] [thread 31788] read_thread loop: ret=0, pkt->stream_index=0, audioq.size=22877, videoq.size=524313, eof=0
[2026-03-19 12:10:51.058] [info] [thread 31788] audio_stream: 1, video_stream: 0
[2026-03-19 12:10:51.080] [info] [thread 28368] audio.nb_samples=1024, channels=2, channel_layout=stereo, format=8, sample_rate=44100
[2026-03-19 12:10:51.080] [info] [thread 28368] audio frame data pointers: data[0]=0x21914279380, data[1]=0x2191427b580
[2026-03-19 12:10:51.090] [info] [thread 31788] read_thread loop: ret=0, pkt->stream_index=1, audioq.size=22393, videoq.size=532979, eof=0
[2026-03-19 12:10:51.091] [info] [thread 31788] audio_stream: 1, video_stream: 0
[2026-03-19 12:10:51.091] [info] [thread 31788] audio packet pts: 545792, audio_pkt_size=395
[2026-03-19 12:10:51.092] [info] [thread 31788] read_thread loop: ret=0, pkt->stream_index=0, audioq.size=22908, videoq.size=532979, eof=0
[2026-03-19 12:10:51.092] [info] [thread 31788] audio_stream: 1, video_stream: 0
[2026-03-19 12:10:51.113] [info] [thread 31788] read_thread loop: ret=0, pkt->stream_index=0, audioq.size=22908, videoq.size=535407, eof=0
[2026-03-19 12:10:51.114] [info] [thread 31788] audio_stream: 1, video_stream: 0
[2026-03-19 12:10:51.130] [info] [thread 28368] audio.nb_samples=1024, channels=2, channel_layout=stereo, format=8, sample_rate=44100
[2026-03-19 12:10:51.130] [info] [thread 28368] audio frame data pointers: data[0]=0x21914281bc0, data[1]=0x21914283dc0
[2026-03-19 12:10:51.145] [info] [thread 31788] read_thread loop: ret=0, pkt->stream_index=1, audioq.size=22436, videoq.size=526832, eof=0
[2026-03-19 12:10:51.146] [info] [thread 31788] audio_stream: 1, video_stream: 0
[2026-03-19 12:10:51.146] [info] [thread 31788] audio packet pts: 546816, audio_pkt_size=351
[2026-03-19 12:10:51.146] [info] [thread 31788] read_thread loop: ret=0, pkt->stream_index=0, audioq.size=22907, videoq.size=526832, eof=0
[2026-03-19 12:10:51.146] [info] [thread 31788] audio_stream: 1, video_stream: 0
[2026-03-19 12:10:51.170] [info] [thread 28368] audio.nb_samples=1024, channels=2, channel_layout=stereo, format=8, sample_rate=44100
[2026-03-19 12:10:51.170] [info] [thread 28368] audio frame data pointers: data[0]=0x2191427d780, data[1]=0x21914285fc0
[2026-03-19 12:10:51.179] [info] [thread 31788] read_thread loop: ret=0, pkt->stream_index=1, audioq.size=22472, videoq.size=520707, eof=0
[2026-03-19 12:10:51.179] [info] [thread 31788] audio_stream: 1, video_stream: 0
[2026-03-19 12:10:51.179] [info] [thread 31788] audio packet pts: 547840, audio_pkt_size=359
[2026-03-19 12:10:51.179] [info] [thread 31788] read_thread loop: ret=0, pkt->stream_index=0, audioq.size=22951, videoq.size=520707, eof=0
[2026-03-19 12:10:51.180] [info] [thread 31788] audio_stream: 1, video_stream: 0
[2026-03-19 12:10:51.211] [info] [thread 31788] read_thread loop: ret=0, pkt->stream_index=0, audioq.size=22951, videoq.size=528925, eof=0
[2026-03-19 12:10:51.211] [info] [thread 31788] audio_stream: 1, video_stream: 0
[2026-03-19 12:10:51.220] [info] [thread 28368] audio.nb_samples=1024, channels=2, channel_layout=stereo, format=8, sample_rate=44100
[2026-03-19 12:10:51.220] [info] [thread 28368] audio frame data pointers: data[0]=0x219142881c0, data[1]=0x2191428c600
[2026-03-19 12:10:51.244] [info] [thread 31788] read_thread loop: ret=0, pkt->stream_index=1, audioq.size=22498, videoq.size=527051, eof=0
[2026-03-19 12:10:51.244] [info] [thread 31788] audio_stream: 1, video_stream: 0
[2026-03-19 12:10:51.244] [info] [thread 31788] audio packet pts: 548864, audio_pkt_size=384
[2026-03-19 12:10:51.244] [info] [thread 31788] read_thread loop: ret=0, pkt->stream_index=0, audioq.size=23002, videoq.size=527051, eof=0
[2026-03-19 12:10:51.245] [info] [thread 31788] audio_stream: 1, video_stream: 0
[2026-03-19 12:10:51.270] [info] [thread 28368] audio.nb_samples=1024, channels=2, channel_layout=stereo, format=8, sample_rate=44100
[2026-03-19 12:10:51.270] [info] [thread 28368] audio frame data pointers: data[0]=0x2191428a400, data[1]=0x21914290a00
[2026-03-19 12:10:51.277] [info] [thread 31788] read_thread loop: ret=0, pkt->stream_index=1, audioq.size=22525, videoq.size=526605, eof=0
[2026-03-19 12:10:51.278] [info] [thread 31788] audio_stream: 1, video_stream: 0
[2026-03-19 12:10:51.278] [info] [thread 31788] audio packet pts: 549888, audio_pkt_size=378
[2026-03-19 12:10:51.278] [info] [thread 31788] read_thread loop: ret=0, pkt->stream_index=0, audioq.size=23023, videoq.size=526605, eof=0
[2026-03-19 12:10:51.279] [info] [thread 31788] audio_stream: 1, video_stream: 0
[2026-03-19 12:10:51.310] [info] [thread 28368] audio.nb_samples=1024, channels=2, channel_layout=stereo, format=8, sample_rate=44100
[2026-03-19 12:10:51.310] [info] [thread 31788] read_thread loop: ret=0, pkt->stream_index=1, audioq.size=22554, videoq.size=517637, eof=0
[2026-03-19 12:10:51.310] [info] [thread 28368] audio frame data pointers: data[0]=0x2191478a0c0, data[1]=0x21914788040
[2026-03-19 12:10:51.310] [info] [thread 31788] audio_stream: 1, video_stream: 0
[2026-03-19 12:10:51.311] [info] [thread 31788] audio packet pts: 550912, audio_pkt_size=432
[2026-03-19 12:10:51.312] [info] [thread 31788] read_thread loop: ret=0, pkt->stream_index=0, audioq.size=23106, videoq.size=517637, eof=0
[2026-03-19 12:10:51.312] [info] [thread 31788] audio_stream: 1, video_stream: 0
[2026-03-19 12:10:51.352] [info] [thread 31788] read_thread loop: ret=0, pkt->stream_index=0, audioq.size=23106, videoq.size=513966, eof=0
[2026-03-19 12:10:51.353] [info] [thread 31788] audio_stream: 1, video_stream: 0
[2026-03-19 12:10:51.360] [info] [thread 28368] audio.nb_samples=1024, channels=2, channel_layout=stereo, format=8, sample_rate=44100
[2026-03-19 12:10:51.360] [info] [thread 28368] audio frame data pointers: data[0]=0x21916f92a00, data[1]=0x21916b27480
[2026-03-19 12:10:51.385] [info] [thread 31788] read_thread loop: ret=0, pkt->stream_index=1, audioq.size=22598, videoq.size=510667, eof=0
[2026-03-19 12:10:51.385] [info] [thread 31788] audio_stream: 1, video_stream: 0
[2026-03-19 12:10:51.386] [info] [thread 31788] audio packet pts: 551936, audio_pkt_size=386
[2026-03-19 12:10:51.386] [info] [thread 31788] read_thread loop: ret=0, pkt->stream_index=0, audioq.size=23104, videoq.size=510667, eof=0
[2026-03-19 12:10:51.386] [info] [thread 31788] audio_stream: 1, video_stream: 0
[2026-03-19 12:10:51.400] [info] [thread 28368] audio.nb_samples=1024, channels=2, channel_layout=stereo, format=8, sample_rate=44100
[2026-03-19 12:10:51.400] [info] [thread 28368] audio frame data pointers: data[0]=0x21916f9b500, data[1]=0x21916f96e40
[2026-03-19 12:10:51.419] [info] [thread 31788] read_thread loop: ret=0, pkt->stream_index=1, audioq.size=22610, videoq.size=507718, eof=0
[2026-03-19 12:10:51.419] [info] [thread 31788] audio_stream: 1, video_stream: 0
[2026-03-19 12:10:51.419] [info] [thread 31788] audio packet pts: 552960, audio_pkt_size=378
[2026-03-19 12:10:51.420] [info] [thread 31788] read_thread loop: ret=0, pkt->stream_index=0, audioq.size=23108, videoq.size=507718, eof=0
[2026-03-19 12:10:51.420] [info] [thread 31788] audio_stream: 1, video_stream: 0
[2026-03-19 12:10:51.441] [info] [thread 31788] read_thread loop: ret=0, pkt->stream_index=1, audioq.size=23108, videoq.size=505816, eof=0
[2026-03-19 12:10:51.442] [info] [thread 31788] audio_stream: 1, video_stream: 0
[2026-03-19 12:10:51.442] [info] [thread 31788] audio packet pts: 553984, audio_pkt_size=322
[2026-03-19 12:10:51.442] [info] [thread 31788] read_thread loop: ret=0, pkt->stream_index=0, audioq.size=23550, videoq.size=505816, eof=0
[2026-03-19 12:10:51.443] [info] [thread 31788] audio_stream: 1, video_stream: 0
[2026-03-19 12:10:51.450] [info] [thread 28368] audio.nb_samples=1024, channels=2, channel_layout=stereo, format=8, sample_rate=44100
[2026-03-19 12:10:51.450] [info] [thread 28368] audio frame data pointers: data[0]=0x21916f98e80, data[1]=0x21916a5bb00
[2026-03-19 12:10:51.475] [info] [thread 31788] read_thread loop: ret=0, pkt->stream_index=0, audioq.size=23052, videoq.size=471253, eof=0
[2026-03-19 12:10:51.475] [info] [thread 31788] audio_stream: 1, video_stream: 0
[2026-03-19 12:10:51.500] [info] [thread 28368] audio.nb_samples=1024, channels=2, channel_layout=stereo, format=8, sample_rate=44100
[2026-03-19 12:10:51.500] [info] [thread 28368] audio frame data pointers: data[0]=0x2191427f980, data[1]=0x21916a5db80
[2026-03-19 12:10:51.526] [info] [thread 31788] read_thread loop: ret=0, pkt->stream_index=1, audioq.size=22567, videoq.size=459821, eof=0
[2026-03-19 12:10:51.527] [info] [thread 31788] audio_stream: 1, video_stream: 0
[2026-03-19 12:10:51.527] [info] [thread 31788] audio packet pts: 555008, audio_pkt_size=353
[2026-03-19 12:10:51.527] [info] [thread 31788] read_thread loop: ret=0, pkt->stream_index=0, audioq.size=23040, videoq.size=459821, eof=0
[2026-03-19 12:10:51.528] [info] [thread 31788] audio_stream: 1, video_stream: 0
[2026-03-19 12:10:51.540] [info] [thread 28368] audio.nb_samples=1024, channels=2, channel_layout=stereo, format=8, sample_rate=44100
[2026-03-19 12:10:51.540] [info] [thread 28368] audio frame data pointers: data[0]=0x2191427b580, data[1]=0x21914279380
[2026-03-19 12:10:51.560] [info] [thread 31788] read_thread loop: ret=0, pkt->stream_index=1, audioq.size=22491, videoq.size=464634, eof=0
[2026-03-19 12:10:51.560] [info] [thread 31788] audio_stream: 1, video_stream: 0
[2026-03-19 12:10:51.560] [info] [thread 31788] audio packet pts: 556032, audio_pkt_size=349
[2026-03-19 12:10:51.561] [info] [thread 31788] read_thread loop: ret=0, pkt->stream_index=0, audioq.size=22960, videoq.size=464634, eof=0
[2026-03-19 12:10:51.561] [info] [thread 31788] audio_stream: 1, video_stream: 0
[2026-03-19 12:10:51.582] [info] [thread 31788] read_thread loop: ret=0, pkt->stream_index=0, audioq.size=22960, videoq.size=454139, eof=0
[2026-03-19 12:10:51.583] [info] [thread 31788] audio_stream: 1, video_stream: 0
[2026-03-19 12:10:51.590] [info] [thread 28368] audio.nb_samples=1024, channels=2, channel_layout=stereo, format=8, sample_rate=44100
[2026-03-19 12:10:51.590] [info] [thread 28368] audio frame data pointers: data[0]=0x21914283dc0, data[1]=0x21914281bc0
[2026-03-19 12:10:51.615] [info] [thread 31788] read_thread loop: ret=0, pkt->stream_index=1, audioq.size=22425, videoq.size=446260, eof=0
[2026-03-19 12:10:51.615] [info] [thread 31788] audio_stream: 1, video_stream: 0
[2026-03-19 12:10:51.616] [info] [thread 31788] audio packet pts: 557056, audio_pkt_size=342
[2026-03-19 12:10:51.616] [info] [thread 31788] read_thread loop: ret=0, pkt->stream_index=0, audioq.size=22887, videoq.size=446260, eof=0
[2026-03-19 12:10:51.617] [info] [thread 31788] audio_stream: 1, video_stream: 0
[2026-03-19 12:10:51.640] [info] [thread 28368] audio.nb_samples=1024, channels=2, channel_layout=stereo, format=8, sample_rate=44100
[2026-03-19 12:10:51.640] [info] [thread 28368] audio frame data pointers: data[0]=0x21914285fc0, data[1]=0x2191427d780
[2026-03-19 12:10:51.648] [info] [thread 31788] read_thread loop: ret=0, pkt->stream_index=1, audioq.size=22360, videoq.size=442872, eof=0
[2026-03-19 12:10:51.649] [info] [thread 31788] audio_stream: 1, video_stream: 0
[2026-03-19 12:10:51.649] [info] [thread 31788] audio packet pts: 558080, audio_pkt_size=344
[2026-03-19 12:10:51.650] [info] [thread 31788] read_thread loop: ret=0, pkt->stream_index=0, audioq.size=22824, videoq.size=442872, eof=0
[2026-03-19 12:10:51.650] [info] [thread 31788] audio_stream: 1, video_stream: 0
[2026-03-19 12:10:51.680] [info] [thread 28368] audio.nb_samples=1024, channels=2, channel_layout=stereo, format=8, sample_rate=44100
[2026-03-19 12:10:51.680] [info] [thread 28368] audio frame data pointers: data[0]=0x2191428c600, data[1]=0x219142881c0
[2026-03-19 12:10:51.682] [info] [thread 31788] read_thread loop: ret=0, pkt->stream_index=1, audioq.size=22356, videoq.size=453327, eof=0
[2026-03-19 12:10:51.683] [info] [thread 31788] audio_stream: 1, video_stream: 0
[2026-03-19 12:10:51.683] [info] [thread 31788] audio packet pts: 559104, audio_pkt_size=353
[2026-03-19 12:10:51.684] [info] [thread 31788] read_thread loop: ret=0, pkt->stream_index=0, audioq.size=22829, videoq.size=453327, eof=0
[2026-03-19 12:10:51.684] [info] [thread 31788] audio_stream: 1, video_stream: 0
[2026-03-19 12:10:51.716] [info] [thread 31788] read_thread loop: ret=0, pkt->stream_index=0, audioq.size=22829, videoq.size=447497, eof=0
[2026-03-19 12:10:51.716] [info] [thread 31788] audio_stream: 1, video_stream: 0
[2026-03-19 12:10:51.730] [info] [thread 28368] audio.nb_samples=1024, channels=2, channel_layout=stereo, format=8, sample_rate=44100
[2026-03-19 12:10:51.730] [info] [thread 28368] audio frame data pointers: data[0]=0x21914290a00, data[1]=0x2191428a400
[2026-03-19 12:10:51.747] [info] [thread 31788] read_thread loop: ret=0, pkt->stream_index=1, audioq.size=22352, videoq.size=446512, eof=0
[2026-03-19 12:10:51.747] [info] [thread 31788] audio_stream: 1, video_stream: 0
[2026-03-19 12:10:51.747] [info] [thread 31788] audio packet pts: 560128, audio_pkt_size=435
[2026-03-19 12:10:51.748] [info] [thread 31788] read_thread loop: ret=0, pkt->stream_index=0, audioq.size=22907, videoq.size=446512, eof=0
[2026-03-19 12:10:51.748] [info] [thread 31788] audio_stream: 1, video_stream: 0
[2026-03-19 12:10:51.779] [info] [thread 31788] read_thread loop: ret=0, pkt->stream_index=1, audioq.size=22907, videoq.size=438037, eof=0
[2026-03-19 12:10:51.779] [info] [thread 31788] audio_stream: 1, video_stream: 0
[2026-03-19 12:10:51.779] [info] [thread 31788] audio packet pts: 561152, audio_pkt_size=356
[2026-03-19 12:10:51.780] [info] [thread 28368] audio.nb_samples=1024, channels=2, channel_layout=stereo, format=8, sample_rate=44100
[2026-03-19 12:10:51.780] [info] [thread 28368] audio frame data pointers: data[0]=0x21914788040, data[1]=0x2191478a0c0
[2026-03-19 12:10:51.780] [info] [thread 31788] read_thread loop: ret=0, pkt->stream_index=0, audioq.size=22912, videoq.size=438037, eof=0
[2026-03-19 12:10:51.780] [info] [thread 31788] audio_stream: 1, video_stream: 0
[2026-03-19 12:10:51.820] [info] [thread 28368] audio.nb_samples=1024, channels=2, channel_layout=stereo, format=8, sample_rate=44100
[2026-03-19 12:10:51.820] [info] [thread 28368] audio frame data pointers: data[0]=0x21916b27480, data[1]=0x21916f92a00
[2026-03-19 12:10:51.823] [info] [thread 31788] read_thread loop: ret=0, pkt->stream_index=0, audioq.size=22460, videoq.size=444367, eof=0
[2026-03-19 12:10:51.823] [info] [thread 31788] audio_stream: 1, video_stream: 0
[2026-03-19 12:10:51.854] [info] [thread 31788] read_thread loop: ret=0, pkt->stream_index=1, audioq.size=22460, videoq.size=446679, eof=0
[2026-03-19 12:10:51.854] [info] [thread 31788] audio_stream: 1, video_stream: 0
[2026-03-19 12:10:51.855] [info] [thread 31788] audio packet pts: 562176, audio_pkt_size=349
[2026-03-19 12:10:51.855] [info] [thread 31788] read_thread loop: ret=0, pkt->stream_index=0, audioq.size=22929, videoq.size=446679, eof=0
[2026-03-19 12:10:51.855] [info] [thread 31788] audio_stream: 1, video_stream: 0
[2026-03-19 12:10:51.870] [info] [thread 28368] audio.nb_samples=1024, channels=2, channel_layout=stereo, format=8, sample_rate=44100
[2026-03-19 12:10:51.870] [info] [thread 28368] audio frame data pointers: data[0]=0x21916f96e40, data[1]=0x21916f9b500
[2026-03-19 12:10:51.888] [info] [thread 31788] read_thread loop: ret=0, pkt->stream_index=1, audioq.size=22472, videoq.size=446373, eof=0
[2026-03-19 12:10:51.889] [info] [thread 31788] audio_stream: 1, video_stream: 0
[2026-03-19 12:10:51.889] [info] [thread 31788] audio packet pts: 563200, audio_pkt_size=360
[2026-03-19 12:10:51.890] [info] [thread 31788] read_thread loop: ret=0, pkt->stream_index=0, audioq.size=22952, videoq.size=446373, eof=0
[2026-03-19 12:10:51.890] [info] [thread 31788] audio_stream: 1, video_stream: 0
[2026-03-19 12:10:51.912] [info] [thread 31788] read_thread loop: ret=0, pkt->stream_index=1, audioq.size=22952, videoq.size=437471, eof=0
[2026-03-19 12:10:51.913] [info] [thread 31788] audio_stream: 1, video_stream: 0
[2026-03-19 12:10:51.913] [info] [thread 31788] audio packet pts: 564224, audio_pkt_size=361
[2026-03-19 12:10:51.914] [info] [thread 31788] read_thread loop: ret=0, pkt->stream_index=0, audioq.size=23433, videoq.size=437471, eof=0
[2026-03-19 12:10:51.914] [info] [thread 31788] audio_stream: 1, video_stream: 0
[2026-03-19 12:10:51.920] [info] [thread 28368] audio.nb_samples=1024, channels=2, channel_layout=stereo, format=8, sample_rate=44100
[2026-03-19 12:10:51.920] [info] [thread 28368] audio frame data pointers: data[0]=0x21916a5bb00, data[1]=0x21916f98e80
[2026-03-19 12:10:51.945] [info] [thread 31788] read_thread loop: ret=0, pkt->stream_index=0, audioq.size=22979, videoq.size=444364, eof=0
[2026-03-19 12:10:51.946] [info] [thread 31788] audio_stream: 1, video_stream: 0
[2026-03-19 12:10:51.960] [info] [thread 28368] audio.nb_samples=1024, channels=2, channel_layout=stereo, format=8, sample_rate=44100
[2026-03-19 12:10:51.960] [info] [thread 28368] audio frame data pointers: data[0]=0x21916a5db80, data[1]=0x2191427f980
[2026-03-19 12:10:51.979] [info] [thread 31788] read_thread loop: ret=0, pkt->stream_index=1, audioq.size=22518, videoq.size=446935, eof=0
[2026-03-19 12:10:51.980] [info] [thread 31788] audio_stream: 1, video_stream: 0
[2026-03-19 12:10:51.980] [info] [thread 31788] audio packet pts: 565248, audio_pkt_size=365
[2026-03-19 12:10:51.981] [info] [thread 31788] read_thread loop: ret=0, pkt->stream_index=0, audioq.size=23003, videoq.size=446935, eof=0
[2026-03-19 12:10:51.981] [info] [thread 31788] audio_stream: 1, video_stream: 0
[2026-03-19 12:10:52.010] [info] [thread 28368] audio.nb_samples=1024, channels=2, channel_layout=stereo, format=8, sample_rate=44100
[2026-03-19 12:10:52.010] [info] [thread 28368] audio frame data pointers: data[0]=0x21914279380, data[1]=0x2191427b580
[2026-03-19 12:10:52.013] [info] [thread 31788] read_thread loop: ret=0, pkt->stream_index=1, audioq.size=22505, videoq.size=448779, eof=0
[2026-03-19 12:10:52.014] [info] [thread 31788] audio_stream: 1, video_stream: 0
[2026-03-19 12:10:52.014] [info] [thread 31788] audio packet pts: 566272, audio_pkt_size=369
[2026-03-19 12:10:52.015] [info] [thread 31788] read_thread loop: ret=0, pkt->stream_index=0, audioq.size=22994, videoq.size=448779, eof=0
[2026-03-19 12:10:52.015] [info] [thread 31788] audio_stream: 1, video_stream: 0
[2026-03-19 12:10:52.050] [info] [thread 28368] audio.nb_samples=1024, channels=2, channel_layout=stereo, format=8, sample_rate=44100
[2026-03-19 12:10:52.050] [info] [thread 28368] audio frame data pointers: data[0]=0x21914281bc0, data[1]=0x21914283dc0
[2026-03-19 12:10:52.055] [info] [thread 31788] read_thread loop: ret=0, pkt->stream_index=0, audioq.size=22539, videoq.size=448168, eof=0
[2026-03-19 12:10:52.056] [info] [thread 31788] audio_stream: 1, video_stream: 0
[2026-03-19 12:10:52.088] [info] [thread 31788] read_thread loop: ret=0, pkt->stream_index=1, audioq.size=22539, videoq.size=454030, eof=0
[2026-03-19 12:10:52.089] [info] [thread 31788] audio_stream: 1, video_stream: 0
[2026-03-19 12:10:52.090] [info] [thread 31788] audio packet pts: 567296, audio_pkt_size=361
[2026-03-19 12:10:52.090] [info] [thread 31788] read_thread loop: ret=0, pkt->stream_index=0, audioq.size=23020, videoq.size=454030, eof=0
[2026-03-19 12:10:52.090] [info] [thread 31788] audio_stream: 1, video_stream: 0
[2026-03-19 12:10:52.100] [info] [thread 28368] audio.nb_samples=1024, channels=2, channel_layout=stereo, format=8, sample_rate=44100
[2026-03-19 12:10:52.100] [info] [thread 28368] audio frame data pointers: data[0]=0x2191427d780, data[1]=0x21914285fc0
[2026-03-19 12:10:52.123] [info] [thread 31788] read_thread loop: ret=0, pkt->stream_index=1, audioq.size=22547, videoq.size=446693, eof=0
[2026-03-19 12:10:52.123] [info] [thread 31788] audio_stream: 1, video_stream: 0
[2026-03-19 12:10:52.123] [info] [thread 31788] audio packet pts: 568320, audio_pkt_size=385
[2026-03-19 12:10:52.124] [info] [thread 31788] read_thread loop: ret=0, pkt->stream_index=0, audioq.size=23052, videoq.size=446693, eof=0
[2026-03-19 12:10:52.124] [info] [thread 31788] audio_stream: 1, video_stream: 0
[2026-03-19 12:10:52.145] [info] [thread 31788] read_thread loop: ret=0, pkt->stream_index=1, audioq.size=23052, videoq.size=448203, eof=0
[2026-03-19 12:10:52.146] [info] [thread 31788] audio_stream: 1, video_stream: 0
[2026-03-19 12:10:52.146] [info] [thread 31788] audio packet pts: 569344, audio_pkt_size=414
[2026-03-19 12:10:52.147] [info] [thread 31788] read_thread loop: ret=0, pkt->stream_index=0, audioq.size=23586, videoq.size=448203, eof=0
[2026-03-19 12:10:52.147] [info] [thread 31788] audio_stream: 1, video_stream: 0
[2026-03-19 12:10:52.150] [info] [thread 28368] audio.nb_samples=1024, channels=2, channel_layout=stereo, format=8, sample_rate=44100
[2026-03-19 12:10:52.150] [info] [thread 28368] audio frame data pointers: data[0]=0x219142881c0, data[1]=0x2191428c600
[2026-03-19 12:10:52.179] [info] [thread 31788] read_thread loop: ret=0, pkt->stream_index=0, audioq.size=23116, videoq.size=461091, eof=0
[2026-03-19 12:10:52.179] [info] [thread 31788] audio_stream: 1, video_stream: 0
[2026-03-19 12:10:52.190] [info] [thread 28368] audio.nb_samples=1024, channels=2, channel_layout=stereo, format=8, sample_rate=44100
[2026-03-19 12:10:52.190] [info] [thread 28368] audio frame data pointers: data[0]=0x2191428a400, data[1]=0x21914290a00
[2026-03-19 12:10:52.211] [info] [thread 31788] read_thread loop: ret=0, pkt->stream_index=1, audioq.size=22636, videoq.size=467860, eof=0
[2026-03-19 12:10:52.212] [info] [thread 31788] audio_stream: 1, video_stream: 0
[2026-03-19 12:10:52.212] [info] [thread 31788] audio packet pts: 570368, audio_pkt_size=375
[2026-03-19 12:10:52.213] [info] [thread 31788] read_thread loop: ret=0, pkt->stream_index=0, audioq.size=23131, videoq.size=467860, eof=0
[2026-03-19 12:10:52.213] [info] [thread 31788] audio_stream: 1, video_stream: 0
[2026-03-19 12:10:52.240] [info] [thread 28368] audio.nb_samples=1024, channels=2, channel_layout=stereo, format=8, sample_rate=44100
[2026-03-19 12:10:52.240] [info] [thread 28368] audio frame data pointers: data[0]=0x2191478a0c0, data[1]=0x21914788040
[2026-03-19 12:10:52.244] [info] [thread 31788] read_thread loop: ret=0, pkt->stream_index=1, audioq.size=22656, videoq.size=462843, eof=0
[2026-03-19 12:10:52.244] [info] [thread 31788] audio_stream: 1, video_stream: 0
[2026-03-19 12:10:52.245] [info] [thread 31788] audio packet pts: 571392, audio_pkt_size=351
[2026-03-19 12:10:52.246] [info] [thread 31788] read_thread loop: ret=0, pkt->stream_index=0, audioq.size=23127, videoq.size=462843, eof=0
[2026-03-19 12:10:52.246] [info] [thread 31788] audio_stream: 1, video_stream: 0
[2026-03-19 12:10:52.279] [info] [thread 31788] read_thread loop: ret=0, pkt->stream_index=0, audioq.size=23127, videoq.size=464194, eof=0
[2026-03-19 12:10:52.280] [info] [thread 31788] audio_stream: 1, video_stream: 0
[2026-03-19 12:10:52.290] [info] [thread 28368] audio.nb_samples=1024, channels=2, channel_layout=stereo, format=8, sample_rate=44100
[2026-03-19 12:10:52.290] [info] [thread 28368] audio frame data pointers: data[0]=0x21916f92a00, data[1]=0x21916b27480
[2026-03-19 12:10:52.323] [info] [thread 31788] read_thread loop: ret=0, pkt->stream_index=1, audioq.size=22619, videoq.size=476216, eof=0
[2026-03-19 12:10:52.324] [info] [thread 31788] audio_stream: 1, video_stream: 0
[2026-03-19 12:10:52.324] [info] [thread 31788] audio packet pts: 572416, audio_pkt_size=356
[2026-03-19 12:10:52.325] [info] [thread 31788] read_thread loop: ret=0, pkt->stream_index=0, audioq.size=23095, videoq.size=476216, eof=0
[2026-03-19 12:10:52.325] [info] [thread 31788] audio_stream: 1, video_stream: 0
[2026-03-19 12:10:52.330] [info] [thread 28368] audio.nb_samples=1024, channels=2, channel_layout=stereo, format=8, sample_rate=44100
[2026-03-19 12:10:52.330] [info] [thread 28368] audio frame data pointers: data[0]=0x21916f9b500, data[1]=0x21916f96e40
[2026-03-19 12:10:52.357] [info] [thread 31788] read_thread loop: ret=0, pkt->stream_index=1, audioq.size=22618, videoq.size=481698, eof=0
[2026-03-19 12:10:52.358] [info] [thread 31788] audio_stream: 1, video_stream: 0
[2026-03-19 12:10:52.359] [info] [thread 31788] audio packet pts: 573440, audio_pkt_size=358
[2026-03-19 12:10:52.359] [info] [thread 31788] read_thread loop: ret=0, pkt->stream_index=0, audioq.size=23096, videoq.size=481698, eof=0
[2026-03-19 12:10:52.359] [info] [thread 31788] audio_stream: 1, video_stream: 0
[2026-03-19 12:10:52.380] [info] [thread 28368] audio.nb_samples=1024, channels=2, channel_layout=stereo, format=8, sample_rate=44100
[2026-03-19 12:10:52.380] [info] [thread 31788] read_thread loop: ret=0, pkt->stream_index=1, audioq.size=22617, videoq.size=486073, eof=0
[2026-03-19 12:10:52.380] [info] [thread 28368] audio frame data pointers: data[0]=0x21916f98e80, data[1]=0x21916a5bb00
[2026-03-19 12:10:52.381] [info] [thread 31788] audio_stream: 1, video_stream: 0
[2026-03-19 12:10:52.382] [info] [thread 31788] audio packet pts: 574464, audio_pkt_size=366
[2026-03-19 12:10:52.383] [info] [thread 31788] read_thread loop: ret=0, pkt->stream_index=0, audioq.size=23103, videoq.size=486073, eof=0
[2026-03-19 12:10:52.383] [info] [thread 31788] audio_stream: 1, video_stream: 0
[2026-03-19 12:10:52.415] [info] [thread 31788] read_thread loop: ret=0, pkt->stream_index=0, audioq.size=23103, videoq.size=492280, eof=0
[2026-03-19 12:10:52.416] [info] [thread 31788] audio_stream: 1, video_stream: 0
[2026-03-19 12:10:52.430] [info] [thread 28368] audio.nb_samples=1024, channels=2, channel_layout=stereo, format=8, sample_rate=44100
[2026-03-19 12:10:52.430] [info] [thread 28368] audio frame data pointers: data[0]=0x2191427f980, data[1]=0x21916a5db80
[2026-03-19 12:10:52.447] [info] [thread 31788] read_thread loop: ret=0, pkt->stream_index=1, audioq.size=22638, videoq.size=505725, eof=0
[2026-03-19 12:10:52.448] [info] [thread 31788] audio_stream: 1, video_stream: 0
[2026-03-19 12:10:52.449] [info] [thread 31788] audio packet pts: 575488, audio_pkt_size=380
[2026-03-19 12:10:52.449] [info] [thread 31788] read_thread loop: ret=0, pkt->stream_index=0, audioq.size=23138, videoq.size=505725, eof=0
[2026-03-19 12:10:52.450] [info] [thread 31788] audio_stream: 1, video_stream: 0
[2026-03-19 12:10:52.470] [info] [thread 28368] audio.nb_samples=1024, channels=2, channel_layout=stereo, format=8, sample_rate=44100
[2026-03-19 12:10:52.470] [info] [thread 28368] audio frame data pointers: data[0]=0x2191427b580, data[1]=0x21914279380
[2026-03-19 12:10:52.481] [info] [thread 31788] read_thread loop: ret=0, pkt->stream_index=1, audioq.size=22624, videoq.size=512210, eof=0
[2026-03-19 12:10:52.482] [info] [thread 31788] audio_stream: 1, video_stream: 0
[2026-03-19 12:10:52.482] [info] [thread 31788] audio packet pts: 576512, audio_pkt_size=371
[2026-03-19 12:10:52.482] [info] [thread 31788] read_thread loop: ret=0, pkt->stream_index=0, audioq.size=23115, videoq.size=512210, eof=0
[2026-03-19 12:10:52.483] [info] [thread 31788] audio_stream: 1, video_stream: 0
[2026-03-19 12:10:52.520] [info] [thread 28368] audio.nb_samples=1024, channels=2, channel_layout=stereo, format=8, sample_rate=44100
[2026-03-19 12:10:52.520] [info] [thread 28368] audio frame data pointers: data[0]=0x21914283dc0, data[1]=0x21914281bc0
[2026-03-19 12:10:52.527] [info] [thread 31788] read_thread loop: ret=0, pkt->stream_index=1, audioq.size=22650, videoq.size=517311, eof=0
[2026-03-19 12:10:52.527] [info] [thread 31788] audio_stream: 1, video_stream: 0
[2026-03-19 12:10:52.528] [info] [thread 31788] audio packet pts: 577536, audio_pkt_size=368
[2026-03-19 12:10:52.528] [info] [thread 31788] read_thread loop: ret=0, pkt->stream_index=0, audioq.size=23138, videoq.size=517311, eof=0
[2026-03-19 12:10:52.529] [info] [thread 31788] audio_stream: 1, video_stream: 0
[2026-03-19 12:10:52.561] [info] [thread 31788] read_thread loop: ret=0, pkt->stream_index=0, audioq.size=23138, videoq.size=522451, eof=0
[2026-03-19 12:10:52.562] [info] [thread 31788] audio_stream: 1, video_stream: 0
[2026-03-19 12:10:52.570] [info] [thread 28368] audio.nb_samples=1024, channels=2, channel_layout=stereo, format=8, sample_rate=44100
[2026-03-19 12:10:52.570] [info] [thread 28368] audio frame data pointers: data[0]=0x21914285fc0, data[1]=0x2191427d780
[2026-03-19 12:10:52.582] [info] [thread 31788] read_thread loop: ret=0, pkt->stream_index=1, audioq.size=22661, videoq.size=526174, eof=0
[2026-03-19 12:10:52.583] [info] [thread 31788] audio_stream: 1, video_stream: 0
[2026-03-19 12:10:52.583] [info] [thread 31788] audio packet pts: 578560, audio_pkt_size=354
[2026-03-19 12:10:52.583] [info] [thread 31788] read_thread loop: ret=0, pkt->stream_index=0, audioq.size=23135, videoq.size=526174, eof=0
[2026-03-19 12:10:52.584] [info] [thread 31788] audio_stream: 1, video_stream: 0
[2026-03-19 12:10:52.610] [info] [thread 28368] audio.nb_samples=1024, channels=2, channel_layout=stereo, format=8, sample_rate=44100
[2026-03-19 12:10:52.610] [info] [thread 28368] audio frame data pointers: data[0]=0x2191428c600, data[1]=0x219142881c0
[2026-03-19 12:10:52.614] [info] [thread 31788] read_thread loop: ret=0, pkt->stream_index=1, audioq.size=22663, videoq.size=541695, eof=0
[2026-03-19 12:10:52.614] [info] [thread 31788] audio_stream: 1, video_stream: 0
[2026-03-19 12:10:52.615] [info] [thread 31788] audio packet pts: 579584, audio_pkt_size=380
[2026-03-19 12:10:52.615] [info] [thread 31788] read_thread loop: ret=0, pkt->stream_index=0, audioq.size=23163, videoq.size=541695, eof=0
[2026-03-19 12:10:52.615] [info] [thread 31788] audio_stream: 1, video_stream: 0
[2026-03-19 12:10:52.645] [info] [thread 31788] read_thread loop: ret=0, pkt->stream_index=0, audioq.size=23163, videoq.size=535889, eof=0
[2026-03-19 12:10:52.646] [info] [thread 31788] audio_stream: 1, video_stream: 0
[2026-03-19 12:10:52.660] [info] [thread 28368] audio.nb_samples=1024, channels=2, channel_layout=stereo, format=8, sample_rate=44100
[2026-03-19 12:10:52.660] [info] [thread 28368] audio frame data pointers: data[0]=0x21914290a00, data[1]=0x2191428a400
[2026-03-19 12:10:52.677] [info] [thread 31788] read_thread loop: ret=0, pkt->stream_index=1, audioq.size=22683, videoq.size=536091, eof=0
[2026-03-19 12:10:52.678] [info] [thread 31788] audio_stream: 1, video_stream: 0
[2026-03-19 12:10:52.678] [info] [thread 31788] audio packet pts: 580608, audio_pkt_size=363
[2026-03-19 12:10:52.679] [info] [thread 31788] read_thread loop: ret=0, pkt->stream_index=0, audioq.size=23166, videoq.size=536091, eof=0
[2026-03-19 12:10:52.679] [info] [thread 31788] audio_stream: 1, video_stream: 0
[2026-03-19 12:10:52.700] [info] [thread 28368] audio.nb_samples=1024, channels=2, channel_layout=stereo, format=8, sample_rate=44100
[2026-03-19 12:10:52.700] [info] [thread 28368] audio frame data pointers: data[0]=0x21914788040, data[1]=0x2191478a0c0
[2026-03-19 12:10:52.711] [info] [thread 31788] read_thread loop: ret=0, pkt->stream_index=1, audioq.size=22654, videoq.size=537615, eof=0
[2026-03-19 12:10:52.712] [info] [thread 31788] audio_stream: 1, video_stream: 0
[2026-03-19 12:10:52.712] [info] [thread 31788] audio packet pts: 581632, audio_pkt_size=357
[2026-03-19 12:10:52.713] [info] [thread 31788] read_thread loop: ret=0, pkt->stream_index=0, audioq.size=23131, videoq.size=537615, eof=0
[2026-03-19 12:10:52.713] [info] [thread 31788] audio_stream: 1, video_stream: 0
[2026-03-19 12:10:52.745] [info] [thread 31788] read_thread loop: ret=0, pkt->stream_index=1, audioq.size=23131, videoq.size=552160, eof=0
[2026-03-19 12:10:52.746] [info] [thread 31788] audio_stream: 1, video_stream: 0
[2026-03-19 12:10:52.747] [info] [thread 31788] audio packet pts: 582656, audio_pkt_size=367
[2026-03-19 12:10:52.747] [info] [thread 31788] read_thread loop: ret=0, pkt->stream_index=0, audioq.size=23618, videoq.size=552160, eof=0
[2026-03-19 12:10:52.747] [info] [thread 31788] audio_stream: 1, video_stream: 0
[2026-03-19 12:10:52.750] [info] [thread 28368] audio.nb_samples=1024, channels=2, channel_layout=stereo, format=8, sample_rate=44100
[2026-03-19 12:10:52.750] [info] [thread 28368] audio frame data pointers: data[0]=0x21916b27480, data[1]=0x21916f92a00
[2026-03-19 12:10:52.780] [info] [thread 31788] read_thread loop: ret=0, pkt->stream_index=0, audioq.size=23097, videoq.size=546740, eof=0
[2026-03-19 12:10:52.780] [info] [thread 31788] audio_stream: 1, video_stream: 0
[2026-03-19 12:10:52.800] [info] [thread 28368] audio.nb_samples=1024, channels=2, channel_layout=stereo, format=8, sample_rate=44100
[2026-03-19 12:10:52.800] [info] [thread 28368] audio frame data pointers: data[0]=0x21916f96e40, data[1]=0x21916f9b500
[2026-03-19 12:10:52.823] [info] [thread 31788] read_thread loop: ret=0, pkt->stream_index=1, audioq.size=22574, videoq.size=544561, eof=0
[2026-03-19 12:10:52.824] [info] [thread 31788] audio_stream: 1, video_stream: 0
[2026-03-19 12:10:52.825] [info] [thread 31788] audio packet pts: 583680, audio_pkt_size=372
[2026-03-19 12:10:52.825] [info] [thread 31788] read_thread loop: ret=0, pkt->stream_index=0, audioq.size=23066, videoq.size=544561, eof=0
[2026-03-19 12:10:52.826] [info] [thread 31788] audio_stream: 1, video_stream: 0
[2026-03-19 12:10:52.840] [info] [thread 28368] audio.nb_samples=1024, channels=2, channel_layout=stereo, format=8, sample_rate=44100
[2026-03-19 12:10:52.840] [info] [thread 28368] audio frame data pointers: data[0]=0x21916a5bb00, data[1]=0x21916f98e80
[2026-03-19 12:10:52.857] [info] [thread 31788] read_thread loop: ret=0, pkt->stream_index=1, audioq.size=22495, videoq.size=545091, eof=0
[2026-03-19 12:10:52.857] [info] [thread 31788] audio_stream: 1, video_stream: 0
[2026-03-19 12:10:52.858] [info] [thread 31788] audio packet pts: 584704, audio_pkt_size=371
[2026-03-19 12:10:52.858] [info] [thread 31788] read_thread loop: ret=0, pkt->stream_index=0, audioq.size=22986, videoq.size=545091, eof=0
[2026-03-19 12:10:52.858] [info] [thread 31788] audio_stream: 1, video_stream: 0
[2026-03-19 12:10:52.880] [info] [thread 31788] read_thread loop: ret=0, pkt->stream_index=0, audioq.size=22986, videoq.size=557896, eof=0
[2026-03-19 12:10:52.880] [info] [thread 31788] audio_stream: 1, video_stream: 0
[2026-03-19 12:10:52.890] [info] [thread 28368] audio.nb_samples=1024, channels=2, channel_layout=stereo, format=8, sample_rate=44100
[2026-03-19 12:10:52.890] [info] [thread 28368] audio frame data pointers: data[0]=0x21916a5db80, data[1]=0x2191427f980
[2026-03-19 12:10:52.911] [info] [thread 31788] read_thread loop: ret=0, pkt->stream_index=1, audioq.size=22524, videoq.size=553332, eof=0
[2026-03-19 12:10:52.912] [info] [thread 31788] audio_stream: 1, video_stream: 0
[2026-03-19 12:10:52.912] [info] [thread 31788] audio packet pts: 585728, audio_pkt_size=391
[2026-03-19 12:10:52.913] [info] [thread 31788] read_thread loop: ret=0, pkt->stream_index=0, audioq.size=23035, videoq.size=553332, eof=0
[2026-03-19 12:10:52.914] [info] [thread 31788] audio_stream: 1, video_stream: 0
[2026-03-19 12:10:52.940] [info] [thread 28368] audio.nb_samples=1024, channels=2, channel_layout=stereo, format=8, sample_rate=44100
[2026-03-19 12:10:52.940] [info] [thread 28368] audio frame data pointers: data[0]=0x21914279380, data[1]=0x2191427b580
[2026-03-19 12:10:52.944] [info] [thread 31788] read_thread loop: ret=0, pkt->stream_index=1, audioq.size=22547, videoq.size=551729, eof=0
[2026-03-19 12:10:52.945] [info] [thread 31788] audio_stream: 1, video_stream: 0
[2026-03-19 12:10:52.945] [info] [thread 31788] audio packet pts: 586752, audio_pkt_size=380
[2026-03-19 12:10:52.946] [info] [thread 31788] read_thread loop: ret=0, pkt->stream_index=0, audioq.size=23047, videoq.size=551729, eof=0
[2026-03-19 12:10:52.946] [info] [thread 31788] audio_stream: 1, video_stream: 0
[2026-03-19 12:10:52.978] [info] [thread 31788] read_thread loop: ret=0, pkt->stream_index=1, audioq.size=23047, videoq.size=552789, eof=0
[2026-03-19 12:10:52.978] [info] [thread 31788] audio_stream: 1, video_stream: 0
[2026-03-19 12:10:52.978] [info] [thread 31788] audio packet pts: 587776, audio_pkt_size=366
[2026-03-19 12:10:52.979] [info] [thread 31788] read_thread loop: ret=0, pkt->stream_index=0, audioq.size=23533, videoq.size=552789, eof=0
[2026-03-19 12:10:52.979] [info] [thread 31788] audio_stream: 1, video_stream: 0
[2026-03-19 12:10:52.980] [info] [thread 28368] audio.nb_samples=1024, channels=2, channel_layout=stereo, format=8, sample_rate=44100
[2026-03-19 12:10:52.980] [info] [thread 28368] audio frame data pointers: data[0]=0x21914281bc0, data[1]=0x21914283dc0
[2026-03-19 12:10:53.011] [info] [thread 31788] read_thread loop: ret=0, pkt->stream_index=0, audioq.size=23046, videoq.size=567062, eof=0
[2026-03-19 12:10:53.011] [info] [thread 31788] audio_stream: 1, video_stream: 0
[2026-03-19 12:10:53.030] [info] [thread 28368] audio.nb_samples=1024, channels=2, channel_layout=stereo, format=8, sample_rate=44100
[2026-03-19 12:10:53.030] [info] [thread 28368] audio frame data pointers: data[0]=0x2191427d780, data[1]=0x21914285fc0
[2026-03-19 12:10:53.043] [info] [thread 31788] read_thread loop: ret=0, pkt->stream_index=1, audioq.size=22518, videoq.size=563824, eof=0
[2026-03-19 12:10:53.043] [info] [thread 31788] audio_stream: 1, video_stream: 0
[2026-03-19 12:10:53.044] [info] [thread 31788] audio packet pts: 588800, audio_pkt_size=370
[2026-03-19 12:10:53.044] [info] [thread 31788] read_thread loop: ret=0, pkt->stream_index=0, audioq.size=23008, videoq.size=563824, eof=0
[2026-03-19 12:10:53.044] [info] [thread 31788] audio_stream: 1, video_stream: 0
[2026-03-19 12:10:53.076] [info] [thread 31788] read_thread loop: ret=0, pkt->stream_index=1, audioq.size=23008, videoq.size=563858, eof=0
[2026-03-19 12:10:53.076] [info] [thread 31788] audio_stream: 1, video_stream: 0
[2026-03-19 12:10:53.077] [info] [thread 31788] audio packet pts: 589824, audio_pkt_size=369
[2026-03-19 12:10:53.077] [info] [thread 31788] read_thread loop: ret=0, pkt->stream_index=0, audioq.size=23497, videoq.size=563858, eof=0
[2026-03-19 12:10:53.078] [info] [thread 31788] audio_stream: 1, video_stream: 0
[2026-03-19 12:10:53.080] [info] [thread 28368] audio.nb_samples=1024, channels=2, channel_layout=stereo, format=8, sample_rate=44100
[2026-03-19 12:10:53.080] [info] [thread 28368] audio frame data pointers: data[0]=0x219142881c0, data[1]=0x2191428c600
[2026-03-19 12:10:53.119] [info] [thread 31788] read_thread loop: ret=0, pkt->stream_index=0, audioq.size=22994, videoq.size=564239, eof=0
[2026-03-19 12:10:53.120] [info] [thread 31788] audio_stream: 1, video_stream: 0
[2026-03-19 12:10:53.120] [info] [thread 28368] audio.nb_samples=1024, channels=2, channel_layout=stereo, format=8, sample_rate=44100
[2026-03-19 12:10:53.120] [info] [thread 28368] audio frame data pointers: data[0]=0x2191428a400, data[1]=0x21914290a00
[2026-03-19 12:10:53.151] [info] [thread 31788] read_thread loop: ret=0, pkt->stream_index=1, audioq.size=22521, videoq.size=578783, eof=0
[2026-03-19 12:10:53.151] [info] [thread 31788] audio_stream: 1, video_stream: 0
[2026-03-19 12:10:53.151] [info] [thread 31788] audio packet pts: 590848, audio_pkt_size=365
[2026-03-19 12:10:53.152] [info] [thread 31788] read_thread loop: ret=0, pkt->stream_index=0, audioq.size=23006, videoq.size=578783, eof=0
[2026-03-19 12:10:53.152] [info] [thread 31788] audio_stream: 1, video_stream: 0
[2026-03-19 12:10:53.170] [info] [thread 28368] audio.nb_samples=1024, channels=2, channel_layout=stereo, format=8, sample_rate=44100
[2026-03-19 12:10:53.170] [info] [thread 28368] audio frame data pointers: data[0]=0x2191478a0c0, data[1]=0x21914788040
[2026-03-19 12:10:53.183] [info] [thread 31788] read_thread loop: ret=0, pkt->stream_index=1, audioq.size=22473, videoq.size=574113, eof=0
[2026-03-19 12:10:53.184] [info] [thread 31788] audio_stream: 1, video_stream: 0
[2026-03-19 12:10:53.184] [info] [thread 31788] audio packet pts: 591872, audio_pkt_size=371
[2026-03-19 12:10:53.185] [info] [thread 31788] read_thread loop: ret=0, pkt->stream_index=0, audioq.size=22964, videoq.size=574113, eof=0
[2026-03-19 12:10:53.185] [info] [thread 31788] audio_stream: 1, video_stream: 0
[2026-03-19 12:10:53.216] [info] [thread 31788] read_thread loop: ret=0, pkt->stream_index=1, audioq.size=22964, videoq.size=575424, eof=0
[2026-03-19 12:10:53.216] [info] [thread 31788] audio_stream: 1, video_stream: 0
[2026-03-19 12:10:53.217] [info] [thread 31788] audio packet pts: 592896, audio_pkt_size=369
[2026-03-19 12:10:53.217] [info] [thread 31788] read_thread loop: ret=0, pkt->stream_index=0, audioq.size=23453, videoq.size=575424, eof=0
[2026-03-19 12:10:53.217] [info] [thread 31788] audio_stream: 1, video_stream: 0
[2026-03-19 12:10:53.220] [info] [thread 28368] audio.nb_samples=1024, channels=2, channel_layout=stereo, format=8, sample_rate=44100
[2026-03-19 12:10:53.220] [info] [thread 28368] audio frame data pointers: data[0]=0x21916f92a00, data[1]=0x21916b27480
[2026-03-19 12:10:53.260] [info] [thread 31788] read_thread loop: ret=0, pkt->stream_index=0, audioq.size=22991, videoq.size=566403, eof=0
[2026-03-19 12:10:53.260] [info] [thread 28368] audio.nb_samples=1024, channels=2, channel_layout=stereo, format=8, sample_rate=44100
[2026-03-19 12:10:53.260] [info] [thread 31788] audio_stream: 1, video_stream: 0
[2026-03-19 12:10:53.260] [info] [thread 28368] audio frame data pointers: data[0]=0x21916f9b500, data[1]=0x21916f96e40
[2026-03-19 12:10:53.291] [info] [thread 31788] read_thread loop: ret=0, pkt->stream_index=1, audioq.size=22476, videoq.size=571449, eof=0
[2026-03-19 12:10:53.292] [info] [thread 31788] audio_stream: 1, video_stream: 0
[2026-03-19 12:10:53.292] [info] [thread 31788] audio packet pts: 593920, audio_pkt_size=368
[2026-03-19 12:10:53.292] [info] [thread 31788] read_thread loop: ret=0, pkt->stream_index=0, audioq.size=22964, videoq.size=571449, eof=0
[2026-03-19 12:10:53.293] [info] [thread 31788] audio_stream: 1, video_stream: 0
[2026-03-19 12:10:53.310] [info] [thread 28368] audio.nb_samples=1024, channels=2, channel_layout=stereo, format=8, sample_rate=44100
[2026-03-19 12:10:53.310] [info] [thread 28368] audio frame data pointers: data[0]=0x21916f98e80, data[1]=0x21916a5bb00
[2026-03-19 12:10:53.323] [info] [thread 31788] read_thread loop: ret=0, pkt->stream_index=1, audioq.size=22493, videoq.size=571102, eof=0
[2026-03-19 12:10:53.323] [info] [thread 31788] audio_stream: 1, video_stream: 0
[2026-03-19 12:10:53.323] [info] [thread 31788] audio packet pts: 594944, audio_pkt_size=368
[2026-03-19 12:10:53.324] [info] [thread 31788] read_thread loop: ret=0, pkt->stream_index=0, audioq.size=22981, videoq.size=571102, eof=0
[2026-03-19 12:10:53.324] [info] [thread 31788] audio_stream: 1, video_stream: 0
[2026-03-19 12:10:53.356] [info] [thread 31788] read_thread loop: ret=0, pkt->stream_index=0, audioq.size=22981, videoq.size=571485, eof=0
[2026-03-19 12:10:53.357] [info] [thread 31788] audio_stream: 1, video_stream: 0
[2026-03-19 12:10:53.360] [info] [thread 28368] audio.nb_samples=1024, channels=2, channel_layout=stereo, format=8, sample_rate=44100
[2026-03-19 12:10:53.360] [info] [thread 28368] audio frame data pointers: data[0]=0x2191427f980, data[1]=0x21916a5db80
[2026-03-19 12:10:53.379] [info] [thread 31788] read_thread loop: ret=0, pkt->stream_index=1, audioq.size=22502, videoq.size=611907, eof=0
[2026-03-19 12:10:53.379] [info] [thread 31788] audio_stream: 1, video_stream: 0
[2026-03-19 12:10:53.380] [info] [thread 31788] audio packet pts: 595968, audio_pkt_size=377
[2026-03-19 12:10:53.380] [info] [thread 31788] read_thread loop: ret=0, pkt->stream_index=0, audioq.size=22999, videoq.size=611907, eof=0
[2026-03-19 12:10:53.380] [info] [thread 31788] audio_stream: 1, video_stream: 0
[2026-03-19 12:10:53.400] [info] [thread 28368] audio.nb_samples=1024, channels=2, channel_layout=stereo, format=8, sample_rate=44100
[2026-03-19 12:10:53.400] [info] [thread 28368] audio frame data pointers: data[0]=0x2191427b580, data[1]=0x21914279380
[2026-03-19 12:10:53.411] [info] [thread 31788] read_thread loop: ret=0, pkt->stream_index=1, audioq.size=22495, videoq.size=613810, eof=0
[2026-03-19 12:10:53.412] [info] [thread 31788] audio_stream: 1, video_stream: 0
[2026-03-19 12:10:53.412] [info] [thread 31788] audio packet pts: 596992, audio_pkt_size=481
[2026-03-19 12:10:53.413] [info] [thread 31788] read_thread loop: ret=0, pkt->stream_index=0, audioq.size=23096, videoq.size=613810, eof=0
[2026-03-19 12:10:53.413] [info] [thread 31788] audio_stream: 1, video_stream: 0
[2026-03-19 12:10:53.446] [info] [thread 31788] read_thread loop: ret=0, pkt->stream_index=1, audioq.size=23096, videoq.size=611187, eof=0
[2026-03-19 12:10:53.447] [info] [thread 31788] audio_stream: 1, video_stream: 0
[2026-03-19 12:10:53.447] [info] [thread 31788] audio packet pts: 598016, audio_pkt_size=392
[2026-03-19 12:10:53.447] [info] [thread 31788] read_thread loop: ret=0, pkt->stream_index=0, audioq.size=23608, videoq.size=611187, eof=0
[2026-03-19 12:10:53.448] [info] [thread 31788] audio_stream: 1, video_stream: 0
[2026-03-19 12:10:53.450] [info] [thread 28368] audio.nb_samples=1024, channels=2, channel_layout=stereo, format=8, sample_rate=44100
[2026-03-19 12:10:53.450] [info] [thread 28368] audio frame data pointers: data[0]=0x21914283dc0, data[1]=0x21914281bc0
[2026-03-19 12:10:53.480] [info] [thread 31788] read_thread loop: ret=0, pkt->stream_index=0, audioq.size=23110, videoq.size=609064, eof=0
[2026-03-19 12:10:53.481] [info] [thread 31788] audio_stream: 1, video_stream: 0
[2026-03-19 12:10:53.490] [info] [thread 28368] audio.nb_samples=1024, channels=2, channel_layout=stereo, format=8, sample_rate=44100
[2026-03-19 12:10:53.490] [info] [thread 28368] audio frame data pointers: data[0]=0x21914285fc0, data[1]=0x2191427d780
[2026-03-19 12:10:53.514] [info] [thread 31788] read_thread loop: ret=0, pkt->stream_index=1, audioq.size=22558, videoq.size=598327, eof=0
[2026-03-19 12:10:53.514] [info] [thread 31788] audio_stream: 1, video_stream: 0
[2026-03-19 12:10:53.515] [info] [thread 31788] audio packet pts: 599040, audio_pkt_size=454
[2026-03-19 12:10:53.515] [info] [thread 31788] read_thread loop: ret=0, pkt->stream_index=0, audioq.size=23132, videoq.size=598327, eof=0
[2026-03-19 12:10:53.515] [info] [thread 31788] audio_stream: 1, video_stream: 0
[2026-03-19 12:10:53.540] [info] [thread 28368] audio.nb_samples=1024, channels=2, channel_layout=stereo, format=8, sample_rate=44100
[2026-03-19 12:10:53.540] [info] [thread 28368] audio frame data pointers: data[0]=0x2191428c600, data[1]=0x219142881c0
[2026-03-19 12:10:53.556] [info] [thread 31788] read_thread loop: ret=0, pkt->stream_index=1, audioq.size=22626, videoq.size=601275, eof=0
[2026-03-19 12:10:53.556] [info] [thread 31788] audio_stream: 1, video_stream: 0
[2026-03-19 12:10:53.556] [info] [thread 31788] audio packet pts: 600064, audio_pkt_size=358
[2026-03-19 12:10:53.556] [info] [thread 31788] read_thread loop: ret=0, pkt->stream_index=0, audioq.size=23104, videoq.size=601275, eof=0
[2026-03-19 12:10:53.557] [info] [thread 31788] audio_stream: 1, video_stream: 0
[2026-03-19 12:10:53.587] [info] [thread 31788] read_thread loop: ret=0, pkt->stream_index=1, audioq.size=23104, videoq.size=600827, eof=0
[2026-03-19 12:10:53.587] [info] [thread 31788] audio_stream: 1, video_stream: 0
[2026-03-19 12:10:53.588] [info] [thread 31788] audio packet pts: 601088, audio_pkt_size=350
[2026-03-19 12:10:53.588] [info] [thread 31788] read_thread loop: ret=0, pkt->stream_index=0, audioq.size=23574, videoq.size=600827, eof=0
[2026-03-19 12:10:53.588] [info] [thread 31788] audio_stream: 1, video_stream: 0
[2026-03-19 12:10:53.590] [info] [thread 28368] audio.nb_samples=1024, channels=2, channel_layout=stereo, format=8, sample_rate=44100
[2026-03-19 12:10:53.590] [info] [thread 28368] audio frame data pointers: data[0]=0x21914290a00, data[1]=0x2191428a400
[2026-03-19 12:10:53.619] [info] [thread 31788] read_thread loop: ret=0, pkt->stream_index=0, audioq.size=23076, videoq.size=598328, eof=0
[2026-03-19 12:10:53.619] [info] [thread 31788] audio_stream: 1, video_stream: 0
[2026-03-19 12:10:53.630] [info] [thread 28368] audio.nb_samples=1024, channels=2, channel_layout=stereo, format=8, sample_rate=44100
[2026-03-19 12:10:53.630] [info] [thread 28368] audio frame data pointers: data[0]=0x21914788040, data[1]=0x2191478a0c0
[2026-03-19 12:10:53.652] [info] [thread 31788] read_thread loop: ret=0, pkt->stream_index=1, audioq.size=22634, videoq.size=582744, eof=0
[2026-03-19 12:10:53.652] [info] [thread 31788] audio_stream: 1, video_stream: 0
[2026-03-19 12:10:53.652] [info] [thread 31788] audio packet pts: 602112, audio_pkt_size=366
[2026-03-19 12:10:53.653] [info] [thread 31788] read_thread loop: ret=0, pkt->stream_index=0, audioq.size=23120, videoq.size=582744, eof=0
[2026-03-19 12:10:53.653] [info] [thread 31788] audio_stream: 1, video_stream: 0
[2026-03-19 12:10:53.680] [info] [thread 28368] audio.nb_samples=1024, channels=2, channel_layout=stereo, format=8, sample_rate=44100
[2026-03-19 12:10:53.680] [info] [thread 28368] audio frame data pointers: data[0]=0x21916b27480, data[1]=0x21916f92a00
[2026-03-19 12:10:53.684] [info] [thread 31788] read_thread loop: ret=0, pkt->stream_index=1, audioq.size=22647, videoq.size=582198, eof=0
[2026-03-19 12:10:53.685] [info] [thread 31788] audio_stream: 1, video_stream: 0
[2026-03-19 12:10:53.685] [info] [thread 31788] audio packet pts: 603136, audio_pkt_size=354
[2026-03-19 12:10:53.686] [info] [thread 31788] read_thread loop: ret=0, pkt->stream_index=0, audioq.size=23121, videoq.size=582198, eof=0
[2026-03-19 12:10:53.686] [info] [thread 31788] audio_stream: 1, video_stream: 0
[2026-03-19 12:10:53.729] [info] [thread 31788] read_thread loop: ret=0, pkt->stream_index=0, audioq.size=23121, videoq.size=578375, eof=0
[2026-03-19 12:10:53.729] [info] [thread 31788] audio_stream: 1, video_stream: 0
[2026-03-19 12:10:53.730] [info] [thread 28368] audio.nb_samples=1024, channels=2, channel_layout=stereo, format=8, sample_rate=44100
[2026-03-19 12:10:53.730] [info] [thread 28368] audio frame data pointers: data[0]=0x21916f96e40, data[1]=0x21916f9b500
[2026-03-19 12:10:53.761] [info] [thread 31788] read_thread loop: ret=0, pkt->stream_index=1, audioq.size=22652, videoq.size=574390, eof=0
[2026-03-19 12:10:53.762] [info] [thread 31788] audio_stream: 1, video_stream: 0
[2026-03-19 12:10:53.762] [info] [thread 31788] audio packet pts: 604160, audio_pkt_size=365
[2026-03-19 12:10:53.762] [info] [thread 31788] read_thread loop: ret=0, pkt->stream_index=0, audioq.size=23137, videoq.size=574390, eof=0
[2026-03-19 12:10:53.762] [info] [thread 31788] audio_stream: 1, video_stream: 0
[2026-03-19 12:10:53.770] [info] [thread 28368] audio.nb_samples=1024, channels=2, channel_layout=stereo, format=8, sample_rate=44100
[2026-03-19 12:10:53.770] [info] [thread 28368] audio frame data pointers: data[0]=0x21916a5bb00, data[1]=0x21916f98e80
[2026-03-19 12:10:53.794] [info] [thread 31788] read_thread loop: ret=0, pkt->stream_index=1, audioq.size=22675, videoq.size=560835, eof=0
[2026-03-19 12:10:53.794] [info] [thread 31788] audio_stream: 1, video_stream: 0
[2026-03-19 12:10:53.795] [info] [thread 31788] audio packet pts: 605184, audio_pkt_size=370
[2026-03-19 12:10:53.795] [info] [thread 31788] read_thread loop: ret=0, pkt->stream_index=0, audioq.size=23165, videoq.size=560835, eof=0
[2026-03-19 12:10:53.796] [info] [thread 31788] audio_stream: 1, video_stream: 0
[2026-03-19 12:10:53.817] [info] [thread 31788] read_thread loop: ret=0, pkt->stream_index=1, audioq.size=23165, videoq.size=560890, eof=0
[2026-03-19 12:10:53.817] [info] [thread 31788] audio_stream: 1, video_stream: 0
[2026-03-19 12:10:53.818] [info] [thread 31788] audio packet pts: 606208, audio_pkt_size=370
[2026-03-19 12:10:53.818] [info] [thread 31788] read_thread loop: ret=0, pkt->stream_index=0, audioq.size=23655, videoq.size=560890, eof=0
[2026-03-19 12:10:53.819] [info] [thread 31788] audio_stream: 1, video_stream: 0
[2026-03-19 12:10:53.820] [info] [thread 28368] audio.nb_samples=1024, channels=2, channel_layout=stereo, format=8, sample_rate=44100
[2026-03-19 12:10:53.820] [info] [thread 28368] audio frame data pointers: data[0]=0x21916a5db80, data[1]=0x2191427f980
[2026-03-19 12:10:53.850] [info] [thread 31788] read_thread loop: ret=0, pkt->stream_index=0, audioq.size=23191, videoq.size=558455, eof=0
[2026-03-19 12:10:53.851] [info] [thread 31788] audio_stream: 1, video_stream: 0
[2026-03-19 12:10:53.870] [info] [thread 28368] audio.nb_samples=1024, channels=2, channel_layout=stereo, format=8, sample_rate=44100
[2026-03-19 12:10:53.870] [info] [thread 28368] audio frame data pointers: data[0]=0x21914279380, data[1]=0x2191427b580
[2026-03-19 12:10:53.882] [info] [thread 31788] read_thread loop: ret=0, pkt->stream_index=1, audioq.size=22718, videoq.size=554275, eof=0
[2026-03-19 12:10:53.882] [info] [thread 31788] audio_stream: 1, video_stream: 0
[2026-03-19 12:10:53.882] [info] [thread 31788] audio packet pts: 607232, audio_pkt_size=354
[2026-03-19 12:10:53.883] [info] [thread 31788] read_thread loop: ret=0, pkt->stream_index=0, audioq.size=23192, videoq.size=554275, eof=0
[2026-03-19 12:10:53.883] [info] [thread 31788] audio_stream: 1, video_stream: 0
[2026-03-19 12:10:53.910] [info] [thread 28368] audio.nb_samples=1024, channels=2, channel_layout=stereo, format=8, sample_rate=44100
[2026-03-19 12:10:53.910] [info] [thread 28368] audio frame data pointers: data[0]=0x21914281bc0, data[1]=0x21914283dc0
[2026-03-19 12:10:53.915] [info] [thread 31788] read_thread loop: ret=0, pkt->stream_index=1, audioq.size=22637, videoq.size=541834, eof=0
[2026-03-19 12:10:53.915] [info] [thread 31788] audio_stream: 1, video_stream: 0
[2026-03-19 12:10:53.916] [info] [thread 31788] audio packet pts: 608256, audio_pkt_size=357
[2026-03-19 12:10:53.917] [info] [thread 31788] read_thread loop: ret=0, pkt->stream_index=0, audioq.size=23114, videoq.size=541834, eof=0
[2026-03-19 12:10:53.917] [info] [thread 31788] audio_stream: 1, video_stream: 0
[2026-03-19 12:10:53.947] [info] [thread 31788] read_thread loop: ret=0, pkt->stream_index=0, audioq.size=23114, videoq.size=542105, eof=0
[2026-03-19 12:10:53.948] [info] [thread 31788] audio_stream: 1, video_stream: 0
[2026-03-19 12:10:53.960] [info] [thread 28368] audio.nb_samples=1024, channels=2, channel_layout=stereo, format=8, sample_rate=44100
[2026-03-19 12:10:53.960] [info] [thread 28368] audio frame data pointers: data[0]=0x2191427d780, data[1]=0x21914285fc0
[2026-03-19 12:10:53.979] [info] [thread 31788] read_thread loop: ret=0, pkt->stream_index=1, audioq.size=22638, videoq.size=538425, eof=0
[2026-03-19 12:10:53.979] [info] [thread 31788] audio_stream: 1, video_stream: 0
[2026-03-19 12:10:53.979] [info] [thread 31788] audio packet pts: 609280, audio_pkt_size=354
[2026-03-19 12:10:53.980] [info] [thread 31788] read_thread loop: ret=0, pkt->stream_index=0, audioq.size=23112, videoq.size=538425, eof=0
[2026-03-19 12:10:53.980] [info] [thread 31788] audio_stream: 1, video_stream: 0
[2026-03-19 12:10:54.010] [info] [thread 28368] audio.nb_samples=1024, channels=2, channel_layout=stereo, format=8, sample_rate=44100
[2026-03-19 12:10:54.010] [info] [thread 28368] audio frame data pointers: data[0]=0x219142881c0, data[1]=0x2191428c600
[2026-03-19 12:10:54.011] [info] [thread 31788] read_thread loop: ret=0, pkt->stream_index=1, audioq.size=22643, videoq.size=527189, eof=0
[2026-03-19 12:10:54.011] [info] [thread 31788] audio_stream: 1, video_stream: 0
[2026-03-19 12:10:54.011] [info] [thread 31788] audio packet pts: 610304, audio_pkt_size=367
[2026-03-19 12:10:54.012] [info] [thread 31788] read_thread loop: ret=0, pkt->stream_index=0, audioq.size=23130, videoq.size=527189, eof=0
[2026-03-19 12:10:54.012] [info] [thread 31788] audio_stream: 1, video_stream: 0
[2026-03-19 12:10:54.043] [info] [thread 31788] read_thread loop: ret=0, pkt->stream_index=1, audioq.size=23130, videoq.size=518338, eof=0
[2026-03-19 12:10:54.043] [info] [thread 31788] audio_stream: 1, video_stream: 0
[2026-03-19 12:10:54.044] [info] [thread 31788] audio packet pts: 611328, audio_pkt_size=365
[2026-03-19 12:10:54.044] [info] [thread 31788] read_thread loop: ret=0, pkt->stream_index=0, audioq.size=23615, videoq.size=518338, eof=0
[2026-03-19 12:10:54.044] [info] [thread 31788] audio_stream: 1, video_stream: 0
[2026-03-19 12:10:54.050] [info] [thread 28368] audio.nb_samples=1024, channels=2, channel_layout=stereo, format=8, sample_rate=44100
[2026-03-19 12:10:54.050] [info] [thread 28368] audio frame data pointers: data[0]=0x2191428a400, data[1]=0x21914290a00
[2026-03-19 12:10:54.086] [info] [thread 31788] read_thread loop: ret=0, pkt->stream_index=0, audioq.size=23135, videoq.size=518696, eof=0
[2026-03-19 12:10:54.087] [info] [thread 31788] audio_stream: 1, video_stream: 0
[2026-03-19 12:10:54.100] [info] [thread 28368] audio.nb_samples=1024, channels=2, channel_layout=stereo, format=8, sample_rate=44100
[2026-03-19 12:10:54.100] [info] [thread 28368] audio frame data pointers: data[0]=0x2191478a0c0, data[1]=0x21914788040
[2026-03-19 12:10:54.119] [info] [thread 31788] read_thread loop: ret=0, pkt->stream_index=1, audioq.size=22654, videoq.size=515371, eof=0
[2026-03-19 12:10:54.120] [info] [thread 31788] audio_stream: 1, video_stream: 0
[2026-03-19 12:10:54.120] [info] [thread 31788] audio packet pts: 612352, audio_pkt_size=367
[2026-03-19 12:10:54.120] [info] [thread 31788] read_thread loop: ret=0, pkt->stream_index=0, audioq.size=23141, videoq.size=515371, eof=0
[2026-03-19 12:10:54.121] [info] [thread 31788] audio_stream: 1, video_stream: 0
[2026-03-19 12:10:54.140] [info] [thread 28368] audio.nb_samples=1024, channels=2, channel_layout=stereo, format=8, sample_rate=44100
[2026-03-19 12:10:54.140] [info] [thread 28368] audio frame data pointers: data[0]=0x21916f92a00, data[1]=0x21916b27480
[2026-03-19 12:10:54.152] [info] [thread 31788] read_thread loop: ret=0, pkt->stream_index=1, audioq.size=22656, videoq.size=500277, eof=0
[2026-03-19 12:10:54.152] [info] [thread 31788] audio_stream: 1, video_stream: 0
[2026-03-19 12:10:54.153] [info] [thread 31788] audio packet pts: 613376, audio_pkt_size=365
[2026-03-19 12:10:54.153] [info] [thread 31788] read_thread loop: ret=0, pkt->stream_index=0, audioq.size=23141, videoq.size=500277, eof=0
[2026-03-19 12:10:54.153] [info] [thread 31788] audio_stream: 1, video_stream: 0
[2026-03-19 12:10:54.183] [info] [thread 31788] read_thread loop: ret=0, pkt->stream_index=0, audioq.size=23141, videoq.size=492262, eof=0
[2026-03-19 12:10:54.184] [info] [thread 31788] audio_stream: 1, video_stream: 0
[2026-03-19 12:10:54.190] [info] [thread 28368] audio.nb_samples=1024, channels=2, channel_layout=stereo, format=8, sample_rate=44100
[2026-03-19 12:10:54.190] [info] [thread 28368] audio frame data pointers: data[0]=0x21916f9b500, data[1]=0x21916f96e40
[2026-03-19 12:10:54.228] [info] [thread 31788] read_thread loop: ret=0, pkt->stream_index=1, audioq.size=22652, videoq.size=493482, eof=0
[2026-03-19 12:10:54.228] [info] [thread 31788] audio_stream: 1, video_stream: 0
[2026-03-19 12:10:54.229] [info] [thread 31788] audio packet pts: 614400, audio_pkt_size=375
[2026-03-19 12:10:54.230] [info] [thread 31788] read_thread loop: ret=0, pkt->stream_index=0, audioq.size=23147, videoq.size=493482, eof=0
[2026-03-19 12:10:54.230] [info] [thread 31788] audio_stream: 1, video_stream: 0
[2026-03-19 12:10:54.240] [info] [thread 28368] audio.nb_samples=1024, channels=2, channel_layout=stereo, format=8, sample_rate=44100
[2026-03-19 12:10:54.240] [info] [thread 28368] audio frame data pointers: data[0]=0x21916f98e80, data[1]=0x21916a5bb00
[2026-03-19 12:10:54.260] [info] [thread 31788] read_thread loop: ret=0, pkt->stream_index=1, audioq.size=22666, videoq.size=489768, eof=0
[2026-03-19 12:10:54.261] [info] [thread 31788] audio_stream: 1, video_stream: 0
[2026-03-19 12:10:54.262] [info] [thread 31788] audio packet pts: 615424, audio_pkt_size=360
[2026-03-19 12:10:54.262] [info] [thread 31788] read_thread loop: ret=0, pkt->stream_index=0, audioq.size=23146, videoq.size=489768, eof=0
[2026-03-19 12:10:54.262] [info] [thread 31788] audio_stream: 1, video_stream: 0
[2026-03-19 12:10:54.280] [info] [thread 28368] audio.nb_samples=1024, channels=2, channel_layout=stereo, format=8, sample_rate=44100
[2026-03-19 12:10:54.280] [info] [thread 28368] audio frame data pointers: data[0]=0x2191427f980, data[1]=0x21916a5db80
[2026-03-19 12:10:54.285] [info] [thread 31788] read_thread loop: ret=0, pkt->stream_index=1, audioq.size=22641, videoq.size=475915, eof=0
[2026-03-19 12:10:54.285] [info] [thread 31788] audio_stream: 1, video_stream: 0
[2026-03-19 12:10:54.286] [info] [thread 31788] audio packet pts: 616448, audio_pkt_size=357
[2026-03-19 12:10:54.286] [info] [thread 31788] read_thread loop: ret=0, pkt->stream_index=0, audioq.size=23118, videoq.size=475915, eof=0
[2026-03-19 12:10:54.286] [info] [thread 31788] audio_stream: 1, video_stream: 0
[2026-03-19 12:10:54.318] [info] [thread 31788] read_thread loop: ret=0, pkt->stream_index=0, audioq.size=23118, videoq.size=468424, eof=0
[2026-03-19 12:10:54.318] [info] [thread 31788] audio_stream: 1, video_stream: 0
[2026-03-19 12:10:54.330] [info] [thread 28368] audio.nb_samples=1024, channels=2, channel_layout=stereo, format=8, sample_rate=44100
[2026-03-19 12:10:54.330] [info] [thread 28368] audio frame data pointers: data[0]=0x2191427b580, data[1]=0x21914279380
[2026-03-19 12:10:54.351] [info] [thread 31788] read_thread loop: ret=0, pkt->stream_index=1, audioq.size=22584, videoq.size=459888, eof=0
[2026-03-19 12:10:54.352] [info] [thread 31788] audio_stream: 1, video_stream: 0
[2026-03-19 12:10:54.352] [info] [thread 31788] audio packet pts: 617472, audio_pkt_size=407
[2026-03-19 12:10:54.353] [info] [thread 31788] read_thread loop: ret=0, pkt->stream_index=0, audioq.size=23111, videoq.size=459888, eof=0
[2026-03-19 12:10:54.354] [info] [thread 31788] audio_stream: 1, video_stream: 0
[2026-03-19 12:10:54.380] [info] [thread 28368] audio.nb_samples=1024, channels=2, channel_layout=stereo, format=8, sample_rate=44100
[2026-03-19 12:10:54.380] [info] [thread 28368] audio frame data pointers: data[0]=0x21914283dc0, data[1]=0x21914281bc0
[2026-03-19 12:10:54.385] [info] [thread 31788] read_thread loop: ret=0, pkt->stream_index=1, audioq.size=22616, videoq.size=451080, eof=0
[2026-03-19 12:10:54.386] [info] [thread 31788] audio_stream: 1, video_stream: 0
[2026-03-19 12:10:54.386] [info] [thread 31788] audio packet pts: 618496, audio_pkt_size=370
[2026-03-19 12:10:54.387] [info] [thread 31788] read_thread loop: ret=0, pkt->stream_index=0, audioq.size=23106, videoq.size=451080, eof=0
[2026-03-19 12:10:54.387] [info] [thread 31788] audio_stream: 1, video_stream: 0
[2026-03-19 12:10:54.417] [info] [thread 31788] read_thread loop: ret=0, pkt->stream_index=0, audioq.size=23106, videoq.size=435955, eof=0
[2026-03-19 12:10:54.418] [info] [thread 31788] audio_stream: 1, video_stream: 0
[2026-03-19 12:10:54.420] [info] [thread 28368] audio.nb_samples=1024, channels=2, channel_layout=stereo, format=8, sample_rate=44100
[2026-03-19 12:10:54.420] [info] [thread 28368] audio frame data pointers: data[0]=0x21914285fc0, data[1]=0x2191427d780
[2026-03-19 12:10:54.450] [info] [thread 31788] read_thread loop: ret=0, pkt->stream_index=1, audioq.size=22635, videoq.size=427244, eof=0
[2026-03-19 12:10:54.451] [info] [thread 31788] audio_stream: 1, video_stream: 0
[2026-03-19 12:10:54.451] [info] [thread 31788] audio packet pts: 619520, audio_pkt_size=369
[2026-03-19 12:10:54.452] [info] [thread 31788] read_thread loop: ret=0, pkt->stream_index=0, audioq.size=23124, videoq.size=427244, eof=0
[2026-03-19 12:10:54.453] [info] [thread 31788] audio_stream: 1, video_stream: 0
[2026-03-19 12:10:54.470] [info] [thread 28368] audio.nb_samples=1024, channels=2, channel_layout=stereo, format=8, sample_rate=44100
[2026-03-19 12:10:54.470] [info] [thread 28368] audio frame data pointers: data[0]=0x2191428c600, data[1]=0x219142881c0
[2026-03-19 12:10:54.495] [info] [thread 31788] read_thread loop: ret=0, pkt->stream_index=1, audioq.size=22648, videoq.size=414635, eof=0
[2026-03-19 12:10:54.496] [info] [thread 31788] audio_stream: 1, video_stream: 0
[2026-03-19 12:10:54.496] [info] [thread 31788] audio packet pts: 620544, audio_pkt_size=362
[2026-03-19 12:10:54.497] [info] [thread 31788] read_thread loop: ret=0, pkt->stream_index=0, audioq.size=23130, videoq.size=414635, eof=0
[2026-03-19 12:10:54.497] [info] [thread 31788] audio_stream: 1, video_stream: 0
[2026-03-19 12:10:54.520] [info] [thread 28368] audio.nb_samples=1024, channels=2, channel_layout=stereo, format=8, sample_rate=44100
[2026-03-19 12:10:54.520] [info] [thread 28368] audio frame data pointers: data[0]=0x21914290a00, data[1]=0x2191428a400
[2026-03-19 12:10:54.528] [info] [thread 31788] read_thread loop: ret=0, pkt->stream_index=1, audioq.size=22652, videoq.size=406170, eof=0
[2026-03-19 12:10:54.528] [info] [thread 31788] audio_stream: 1, video_stream: 0
[2026-03-19 12:10:54.529] [info] [thread 31788] audio packet pts: 621568, audio_pkt_size=365
[2026-03-19 12:10:54.529] [info] [thread 31788] read_thread loop: ret=0, pkt->stream_index=0, audioq.size=23137, videoq.size=406170, eof=0
[2026-03-19 12:10:54.529] [info] [thread 31788] audio_stream: 1, video_stream: 0
[2026-03-19 12:10:54.560] [info] [thread 28368] audio.nb_samples=1024, channels=2, channel_layout=stereo, format=8, sample_rate=44100
[2026-03-19 12:10:54.560] [info] [thread 31788] read_thread loop: ret=0, pkt->stream_index=0, audioq.size=23137, videoq.size=400291, eof=0
[2026-03-19 12:10:54.560] [info] [thread 28368] audio frame data pointers: data[0]=0x21914788040, data[1]=0x2191478a0c0
[2026-03-19 12:10:54.560] [info] [thread 31788] audio_stream: 1, video_stream: 0
[2026-03-19 12:10:54.591] [info] [thread 31788] read_thread loop: ret=0, pkt->stream_index=1, audioq.size=22651, videoq.size=381156, eof=0
[2026-03-19 12:10:54.592] [info] [thread 31788] audio_stream: 1, video_stream: 0
[2026-03-19 12:10:54.592] [info] [thread 31788] audio packet pts: 622592, audio_pkt_size=357
[2026-03-19 12:10:54.593] [info] [thread 31788] read_thread loop: ret=0, pkt->stream_index=0, audioq.size=23128, videoq.size=381156, eof=0
[2026-03-19 12:10:54.593] [info] [thread 31788] audio_stream: 1, video_stream: 0
[2026-03-19 12:10:54.610] [info] [thread 28368] audio.nb_samples=1024, channels=2, channel_layout=stereo, format=8, sample_rate=44100
[2026-03-19 12:10:54.610] [info] [thread 28368] audio frame data pointers: data[0]=0x21916b27480, data[1]=0x21916f92a00
[2026-03-19 12:10:54.614] [info] [thread 31788] read_thread loop: ret=0, pkt->stream_index=1, audioq.size=22628, videoq.size=384828, eof=0
[2026-03-19 12:10:54.615] [info] [thread 31788] audio_stream: 1, video_stream: 0
[2026-03-19 12:10:54.615] [info] [thread 31788] audio packet pts: 623616, audio_pkt_size=368
[2026-03-19 12:10:54.616] [info] [thread 31788] read_thread loop: ret=0, pkt->stream_index=0, audioq.size=23116, videoq.size=384828, eof=0
[2026-03-19 12:10:54.616] [info] [thread 31788] audio_stream: 1, video_stream: 0
[2026-03-19 12:10:54.649] [info] [thread 31788] read_thread loop: ret=0, pkt->stream_index=0, audioq.size=23116, videoq.size=381562, eof=0
[2026-03-19 12:10:54.649] [info] [thread 31788] audio_stream: 1, video_stream: 0
[2026-03-19 12:10:54.660] [info] [thread 28368] audio.nb_samples=1024, channels=2, channel_layout=stereo, format=8, sample_rate=44100
[2026-03-19 12:10:54.660] [info] [thread 28368] audio frame data pointers: data[0]=0x21916f96e40, data[1]=0x21916f9b500
[2026-03-19 12:10:54.681] [info] [thread 31788] read_thread loop: ret=0, pkt->stream_index=1, audioq.size=22625, videoq.size=377382, eof=0
[2026-03-19 12:10:54.682] [info] [thread 31788] audio_stream: 1, video_stream: 0
[2026-03-19 12:10:54.682] [info] [thread 31788] audio packet pts: 624640, audio_pkt_size=363
[2026-03-19 12:10:54.682] [info] [thread 31788] read_thread loop: ret=0, pkt->stream_index=0, audioq.size=23108, videoq.size=377382, eof=0
[2026-03-19 12:10:54.683] [info] [thread 31788] audio_stream: 1, video_stream: 0
[2026-03-19 12:10:54.700] [info] [thread 28368] audio.nb_samples=1024, channels=2, channel_layout=stereo, format=8, sample_rate=44100
[2026-03-19 12:10:54.700] [info] [thread 28368] audio frame data pointers: data[0]=0x21916a5bb00, data[1]=0x21916f98e80
[2026-03-19 12:10:54.714] [info] [thread 31788] read_thread loop: ret=0, pkt->stream_index=1, audioq.size=22620, videoq.size=361348, eof=0
[2026-03-19 12:10:54.715] [info] [thread 31788] audio_stream: 1, video_stream: 0
[2026-03-19 12:10:54.715] [info] [thread 31788] audio packet pts: 625664, audio_pkt_size=386
[2026-03-19 12:10:54.716] [info] [thread 31788] read_thread loop: ret=0, pkt->stream_index=0, audioq.size=23126, videoq.size=361348, eof=0
[2026-03-19 12:10:54.716] [info] [thread 31788] audio_stream: 1, video_stream: 0
[2026-03-19 12:10:54.747] [info] [thread 31788] read_thread loop: ret=0, pkt->stream_index=1, audioq.size=23126, videoq.size=363927, eof=0
[2026-03-19 12:10:54.747] [info] [thread 31788] audio_stream: 1, video_stream: 0
[2026-03-19 12:10:54.748] [info] [thread 31788] audio packet pts: 626688, audio_pkt_size=461
[2026-03-19 12:10:54.748] [info] [thread 31788] read_thread loop: ret=0, pkt->stream_index=0, audioq.size=23707, videoq.size=363927, eof=0
[2026-03-19 12:10:54.748] [info] [thread 31788] audio_stream: 1, video_stream: 0
[2026-03-19 12:10:54.750] [info] [thread 28368] audio.nb_samples=1024, channels=2, channel_layout=stereo, format=8, sample_rate=44100
[2026-03-19 12:10:54.750] [info] [thread 28368] audio frame data pointers: data[0]=0x21916a5db80, data[1]=0x2191427f980
[2026-03-19 12:10:54.790] [info] [thread 28368] audio.nb_samples=1024, channels=2, channel_layout=stereo, format=8, sample_rate=44100
[2026-03-19 12:10:54.790] [info] [thread 28368] audio frame data pointers: data[0]=0x21914279380, data[1]=0x2191427b580
[2026-03-19 12:10:54.791] [info] [thread 31788] read_thread loop: ret=0, pkt->stream_index=0, audioq.size=22733, videoq.size=363673, eof=0
[2026-03-19 12:10:54.792] [info] [thread 31788] audio_stream: 1, video_stream: 0
[2026-03-19 12:10:54.823] [info] [thread 31788] read_thread loop: ret=0, pkt->stream_index=1, audioq.size=22733, videoq.size=361386, eof=0
[2026-03-19 12:10:54.824] [info] [thread 31788] audio_stream: 1, video_stream: 0
[2026-03-19 12:10:54.824] [info] [thread 31788] audio packet pts: 627712, audio_pkt_size=433
[2026-03-19 12:10:54.825] [info] [thread 31788] read_thread loop: ret=0, pkt->stream_index=0, audioq.size=23286, videoq.size=361386, eof=0
[2026-03-19 12:10:54.825] [info] [thread 31788] audio_stream: 1, video_stream: 0
[2026-03-19 12:10:54.840] [info] [thread 28368] audio.nb_samples=1024, channels=2, channel_layout=stereo, format=8, sample_rate=44100
[2026-03-19 12:10:54.840] [info] [thread 28368] audio frame data pointers: data[0]=0x21914281bc0, data[1]=0x21914283dc0
[2026-03-19 12:10:54.855] [info] [thread 31788] read_thread loop: ret=0, pkt->stream_index=1, audioq.size=22803, videoq.size=348581, eof=0
[2026-03-19 12:10:54.856] [info] [thread 31788] audio_stream: 1, video_stream: 0
[2026-03-19 12:10:54.857] [info] [thread 31788] audio packet pts: 628736, audio_pkt_size=371
[2026-03-19 12:10:54.857] [info] [thread 31788] read_thread loop: ret=0, pkt->stream_index=0, audioq.size=23294, videoq.size=348581, eof=0
[2026-03-19 12:10:54.857] [info] [thread 31788] audio_stream: 1, video_stream: 0
[2026-03-19 12:10:54.879] [info] [thread 31788] read_thread loop: ret=0, pkt->stream_index=1, audioq.size=23294, videoq.size=352968, eof=0
[2026-03-19 12:10:54.879] [info] [thread 31788] audio_stream: 1, video_stream: 0
[2026-03-19 12:10:54.879] [info] [thread 31788] audio packet pts: 629760, audio_pkt_size=375
[2026-03-19 12:10:54.880] [info] [thread 31788] read_thread loop: ret=0, pkt->stream_index=0, audioq.size=23789, videoq.size=352968, eof=0
[2026-03-19 12:10:54.880] [info] [thread 31788] audio_stream: 1, video_stream: 0
[2026-03-19 12:10:54.890] [info] [thread 28368] audio.nb_samples=1024, channels=2, channel_layout=stereo, format=8, sample_rate=44100
[2026-03-19 12:10:54.890] [info] [thread 28368] audio frame data pointers: data[0]=0x2191427d780, data[1]=0x21914285fc0
[2026-03-19 12:10:54.911] [info] [thread 31788] read_thread loop: ret=0, pkt->stream_index=0, audioq.size=23312, videoq.size=355329, eof=0
[2026-03-19 12:10:54.912] [info] [thread 31788] audio_stream: 1, video_stream: 0
[2026-03-19 12:10:54.930] [info] [thread 28368] audio.nb_samples=1024, channels=2, channel_layout=stereo, format=8, sample_rate=44100
[2026-03-19 12:10:54.930] [info] [thread 28368] audio frame data pointers: data[0]=0x219142881c0, data[1]=0x2191428c600
[2026-03-19 12:10:54.964] [info] [thread 31788] read_thread loop: ret=0, pkt->stream_index=1, audioq.size=22825, videoq.size=354378, eof=0
[2026-03-19 12:10:54.965] [info] [thread 31788] audio_stream: 1, video_stream: 0
[2026-03-19 12:10:54.966] [info] [thread 31788] audio packet pts: 630784, audio_pkt_size=333
[2026-03-19 12:10:54.966] [info] [thread 31788] read_thread loop: ret=0, pkt->stream_index=0, audioq.size=23278, videoq.size=354378, eof=0
[2026-03-19 12:10:54.966] [info] [thread 31788] audio_stream: 1, video_stream: 0
[2026-03-19 12:10:54.980] [info] [thread 28368] audio.nb_samples=1024, channels=2, channel_layout=stereo, format=8, sample_rate=44100
[2026-03-19 12:10:54.980] [info] [thread 28368] audio frame data pointers: data[0]=0x2191428a400, data[1]=0x21914290a00
[2026-03-19 12:10:54.996] [info] [thread 31788] read_thread loop: ret=0, pkt->stream_index=1, audioq.size=22786, videoq.size=340445, eof=0
[2026-03-19 12:10:54.997] [info] [thread 31788] audio_stream: 1, video_stream: 0
[2026-03-19 12:10:54.997] [info] [thread 31788] audio packet pts: 631808, audio_pkt_size=334
[2026-03-19 12:10:54.998] [info] [thread 31788] read_thread loop: ret=0, pkt->stream_index=0, audioq.size=23240, videoq.size=340445, eof=0
[2026-03-19 12:10:54.998] [info] [thread 31788] audio_stream: 1, video_stream: 0
[2026-03-19 12:10:55.019] [info] [thread 31788] read_thread loop: ret=0, pkt->stream_index=0, audioq.size=23240, videoq.size=344991, eof=0
[2026-03-19 12:10:55.019] [info] [thread 31788] audio_stream: 1, video_stream: 0
[2026-03-19 12:10:55.030] [info] [thread 28368] audio.nb_samples=1024, channels=2, channel_layout=stereo, format=8, sample_rate=44100
[2026-03-19 12:10:55.030] [info] [thread 28368] audio frame data pointers: data[0]=0x2191478a0c0, data[1]=0x21914788040
[2026-03-19 12:10:55.060] [info] [thread 31788] read_thread loop: ret=0, pkt->stream_index=1, audioq.size=22749, videoq.size=344754, eof=0
[2026-03-19 12:10:55.061] [info] [thread 31788] audio_stream: 1, video_stream: 0
[2026-03-19 12:10:55.061] [info] [thread 31788] audio packet pts: 632832, audio_pkt_size=379
[2026-03-19 12:10:55.062] [info] [thread 31788] read_thread loop: ret=0, pkt->stream_index=0, audioq.size=23248, videoq.size=344754, eof=0
[2026-03-19 12:10:55.062] [info] [thread 31788] audio_stream: 1, video_stream: 0
[2026-03-19 12:10:55.070] [info] [thread 28368] audio.nb_samples=1024, channels=2, channel_layout=stereo, format=8, sample_rate=44100
[2026-03-19 12:10:55.071] [info] [thread 28368] audio frame data pointers: data[0]=0x21916f92a00, data[1]=0x21916b27480
[2026-03-19 12:10:55.083] [info] [thread 31788] read_thread loop: ret=0, pkt->stream_index=1, audioq.size=22737, videoq.size=343291, eof=0
[2026-03-19 12:10:55.084] [info] [thread 31788] audio_stream: 1, video_stream: 0
[2026-03-19 12:10:55.085] [info] [thread 31788] audio packet pts: 633856, audio_pkt_size=373
[2026-03-19 12:10:55.085] [info] [thread 31788] read_thread loop: ret=0, pkt->stream_index=0, audioq.size=23230, videoq.size=343291, eof=0
[2026-03-19 12:10:55.085] [info] [thread 31788] audio_stream: 1, video_stream: 0
[2026-03-19 12:10:55.116] [info] [thread 31788] read_thread loop: ret=0, pkt->stream_index=1, audioq.size=23230, videoq.size=328713, eof=0
[2026-03-19 12:10:55.117] [info] [thread 31788] audio_stream: 1, video_stream: 0
[2026-03-19 12:10:55.117] [info] [thread 31788] audio packet pts: 634880, audio_pkt_size=345
[2026-03-19 12:10:55.118] [info] [thread 31788] read_thread loop: ret=0, pkt->stream_index=0, audioq.size=23695, videoq.size=328713, eof=0
[2026-03-19 12:10:55.118] [info] [thread 31788] audio_stream: 1, video_stream: 0
[2026-03-19 12:10:55.120] [info] [thread 28368] audio.nb_samples=1024, channels=2, channel_layout=stereo, format=8, sample_rate=44100
[2026-03-19 12:10:55.120] [info] [thread 28368] audio frame data pointers: data[0]=0x21916f9b500, data[1]=0x21916f96e40
[2026-03-19 12:10:55.150] [info] [thread 31788] read_thread loop: ret=0, pkt->stream_index=0, audioq.size=23195, videoq.size=330592, eof=0
[2026-03-19 12:10:55.150] [info] [thread 31788] audio_stream: 1, video_stream: 0
[2026-03-19 12:10:55.170] [info] [thread 28368] audio.nb_samples=1024, channels=2, channel_layout=stereo, format=8, sample_rate=44100
[2026-03-19 12:10:55.170] [info] [thread 28368] audio frame data pointers: data[0]=0x21916f98e80, data[1]=0x21916a5bb00
[2026-03-19 12:10:55.180] [info] [thread 31788] read_thread loop: ret=0, pkt->stream_index=1, audioq.size=22709, videoq.size=328638, eof=0
[2026-03-19 12:10:55.181] [info] [thread 31788] audio_stream: 1, video_stream: 0
[2026-03-19 12:10:55.181] [info] [thread 31788] audio packet pts: 635904, audio_pkt_size=440
[2026-03-19 12:10:55.181] [info] [thread 31788] read_thread loop: ret=0, pkt->stream_index=0, audioq.size=23269, videoq.size=328638, eof=0
[2026-03-19 12:10:55.182] [info] [thread 31788] audio_stream: 1, video_stream: 0
[2026-03-19 12:10:55.210] [info] [thread 28368] audio.nb_samples=1024, channels=2, channel_layout=stereo, format=8, sample_rate=44100
[2026-03-19 12:10:55.210] [info] [thread 28368] audio frame data pointers: data[0]=0x2191427f980, data[1]=0x21916a5db80
[2026-03-19 12:10:55.213] [info] [thread 31788] read_thread loop: ret=0, pkt->stream_index=1, audioq.size=22779, videoq.size=326741, eof=0
[2026-03-19 12:10:55.214] [info] [thread 31788] audio_stream: 1, video_stream: 0
[2026-03-19 12:10:55.214] [info] [thread 31788] audio packet pts: 636928, audio_pkt_size=344
[2026-03-19 12:10:55.215] [info] [thread 31788] read_thread loop: ret=0, pkt->stream_index=0, audioq.size=23243, videoq.size=326741, eof=0
[2026-03-19 12:10:55.215] [info] [thread 31788] audio_stream: 1, video_stream: 0
[2026-03-19 12:10:55.246] [info] [thread 31788] read_thread loop: ret=0, pkt->stream_index=0, audioq.size=23243, videoq.size=317008, eof=0
[2026-03-19 12:10:55.247] [info] [thread 31788] audio_stream: 1, video_stream: 0
[2026-03-19 12:10:55.260] [info] [thread 28368] audio.nb_samples=1024, channels=2, channel_layout=stereo, format=8, sample_rate=44100
[2026-03-19 12:10:55.260] [info] [thread 28368] audio frame data pointers: data[0]=0x2191427b580, data[1]=0x21914279380
[2026-03-19 12:10:55.290] [info] [thread 31788] read_thread loop: ret=0, pkt->stream_index=1, audioq.size=22754, videoq.size=321798, eof=0
[2026-03-19 12:10:55.291] [info] [thread 31788] audio_stream: 1, video_stream: 0
[2026-03-19 12:10:55.291] [info] [thread 31788] audio packet pts: 637952, audio_pkt_size=379
[2026-03-19 12:10:55.292] [info] [thread 31788] read_thread loop: ret=0, pkt->stream_index=0, audioq.size=23253, videoq.size=321798, eof=0
[2026-03-19 12:10:55.292] [info] [thread 31788] audio_stream: 1, video_stream: 0
[2026-03-19 12:10:55.310] [info] [thread 28368] audio.nb_samples=1024, channels=2, channel_layout=stereo, format=8, sample_rate=44100
[2026-03-19 12:10:55.337] [info] [thread 31788] read_thread loop: ret=0, pkt->stream_index=1, audioq.size=22768, videoq.size=320451, eof=0
[2026-03-19 12:10:55.339] [info] [thread 28368] audio frame data pointers: data[0]=0x21914283dc0, data[1]=0x21914281bc0
[2026-03-19 12:10:55.340] [info] [thread 31788] audio_stream: 1, video_stream: 0
[2026-03-19 12:10:55.365] [info] [thread 31788] audio packet pts: 638976, audio_pkt_size=352
[2026-03-19 12:10:55.365] [info] [thread 31788] read_thread loop: ret=0, pkt->stream_index=0, audioq.size=23240, videoq.size=268276, eof=0
[2026-03-19 12:10:55.365] [info] [thread 31788] audio_stream: 1, video_stream: 0
[2026-03-19 12:10:55.365] [info] [thread 31788] read_thread loop: ret=0, pkt->stream_index=1, audioq.size=23240, videoq.size=270472, eof=0
[2026-03-19 12:10:55.390] [info] [thread 28368] audio.nb_samples=1024, channels=2, channel_layout=stereo, format=8, sample_rate=44100
[2026-03-19 12:10:55.479] [info] [thread 31788] audio_stream: 1, video_stream: 0
[2026-03-19 12:10:55.479] [info] [thread 28368] audio frame data pointers: data[0]=0x21914285fc0, data[1]=0x2191427d780
[2026-03-19 12:10:55.479] [info] [thread 31788] audio packet pts: 640000, audio_pkt_size=340
[2026-03-19 12:10:55.480] [info] [thread 31788] read_thread loop: ret=0, pkt->stream_index=0, audioq.size=23209, videoq.size=257625, eof=0
[2026-03-19 12:10:55.480] [info] [thread 31788] audio_stream: 1, video_stream: 0
[2026-03-19 12:10:55.481] [info] [thread 31788] read_thread loop: ret=0, pkt->stream_index=0, audioq.size=23209, videoq.size=261737, eof=0
[2026-03-19 12:10:55.481] [info] [thread 31788] audio_stream: 1, video_stream: 0
[2026-03-19 12:10:55.481] [info] [thread 31788] read_thread loop: ret=0, pkt->stream_index=1, audioq.size=23209, videoq.size=272947, eof=0
[2026-03-19 12:10:55.482] [info] [thread 31788] audio_stream: 1, video_stream: 0
[2026-03-19 12:10:55.482] [info] [thread 31788] audio packet pts: 641024, audio_pkt_size=362
[2026-03-19 12:10:55.482] [info] [thread 31788] read_thread loop: ret=0, pkt->stream_index=0, audioq.size=23691, videoq.size=272947, eof=0
[2026-03-19 12:10:55.483] [info] [thread 31788] audio_stream: 1, video_stream: 0
[2026-03-19 12:10:55.483] [info] [thread 31788] read_thread loop: ret=0, pkt->stream_index=1, audioq.size=23691, videoq.size=278101, eof=0
[2026-03-19 12:10:55.484] [info] [thread 31788] audio_stream: 1, video_stream: 0
[2026-03-19 12:10:55.484] [info] [thread 31788] audio packet pts: 642048, audio_pkt_size=347
[2026-03-19 12:10:55.484] [info] [thread 31788] read_thread loop: ret=0, pkt->stream_index=0, audioq.size=24158, videoq.size=278101, eof=0
[2026-03-19 12:10:55.485] [info] [thread 31788] audio_stream: 1, video_stream: 0
[2026-03-19 12:10:55.485] [info] [thread 31788] read_thread loop: ret=0, pkt->stream_index=0, audioq.size=24158, videoq.size=281707, eof=0
[2026-03-19 12:10:55.485] [info] [thread 31788] audio_stream: 1, video_stream: 0
[2026-03-19 12:10:55.520] [info] [thread 28368] audio.nb_samples=1024, channels=2, channel_layout=stereo, format=8, sample_rate=44100
[2026-03-19 12:10:55.528] [info] [thread 28368] audio frame data pointers: data[0]=0x2191428c600, data[1]=0x219142881c0
[2026-03-19 12:10:55.528] [info] [thread 31788] read_thread loop: ret=0, pkt->stream_index=1, audioq.size=23669, videoq.size=276668, eof=0
[2026-03-19 12:10:55.528] [info] [thread 31788] audio_stream: 1, video_stream: 0
[2026-03-19 12:10:55.528] [info] [thread 31788] audio packet pts: 643072, audio_pkt_size=373
[2026-03-19 12:10:55.529] [info] [thread 31788] read_thread loop: ret=0, pkt->stream_index=0, audioq.size=24162, videoq.size=276668, eof=0
[2026-03-19 12:10:55.529] [info] [thread 31788] audio_stream: 1, video_stream: 0
[2026-03-19 12:10:55.550] [info] [thread 31788] read_thread loop: ret=0, pkt->stream_index=1, audioq.size=24162, videoq.size=286596, eof=0
[2026-03-19 12:10:55.551] [info] [thread 31788] audio_stream: 1, video_stream: 0
[2026-03-19 12:10:55.551] [info] [thread 31788] audio packet pts: 644096, audio_pkt_size=355
[2026-03-19 12:10:55.551] [info] [thread 31788] read_thread loop: ret=0, pkt->stream_index=0, audioq.size=24637, videoq.size=286596, eof=0
[2026-03-19 12:10:55.551] [info] [thread 31788] audio_stream: 1, video_stream: 0
[2026-03-19 12:10:55.560] [info] [thread 28368] audio.nb_samples=1024, channels=2, channel_layout=stereo, format=8, sample_rate=44100
[2026-03-19 12:10:55.560] [info] [thread 28368] audio frame data pointers: data[0]=0x21914290a00, data[1]=0x2191428a400
[2026-03-19 12:10:55.583] [info] [thread 31788] read_thread loop: ret=0, pkt->stream_index=1, audioq.size=24149, videoq.size=290863, eof=0
[2026-03-19 12:10:55.583] [info] [thread 31788] audio_stream: 1, video_stream: 0
[2026-03-19 12:10:55.583] [info] [thread 31788] audio packet pts: 645120, audio_pkt_size=350
[2026-03-19 12:10:55.583] [info] [thread 31788] read_thread loop: ret=0, pkt->stream_index=0, audioq.size=24619, videoq.size=290863, eof=0
[2026-03-19 12:10:55.583] [info] [thread 31788] audio_stream: 1, video_stream: 0
[2026-03-19 12:10:55.610] [info] [thread 28368] audio.nb_samples=1024, channels=2, channel_layout=stereo, format=8, sample_rate=44100
[2026-03-19 12:10:55.610] [info] [thread 28368] audio frame data pointers: data[0]=0x21914788040, data[1]=0x2191478a0c0
[2026-03-19 12:10:55.614] [info] [thread 31788] read_thread loop: ret=0, pkt->stream_index=0, audioq.size=24131, videoq.size=293983, eof=0
[2026-03-19 12:10:55.615] [info] [thread 31788] audio_stream: 1, video_stream: 0
[2026-03-19 12:10:55.647] [info] [thread 31788] read_thread loop: ret=0, pkt->stream_index=1, audioq.size=24131, videoq.size=290303, eof=0
[2026-03-19 12:10:55.647] [info] [thread 31788] audio_stream: 1, video_stream: 0
[2026-03-19 12:10:55.648] [info] [thread 31788] audio packet pts: 646144, audio_pkt_size=355
[2026-03-19 12:10:55.648] [info] [thread 31788] read_thread loop: ret=0, pkt->stream_index=0, audioq.size=24606, videoq.size=290303, eof=0
[2026-03-19 12:10:55.648] [info] [thread 31788] audio_stream: 1, video_stream: 0
[2026-03-19 12:10:55.660] [info] [thread 28368] audio.nb_samples=1024, channels=2, channel_layout=stereo, format=8, sample_rate=44100
[2026-03-19 12:10:55.660] [info] [thread 28368] audio frame data pointers: data[0]=0x21916b27480, data[1]=0x21916f92a00
[2026-03-19 12:10:55.681] [info] [thread 31788] read_thread loop: ret=0, pkt->stream_index=1, audioq.size=24109, videoq.size=300024, eof=0
[2026-03-19 12:10:55.681] [info] [thread 31788] audio_stream: 1, video_stream: 0
[2026-03-19 12:10:55.682] [info] [thread 31788] audio packet pts: 647168, audio_pkt_size=357
[2026-03-19 12:10:55.682] [info] [thread 31788] read_thread loop: ret=0, pkt->stream_index=0, audioq.size=24586, videoq.size=300024, eof=0
[2026-03-19 12:10:55.683] [info] [thread 31788] audio_stream: 1, video_stream: 0
[2026-03-19 12:10:55.700] [info] [thread 28368] audio.nb_samples=1024, channels=2, channel_layout=stereo, format=8, sample_rate=44100
[2026-03-19 12:10:55.700] [info] [thread 28368] audio frame data pointers: data[0]=0x21916f96e40, data[1]=0x21916f9b500
[2026-03-19 12:10:55.714] [info] [thread 31788] read_thread loop: ret=0, pkt->stream_index=0, audioq.size=23985, videoq.size=303694, eof=0
[2026-03-19 12:10:55.715] [info] [thread 31788] audio_stream: 1, video_stream: 0
[2026-03-19 12:10:55.749] [info] [thread 31788] read_thread loop: ret=0, pkt->stream_index=1, audioq.size=23985, videoq.size=306384, eof=0
[2026-03-19 12:10:55.749] [info] [thread 31788] audio_stream: 1, video_stream: 0
[2026-03-19 12:10:55.750] [info] [thread 28368] audio.nb_samples=1024, channels=2, channel_layout=stereo, format=8, sample_rate=44100
[2026-03-19 12:10:55.750] [info] [thread 31788] audio packet pts: 648192, audio_pkt_size=375
[2026-03-19 12:10:55.750] [info] [thread 28368] audio frame data pointers: data[0]=0x21916a5bb00, data[1]=0x21916f98e80
[2026-03-19 12:10:55.751] [info] [thread 31788] read_thread loop: ret=0, pkt->stream_index=0, audioq.size=23968, videoq.size=306384, eof=0
[2026-03-19 12:10:55.752] [info] [thread 31788] audio_stream: 1, video_stream: 0
[2026-03-19 12:10:55.793] [info] [thread 31788] read_thread loop: ret=0, pkt->stream_index=1, audioq.size=23968, videoq.size=300416, eof=0
[2026-03-19 12:10:55.794] [info] [thread 31788] audio_stream: 1, video_stream: 0
[2026-03-19 12:10:55.794] [info] [thread 31788] audio packet pts: 649216, audio_pkt_size=365
[2026-03-19 12:10:55.795] [info] [thread 31788] read_thread loop: ret=0, pkt->stream_index=0, audioq.size=24453, videoq.size=300416, eof=0
[2026-03-19 12:10:55.795] [info] [thread 31788] audio_stream: 1, video_stream: 0
[2026-03-19 12:10:55.800] [info] [thread 28368] audio.nb_samples=1024, channels=2, channel_layout=stereo, format=8, sample_rate=44100
[2026-03-19 12:10:55.800] [info] [thread 28368] audio frame data pointers: data[0]=0x21916a5db80, data[1]=0x2191427f980
[2026-03-19 12:10:55.826] [info] [thread 31788] read_thread loop: ret=0, pkt->stream_index=1, audioq.size=23879, videoq.size=308608, eof=0
[2026-03-19 12:10:55.827] [info] [thread 31788] audio_stream: 1, video_stream: 0
[2026-03-19 12:10:55.827] [info] [thread 31788] audio packet pts: 650240, audio_pkt_size=386
[2026-03-19 12:10:55.828] [info] [thread 31788] read_thread loop: ret=0, pkt->stream_index=0, audioq.size=24385, videoq.size=308608, eof=0
[2026-03-19 12:10:55.828] [info] [thread 31788] audio_stream: 1, video_stream: 0
[2026-03-19 12:10:55.840] [info] [thread 28368] audio.nb_samples=1024, channels=2, channel_layout=stereo, format=8, sample_rate=44100
[2026-03-19 12:10:55.840] [info] [thread 28368] audio frame data pointers: data[0]=0x21914279380, data[1]=0x2191427b580
[2026-03-19 12:10:55.848] [info] [thread 31788] read_thread loop: ret=0, pkt->stream_index=0, audioq.size=23907, videoq.size=310990, eof=0
[2026-03-19 12:10:55.849] [info] [thread 31788] audio_stream: 1, video_stream: 0
[2026-03-19 12:10:55.880] [info] [thread 31788] read_thread loop: ret=0, pkt->stream_index=1, audioq.size=23907, videoq.size=311606, eof=0
[2026-03-19 12:10:55.880] [info] [thread 31788] audio_stream: 1, video_stream: 0
[2026-03-19 12:10:55.881] [info] [thread 31788] audio packet pts: 651264, audio_pkt_size=378
[2026-03-19 12:10:55.882] [info] [thread 31788] read_thread loop: ret=0, pkt->stream_index=0, audioq.size=24405, videoq.size=311606, eof=0
[2026-03-19 12:10:55.882] [info] [thread 31788] audio_stream: 1, video_stream: 0
[2026-03-19 12:10:55.890] [info] [thread 28368] audio.nb_samples=1024, channels=2, channel_layout=stereo, format=8, sample_rate=44100
[2026-03-19 12:10:55.890] [info] [thread 28368] audio frame data pointers: data[0]=0x21914281bc0, data[1]=0x21914283dc0
[2026-03-19 12:10:55.914] [info] [thread 31788] read_thread loop: ret=0, pkt->stream_index=1, audioq.size=23935, videoq.size=307622, eof=0
[2026-03-19 12:10:55.914] [info] [thread 31788] audio_stream: 1, video_stream: 0
[2026-03-19 12:10:55.915] [info] [thread 31788] audio packet pts: 652288, audio_pkt_size=387
[2026-03-19 12:10:55.916] [info] [thread 31788] read_thread loop: ret=0, pkt->stream_index=0, audioq.size=24442, videoq.size=307622, eof=0
[2026-03-19 12:10:55.916] [info] [thread 31788] audio_stream: 1, video_stream: 0
[2026-03-19 12:10:55.940] [info] [thread 28368] audio.nb_samples=1024, channels=2, channel_layout=stereo, format=8, sample_rate=44100
[2026-03-19 12:10:55.941] [info] [thread 28368] audio frame data pointers: data[0]=0x2191427d780, data[1]=0x21914285fc0
[2026-03-19 12:10:55.947] [info] [thread 31788] read_thread loop: ret=0, pkt->stream_index=1, audioq.size=23956, videoq.size=317888, eof=0
[2026-03-19 12:10:55.947] [info] [thread 31788] audio_stream: 1, video_stream: 0
[2026-03-19 12:10:55.948] [info] [thread 31788] audio packet pts: 653312, audio_pkt_size=369
[2026-03-19 12:10:55.948] [info] [thread 31788] read_thread loop: ret=0, pkt->stream_index=0, audioq.size=24445, videoq.size=317888, eof=0
[2026-03-19 12:10:55.949] [info] [thread 31788] audio_stream: 1, video_stream: 0
[2026-03-19 12:10:55.980] [info] [thread 28368] audio.nb_samples=1024, channels=2, channel_layout=stereo, format=8, sample_rate=44100
[2026-03-19 12:10:55.980] [info] [thread 28368] audio frame data pointers: data[0]=0x219142881c0, data[1]=0x2191428c600
[2026-03-19 12:10:55.981] [info] [thread 31788] read_thread loop: ret=0, pkt->stream_index=0, audioq.size=23971, videoq.size=324214, eof=0
[2026-03-19 12:10:55.981] [info] [thread 31788] audio_stream: 1, video_stream: 0
[2026-03-19 12:10:56.024] [info] [thread 31788] read_thread loop: ret=0, pkt->stream_index=1, audioq.size=23971, videoq.size=327078, eof=0
[2026-03-19 12:10:56.025] [info] [thread 31788] audio_stream: 1, video_stream: 0
[2026-03-19 12:10:56.025] [info] [thread 31788] audio packet pts: 654336, audio_pkt_size=469
[2026-03-19 12:10:56.026] [info] [thread 31788] read_thread loop: ret=0, pkt->stream_index=0, audioq.size=24560, videoq.size=327078, eof=0
[2026-03-19 12:10:56.026] [info] [thread 31788] audio_stream: 1, video_stream: 0
[2026-03-19 12:10:56.030] [info] [thread 28368] audio.nb_samples=1024, channels=2, channel_layout=stereo, format=8, sample_rate=44100
[2026-03-19 12:10:56.030] [info] [thread 28368] audio frame data pointers: data[0]=0x2191428a400, data[1]=0x21914290a00
[2026-03-19 12:10:56.057] [info] [thread 31788] read_thread loop: ret=0, pkt->stream_index=1, audioq.size=24075, videoq.size=324512, eof=0
[2026-03-19 12:10:56.057] [info] [thread 31788] audio_stream: 1, video_stream: 0
[2026-03-19 12:10:56.058] [info] [thread 31788] audio packet pts: 655360, audio_pkt_size=351
[2026-03-19 12:10:56.058] [info] [thread 31788] read_thread loop: ret=0, pkt->stream_index=0, audioq.size=24546, videoq.size=324512, eof=0
[2026-03-19 12:10:56.059] [info] [thread 31788] audio_stream: 1, video_stream: 0
[2026-03-19 12:10:56.080] [info] [thread 28368] audio.nb_samples=1024, channels=2, channel_layout=stereo, format=8, sample_rate=44100
[2026-03-19 12:10:56.080] [info] [thread 28368] audio frame data pointers: data[0]=0x2191478a0c0, data[1]=0x21914788040
[2026-03-19 12:10:56.090] [info] [thread 31788] read_thread loop: ret=0, pkt->stream_index=0, audioq.size=24056, videoq.size=337067, eof=0
[2026-03-19 12:10:56.090] [info] [thread 31788] audio_stream: 1, video_stream: 0
[2026-03-19 12:10:56.120] [info] [thread 28368] audio.nb_samples=1024, channels=2, channel_layout=stereo, format=8, sample_rate=44100
[2026-03-19 12:10:56.120] [info] [thread 28368] audio frame data pointers: data[0]=0x21916f92a00, data[1]=0x21916b27480
[2026-03-19 12:10:56.121] [info] [thread 31788] read_thread loop: ret=0, pkt->stream_index=1, audioq.size=23566, videoq.size=342157, eof=0
[2026-03-19 12:10:56.122] [info] [thread 31788] audio_stream: 1, video_stream: 0
[2026-03-19 12:10:56.122] [info] [thread 31788] audio packet pts: 656384, audio_pkt_size=353
[2026-03-19 12:10:56.122] [info] [thread 31788] read_thread loop: ret=0, pkt->stream_index=0, audioq.size=24039, videoq.size=342157, eof=0
[2026-03-19 12:10:56.123] [info] [thread 31788] audio_stream: 1, video_stream: 0
[2026-03-19 12:10:56.165] [info] [thread 31788] read_thread loop: ret=0, pkt->stream_index=1, audioq.size=24039, videoq.size=345884, eof=0
[2026-03-19 12:10:56.166] [info] [thread 31788] audio_stream: 1, video_stream: 0
[2026-03-19 12:10:56.166] [info] [thread 31788] audio packet pts: 657408, audio_pkt_size=356
[2026-03-19 12:10:56.167] [info] [thread 31788] read_thread loop: ret=0, pkt->stream_index=0, audioq.size=24515, videoq.size=345884, eof=0
[2026-03-19 12:10:56.167] [info] [thread 31788] audio_stream: 1, video_stream: 0
[2026-03-19 12:10:56.170] [info] [thread 28368] audio.nb_samples=1024, channels=2, channel_layout=stereo, format=8, sample_rate=44100
[2026-03-19 12:10:56.170] [info] [thread 28368] audio frame data pointers: data[0]=0x21916f9b500, data[1]=0x21916f96e40
[2026-03-19 12:10:56.199] [info] [thread 31788] read_thread loop: ret=0, pkt->stream_index=1, audioq.size=24041, videoq.size=343082, eof=0
[2026-03-19 12:10:56.199] [info] [thread 31788] audio_stream: 1, video_stream: 0
[2026-03-19 12:10:56.199] [info] [thread 31788] audio packet pts: 658432, audio_pkt_size=346
[2026-03-19 12:10:56.200] [info] [thread 31788] read_thread loop: ret=0, pkt->stream_index=0, audioq.size=24507, videoq.size=343082, eof=0
[2026-03-19 12:10:56.200] [info] [thread 31788] audio_stream: 1, video_stream: 0
[2026-03-19 12:10:56.220] [info] [thread 28368] audio.nb_samples=1024, channels=2, channel_layout=stereo, format=8, sample_rate=44100
[2026-03-19 12:10:56.220] [info] [thread 28368] audio frame data pointers: data[0]=0x21916f98e80, data[1]=0x21916a5bb00
[2026-03-19 12:10:56.232] [info] [thread 31788] read_thread loop: ret=0, pkt->stream_index=0, audioq.size=24030, videoq.size=355721, eof=0
[2026-03-19 12:10:56.233] [info] [thread 31788] audio_stream: 1, video_stream: 0
[2026-03-19 12:10:56.260] [info] [thread 28368] audio.nb_samples=1024, channels=2, channel_layout=stereo, format=8, sample_rate=44100
[2026-03-19 12:10:56.260] [info] [thread 28368] audio frame data pointers: data[0]=0x2191427f980, data[1]=0x21916a5db80
[2026-03-19 12:10:56.264] [info] [thread 31788] read_thread loop: ret=0, pkt->stream_index=1, audioq.size=23556, videoq.size=360361, eof=0
[2026-03-19 12:10:56.264] [info] [thread 31788] audio_stream: 1, video_stream: 0
[2026-03-19 12:10:56.265] [info] [thread 31788] audio packet pts: 659456, audio_pkt_size=356
[2026-03-19 12:10:56.265] [info] [thread 31788] read_thread loop: ret=0, pkt->stream_index=0, audioq.size=24032, videoq.size=360361, eof=0
[2026-03-19 12:10:56.265] [info] [thread 31788] audio_stream: 1, video_stream: 0
[2026-03-19 12:10:56.287] [info] [thread 31788] read_thread loop: ret=0, pkt->stream_index=1, audioq.size=24032, videoq.size=362807, eof=0
[2026-03-19 12:10:56.288] [info] [thread 31788] audio_stream: 1, video_stream: 0
[2026-03-19 12:10:56.288] [info] [thread 31788] audio packet pts: 660480, audio_pkt_size=365
[2026-03-19 12:10:56.289] [info] [thread 31788] read_thread loop: ret=0, pkt->stream_index=0, audioq.size=24517, videoq.size=362807, eof=0
[2026-03-19 12:10:56.289] [info] [thread 31788] audio_stream: 1, video_stream: 0
[2026-03-19 12:10:56.310] [info] [thread 28368] audio.nb_samples=1024, channels=2, channel_layout=stereo, format=8, sample_rate=44100
[2026-03-19 12:10:56.310] [info] [thread 28368] audio frame data pointers: data[0]=0x2191427b580, data[1]=0x21914279380
[2026-03-19 12:10:56.321] [info] [thread 31788] read_thread loop: ret=0, pkt->stream_index=0, audioq.size=24030, videoq.size=357994, eof=0
[2026-03-19 12:10:56.322] [info] [thread 31788] audio_stream: 1, video_stream: 0
[2026-03-19 12:10:56.350] [info] [thread 28368] audio.nb_samples=1024, channels=2, channel_layout=stereo, format=8, sample_rate=44100
[2026-03-19 12:10:56.351] [info] [thread 28368] audio frame data pointers: data[0]=0x21914283dc0, data[1]=0x21914281bc0
[2026-03-19 12:10:56.353] [info] [thread 31788] read_thread loop: ret=0, pkt->stream_index=1, audioq.size=23545, videoq.size=366211, eof=0
[2026-03-19 12:10:56.354] [info] [thread 31788] audio_stream: 1, video_stream: 0
[2026-03-19 12:10:56.354] [info] [thread 31788] audio packet pts: 661504, audio_pkt_size=367
[2026-03-19 12:10:56.355] [info] [thread 31788] read_thread loop: ret=0, pkt->stream_index=0, audioq.size=24032, videoq.size=366211, eof=0
[2026-03-19 12:10:56.355] [info] [thread 31788] audio_stream: 1, video_stream: 0
[2026-03-19 12:10:56.387] [info] [thread 31788] read_thread loop: ret=0, pkt->stream_index=1, audioq.size=24032, videoq.size=369271, eof=0
[2026-03-19 12:10:56.388] [info] [thread 31788] audio_stream: 1, video_stream: 0
[2026-03-19 12:10:56.389] [info] [thread 31788] audio packet pts: 662528, audio_pkt_size=362
[2026-03-19 12:10:56.389] [info] [thread 31788] read_thread loop: ret=0, pkt->stream_index=0, audioq.size=24514, videoq.size=369271, eof=0
[2026-03-19 12:10:56.389] [info] [thread 31788] audio_stream: 1, video_stream: 0
[2026-03-19 12:10:56.400] [info] [thread 28368] audio.nb_samples=1024, channels=2, channel_layout=stereo, format=8, sample_rate=44100
[2026-03-19 12:10:56.400] [info] [thread 28368] audio frame data pointers: data[0]=0x21914285fc0, data[1]=0x2191427d780
[2026-03-19 12:10:56.432] [info] [thread 31788] read_thread loop: ret=0, pkt->stream_index=1, audioq.size=24027, videoq.size=370202, eof=0
[2026-03-19 12:10:56.433] [info] [thread 31788] audio_stream: 1, video_stream: 0
[2026-03-19 12:10:56.433] [info] [thread 31788] audio packet pts: 663552, audio_pkt_size=361
[2026-03-19 12:10:56.433] [info] [thread 31788] read_thread loop: ret=0, pkt->stream_index=0, audioq.size=24508, videoq.size=370202, eof=0
[2026-03-19 12:10:56.434] [info] [thread 31788] audio_stream: 1, video_stream: 0
[2026-03-19 12:10:56.450] [info] [thread 28368] audio.nb_samples=1024, channels=2, channel_layout=stereo, format=8, sample_rate=44100
[2026-03-19 12:10:56.450] [info] [thread 28368] audio frame data pointers: data[0]=0x2191428c600, data[1]=0x219142881c0
[2026-03-19 12:10:56.465] [info] [thread 31788] read_thread loop: ret=0, pkt->stream_index=0, audioq.size=24023, videoq.size=366339, eof=0
[2026-03-19 12:10:56.465] [info] [thread 31788] audio_stream: 1, video_stream: 0
[2026-03-19 12:10:56.490] [info] [thread 28368] audio.nb_samples=1024, channels=2, channel_layout=stereo, format=8, sample_rate=44100
[2026-03-19 12:10:56.490] [info] [thread 28368] audio frame data pointers: data[0]=0x21914290a00, data[1]=0x2191428a400
[2026-03-19 12:10:56.497] [info] [thread 31788] read_thread loop: ret=0, pkt->stream_index=1, audioq.size=23528, videoq.size=372858, eof=0
[2026-03-19 12:10:56.497] [info] [thread 31788] audio_stream: 1, video_stream: 0
[2026-03-19 12:10:56.498] [info] [thread 31788] audio packet pts: 664576, audio_pkt_size=376
[2026-03-19 12:10:56.498] [info] [thread 31788] read_thread loop: ret=0, pkt->stream_index=0, audioq.size=24024, videoq.size=372858, eof=0
[2026-03-19 12:10:56.499] [info] [thread 31788] audio_stream: 1, video_stream: 0
[2026-03-19 12:10:56.519] [info] [thread 31788] read_thread loop: ret=0, pkt->stream_index=1, audioq.size=24024, videoq.size=376684, eof=0
[2026-03-19 12:10:56.519] [info] [thread 31788] audio_stream: 1, video_stream: 0
[2026-03-19 12:10:56.519] [info] [thread 31788] audio packet pts: 665600, audio_pkt_size=368
[2026-03-19 12:10:56.520] [info] [thread 31788] read_thread loop: ret=0, pkt->stream_index=0, audioq.size=24512, videoq.size=376684, eof=0
[2026-03-19 12:10:56.520] [info] [thread 31788] audio_stream: 1, video_stream: 0
[2026-03-19 12:10:56.540] [info] [thread 28368] audio.nb_samples=1024, channels=2, channel_layout=stereo, format=8, sample_rate=44100
[2026-03-19 12:10:56.540] [info] [thread 28368] audio frame data pointers: data[0]=0x21914788040, data[1]=0x2191478a0c0
[2026-03-19 12:10:56.553] [info] [thread 31788] read_thread loop: ret=0, pkt->stream_index=0, audioq.size=24032, videoq.size=377901, eof=0
[2026-03-19 12:10:56.553] [info] [thread 31788] audio_stream: 1, video_stream: 0
[2026-03-19 12:10:56.584] [info] [thread 31788] read_thread loop: ret=0, pkt->stream_index=1, audioq.size=24032, videoq.size=367402, eof=0
[2026-03-19 12:10:56.584] [info] [thread 31788] audio_stream: 1, video_stream: 0
[2026-03-19 12:10:56.585] [info] [thread 31788] audio packet pts: 666624, audio_pkt_size=360
[2026-03-19 12:10:56.586] [info] [thread 31788] read_thread loop: ret=0, pkt->stream_index=0, audioq.size=24512, videoq.size=367402, eof=0
[2026-03-19 12:10:56.586] [info] [thread 31788] audio_stream: 1, video_stream: 0
[2026-03-19 12:10:56.590] [info] [thread 28368] audio.nb_samples=1024, channels=2, channel_layout=stereo, format=8, sample_rate=44100
[2026-03-19 12:10:56.590] [info] [thread 28368] audio frame data pointers: data[0]=0x21916b27480, data[1]=0x21916f92a00
[2026-03-19 12:10:56.618] [info] [thread 31788] read_thread loop: ret=0, pkt->stream_index=1, audioq.size=24035, videoq.size=378077, eof=0
[2026-03-19 12:10:56.618] [info] [thread 31788] audio_stream: 1, video_stream: 0
[2026-03-19 12:10:56.619] [info] [thread 31788] audio packet pts: 667648, audio_pkt_size=368
[2026-03-19 12:10:56.619] [info] [thread 31788] read_thread loop: ret=0, pkt->stream_index=0, audioq.size=24523, videoq.size=378077, eof=0
[2026-03-19 12:10:56.619] [info] [thread 31788] audio_stream: 1, video_stream: 0
[2026-03-19 12:10:56.630] [info] [thread 28368] audio.nb_samples=1024, channels=2, channel_layout=stereo, format=8, sample_rate=44100
[2026-03-19 12:10:56.630] [info] [thread 28368] audio frame data pointers: data[0]=0x21916f96e40, data[1]=0x21916f9b500
[2026-03-19 12:10:56.650] [info] [thread 31788] read_thread loop: ret=0, pkt->stream_index=1, audioq.size=23996, videoq.size=382476, eof=0
[2026-03-19 12:10:56.650] [info] [thread 31788] audio_stream: 1, video_stream: 0
[2026-03-19 12:10:56.651] [info] [thread 31788] audio packet pts: 668672, audio_pkt_size=369
[2026-03-19 12:10:56.651] [info] [thread 31788] read_thread loop: ret=0, pkt->stream_index=0, audioq.size=24485, videoq.size=382476, eof=0
[2026-03-19 12:10:56.652] [info] [thread 31788] audio_stream: 1, video_stream: 0
[2026-03-19 12:10:56.680] [info] [thread 28368] audio.nb_samples=1024, channels=2, channel_layout=stereo, format=8, sample_rate=44100
[2026-03-19 12:10:56.680] [info] [thread 28368] audio frame data pointers: data[0]=0x21916a5bb00, data[1]=0x21916f98e80
[2026-03-19 12:10:56.683] [info] [thread 31788] read_thread loop: ret=0, pkt->stream_index=0, audioq.size=23995, videoq.size=385044, eof=0
[2026-03-19 12:10:56.683] [info] [thread 31788] audio_stream: 1, video_stream: 0
[2026-03-19 12:10:56.714] [info] [thread 31788] read_thread loop: ret=0, pkt->stream_index=1, audioq.size=23995, videoq.size=386885, eof=0
[2026-03-19 12:10:56.715] [info] [thread 31788] audio_stream: 1, video_stream: 0
[2026-03-19 12:10:56.715] [info] [thread 31788] audio packet pts: 669696, audio_pkt_size=371
[2026-03-19 12:10:56.716] [info] [thread 31788] read_thread loop: ret=0, pkt->stream_index=0, audioq.size=24486, videoq.size=386885, eof=0
[2026-03-19 12:10:56.716] [info] [thread 31788] audio_stream: 1, video_stream: 0
[2026-03-19 12:10:56.730] [info] [thread 28368] audio.nb_samples=1024, channels=2, channel_layout=stereo, format=8, sample_rate=44100
[2026-03-19 12:10:56.730] [info] [thread 28368] audio frame data pointers: data[0]=0x21916a5db80, data[1]=0x2191427f980
[2026-03-19 12:10:56.748] [info] [thread 31788] read_thread loop: ret=0, pkt->stream_index=1, audioq.size=23997, videoq.size=393781, eof=0
[2026-03-19 12:10:56.749] [info] [thread 31788] audio_stream: 1, video_stream: 0
[2026-03-19 12:10:56.749] [info] [thread 31788] audio packet pts: 670720, audio_pkt_size=393
[2026-03-19 12:10:56.749] [info] [thread 31788] read_thread loop: ret=0, pkt->stream_index=0, audioq.size=24510, videoq.size=393781, eof=0
[2026-03-19 12:10:56.750] [info] [thread 31788] audio_stream: 1, video_stream: 0
[2026-03-19 12:10:56.770] [info] [thread 28368] audio.nb_samples=1024, channels=2, channel_layout=stereo, format=8, sample_rate=44100
[2026-03-19 12:10:56.770] [info] [thread 28368] audio frame data pointers: data[0]=0x21914279380, data[1]=0x2191427b580
[2026-03-19 12:10:56.790] [info] [thread 31788] read_thread loop: ret=0, pkt->stream_index=0, audioq.size=24028, videoq.size=410148, eof=0
[2026-03-19 12:10:56.790] [info] [thread 31788] audio_stream: 1, video_stream: 0
[2026-03-19 12:10:56.820] [info] [thread 28368] audio.nb_samples=1024, channels=2, channel_layout=stereo, format=8, sample_rate=44100
[2026-03-19 12:10:56.820] [info] [thread 28368] audio frame data pointers: data[0]=0x21914281bc0, data[1]=0x21914283dc0
[2026-03-19 12:10:56.823] [info] [thread 31788] read_thread loop: ret=0, pkt->stream_index=1, audioq.size=23543, videoq.size=414475, eof=0
[2026-03-19 12:10:56.823] [info] [thread 31788] audio_stream: 1, video_stream: 0
[2026-03-19 12:10:56.823] [info] [thread 31788] audio packet pts: 671744, audio_pkt_size=363
[2026-03-19 12:10:56.823] [info] [thread 31788] read_thread loop: ret=0, pkt->stream_index=0, audioq.size=24026, videoq.size=414475, eof=0
[2026-03-19 12:10:56.824] [info] [thread 31788] audio_stream: 1, video_stream: 0
[2026-03-19 12:10:56.855] [info] [thread 31788] read_thread loop: ret=0, pkt->stream_index=1, audioq.size=24026, videoq.size=409709, eof=0
[2026-03-19 12:10:56.855] [info] [thread 31788] audio_stream: 1, video_stream: 0
[2026-03-19 12:10:56.856] [info] [thread 31788] audio packet pts: 672768, audio_pkt_size=369
[2026-03-19 12:10:56.857] [info] [thread 31788] read_thread loop: ret=0, pkt->stream_index=0, audioq.size=24515, videoq.size=409709, eof=0
[2026-03-19 12:10:56.857] [info] [thread 31788] audio_stream: 1, video_stream: 0
[2026-03-19 12:10:56.870] [info] [thread 28368] audio.nb_samples=1024, channels=2, channel_layout=stereo, format=8, sample_rate=44100
[2026-03-19 12:10:56.870] [info] [thread 28368] audio frame data pointers: data[0]=0x2191427d780, data[1]=0x21914285fc0
[2026-03-19 12:10:56.888] [info] [thread 31788] read_thread loop: ret=0, pkt->stream_index=1, audioq.size=24038, videoq.size=406626, eof=0
[2026-03-19 12:10:56.889] [info] [thread 31788] audio_stream: 1, video_stream: 0
[2026-03-19 12:10:56.889] [info] [thread 31788] audio packet pts: 673792, audio_pkt_size=388
[2026-03-19 12:10:56.890] [info] [thread 31788] read_thread loop: ret=0, pkt->stream_index=0, audioq.size=24546, videoq.size=406626, eof=0
[2026-03-19 12:10:56.890] [info] [thread 31788] audio_stream: 1, video_stream: 0
[2026-03-19 12:10:56.910] [info] [thread 28368] audio.nb_samples=1024, channels=2, channel_layout=stereo, format=8, sample_rate=44100
[2026-03-19 12:10:56.910] [info] [thread 28368] audio frame data pointers: data[0]=0x219142881c0, data[1]=0x2191428c600
[2026-03-19 12:10:56.933] [info] [thread 31788] read_thread loop: ret=0, pkt->stream_index=0, audioq.size=24058, videoq.size=416949, eof=0
[2026-03-19 12:10:56.934] [info] [thread 31788] audio_stream: 1, video_stream: 0
[2026-03-19 12:10:56.960] [info] [thread 28368] audio.nb_samples=1024, channels=2, channel_layout=stereo, format=8, sample_rate=44100
[2026-03-19 12:10:56.961] [info] [thread 28368] audio frame data pointers: data[0]=0x2191428a400, data[1]=0x21914290a00
[2026-03-19 12:10:56.966] [info] [thread 31788] read_thread loop: ret=0, pkt->stream_index=1, audioq.size=23575, videoq.size=418960, eof=0
[2026-03-19 12:10:56.967] [info] [thread 31788] audio_stream: 1, video_stream: 0
[2026-03-19 12:10:56.967] [info] [thread 31788] audio packet pts: 674816, audio_pkt_size=389
[2026-03-19 12:10:56.968] [info] [thread 31788] read_thread loop: ret=0, pkt->stream_index=0, audioq.size=24084, videoq.size=418960, eof=0
[2026-03-19 12:10:56.968] [info] [thread 31788] audio_stream: 1, video_stream: 0
[2026-03-19 12:10:56.989] [info] [thread 31788] read_thread loop: ret=0, pkt->stream_index=1, audioq.size=24084, videoq.size=409127, eof=0
[2026-03-19 12:10:56.990] [info] [thread 31788] audio_stream: 1, video_stream: 0
[2026-03-19 12:10:56.990] [info] [thread 31788] audio packet pts: 675840, audio_pkt_size=366
[2026-03-19 12:10:56.991] [info] [thread 31788] read_thread loop: ret=0, pkt->stream_index=0, audioq.size=24570, videoq.size=409127, eof=0
[2026-03-19 12:10:56.992] [info] [thread 31788] audio_stream: 1, video_stream: 0
[2026-03-19 12:10:57.000] [info] [thread 28368] audio.nb_samples=1024, channels=2, channel_layout=stereo, format=8, sample_rate=44100
[2026-03-19 12:10:57.000] [info] [thread 28368] audio frame data pointers: data[0]=0x2191478a0c0, data[1]=0x21914788040
[2026-03-19 12:10:57.013] [info] [thread 31788] read_thread loop: ret=0, pkt->stream_index=1, audioq.size=24064, videoq.size=406282, eof=0
[2026-03-19 12:10:57.013] [info] [thread 31788] audio_stream: 1, video_stream: 0
[2026-03-19 12:10:57.014] [info] [thread 31788] audio packet pts: 676864, audio_pkt_size=365
[2026-03-19 12:10:57.014] [info] [thread 31788] read_thread loop: ret=0, pkt->stream_index=0, audioq.size=24549, videoq.size=406282, eof=0
[2026-03-19 12:10:57.015] [info] [thread 31788] audio_stream: 1, video_stream: 0
[2026-03-19 12:10:57.050] [info] [thread 28368] audio.nb_samples=1024, channels=2, channel_layout=stereo, format=8, sample_rate=44100
[2026-03-19 12:10:57.050] [info] [thread 28368] audio frame data pointers: data[0]=0x21916f92a00, data[1]=0x21916b27480
[2026-03-19 12:10:57.057] [info] [thread 31788] read_thread loop: ret=0, pkt->stream_index=0, audioq.size=23968, videoq.size=418664, eof=0
[2026-03-19 12:10:57.058] [info] [thread 31788] audio_stream: 1, video_stream: 0
[2026-03-19 12:10:57.089] [info] [thread 31788] read_thread loop: ret=0, pkt->stream_index=1, audioq.size=23968, videoq.size=421956, eof=0
[2026-03-19 12:10:57.090] [info] [thread 31788] audio_stream: 1, video_stream: 0
[2026-03-19 12:10:57.090] [info] [thread 31788] audio packet pts: 677888, audio_pkt_size=361
[2026-03-19 12:10:57.091] [info] [thread 31788] read_thread loop: ret=0, pkt->stream_index=0, audioq.size=24449, videoq.size=421956, eof=0
[2026-03-19 12:10:57.091] [info] [thread 31788] audio_stream: 1, video_stream: 0
[2026-03-19 12:10:57.100] [info] [thread 28368] audio.nb_samples=1024, channels=2, channel_layout=stereo, format=8, sample_rate=44100
[2026-03-19 12:10:57.100] [info] [thread 28368] audio frame data pointers: data[0]=0x21916f9b500, data[1]=0x21916f96e40
[2026-03-19 12:10:57.122] [info] [thread 31788] read_thread loop: ret=0, pkt->stream_index=1, audioq.size=23896, videoq.size=415482, eof=0
[2026-03-19 12:10:57.122] [info] [thread 31788] audio_stream: 1, video_stream: 0
[2026-03-19 12:10:57.123] [info] [thread 31788] audio packet pts: 678912, audio_pkt_size=433
[2026-03-19 12:10:57.123] [info] [thread 31788] read_thread loop: ret=0, pkt->stream_index=0, audioq.size=24449, videoq.size=415482, eof=0
[2026-03-19 12:10:57.124] [info] [thread 31788] audio_stream: 1, video_stream: 0
[2026-03-19 12:10:57.140] [info] [thread 28368] audio.nb_samples=1024, channels=2, channel_layout=stereo, format=8, sample_rate=44100
[2026-03-19 12:10:57.140] [info] [thread 28368] audio frame data pointers: data[0]=0x21916f98e80, data[1]=0x21916a5bb00
[2026-03-19 12:10:57.165] [info] [thread 31788] read_thread loop: ret=0, pkt->stream_index=0, audioq.size=23958, videoq.size=416410, eof=0
[2026-03-19 12:10:57.166] [info] [thread 31788] audio_stream: 1, video_stream: 0
[2026-03-19 12:10:57.190] [info] [thread 28368] audio.nb_samples=1024, channels=2, channel_layout=stereo, format=8, sample_rate=44100
[2026-03-19 12:10:57.190] [info] [thread 28368] audio frame data pointers: data[0]=0x2191427f980, data[1]=0x21916a5db80
[2026-03-19 12:10:57.199] [info] [thread 31788] read_thread loop: ret=0, pkt->stream_index=1, audioq.size=23463, videoq.size=431761, eof=0
[2026-03-19 12:10:57.199] [info] [thread 31788] audio_stream: 1, video_stream: 0
[2026-03-19 12:10:57.199] [info] [thread 31788] audio packet pts: 679936, audio_pkt_size=366
[2026-03-19 12:10:57.200] [info] [thread 31788] read_thread loop: ret=0, pkt->stream_index=0, audioq.size=23949, videoq.size=431761, eof=0
[2026-03-19 12:10:57.200] [info] [thread 31788] audio_stream: 1, video_stream: 0
[2026-03-19 12:10:57.231] [info] [thread 31788] read_thread loop: ret=0, pkt->stream_index=1, audioq.size=23949, videoq.size=439281, eof=0
[2026-03-19 12:10:57.232] [info] [thread 31788] audio_stream: 1, video_stream: 0
[2026-03-19 12:10:57.233] [info] [thread 31788] audio packet pts: 680960, audio_pkt_size=407
[2026-03-19 12:10:57.233] [info] [thread 31788] read_thread loop: ret=0, pkt->stream_index=0, audioq.size=24476, videoq.size=439281, eof=0
[2026-03-19 12:10:57.234] [info] [thread 31788] audio_stream: 1, video_stream: 0
[2026-03-19 12:10:57.240] [info] [thread 28368] audio.nb_samples=1024, channels=2, channel_layout=stereo, format=8, sample_rate=44100
[2026-03-19 12:10:57.240] [info] [thread 28368] audio frame data pointers: data[0]=0x2191427b580, data[1]=0x21914279380
[2026-03-19 12:10:57.254] [info] [thread 31788] read_thread loop: ret=0, pkt->stream_index=1, audioq.size=24023, videoq.size=435846, eof=0
[2026-03-19 12:10:57.255] [info] [thread 31788] audio_stream: 1, video_stream: 0
[2026-03-19 12:10:57.255] [info] [thread 31788] audio packet pts: 681984, audio_pkt_size=390
[2026-03-19 12:10:57.256] [info] [thread 31788] read_thread loop: ret=0, pkt->stream_index=0, audioq.size=24533, videoq.size=435846, eof=0
[2026-03-19 12:10:57.256] [info] [thread 31788] audio_stream: 1, video_stream: 0
[2026-03-19 12:10:57.280] [info] [thread 28368] audio.nb_samples=1024, channels=2, channel_layout=stereo, format=8, sample_rate=44100
[2026-03-19 12:10:57.280] [info] [thread 28368] audio frame data pointers: data[0]=0x21914283dc0, data[1]=0x21914281bc0
[2026-03-19 12:10:57.289] [info] [thread 31788] read_thread loop: ret=0, pkt->stream_index=0, audioq.size=24079, videoq.size=438221, eof=0
[2026-03-19 12:10:57.289] [info] [thread 31788] audio_stream: 1, video_stream: 0
[2026-03-19 12:10:57.322] [info] [thread 31788] read_thread loop: ret=0, pkt->stream_index=1, audioq.size=24079, videoq.size=452919, eof=0
[2026-03-19 12:10:57.322] [info] [thread 31788] audio_stream: 1, video_stream: 0
[2026-03-19 12:10:57.323] [info] [thread 31788] audio packet pts: 683008, audio_pkt_size=367
[2026-03-19 12:10:57.323] [info] [thread 31788] read_thread loop: ret=0, pkt->stream_index=0, audioq.size=24566, videoq.size=452919, eof=0
[2026-03-19 12:10:57.324] [info] [thread 31788] audio_stream: 1, video_stream: 0
[2026-03-19 12:10:57.330] [info] [thread 28368] audio.nb_samples=1024, channels=2, channel_layout=stereo, format=8, sample_rate=44100
[2026-03-19 12:10:57.330] [info] [thread 28368] audio frame data pointers: data[0]=0x21914285fc0, data[1]=0x2191427d780
[2026-03-19 12:10:57.356] [info] [thread 31788] read_thread loop: ret=0, pkt->stream_index=1, audioq.size=24067, videoq.size=458510, eof=0
[2026-03-19 12:10:57.356] [info] [thread 31788] audio_stream: 1, video_stream: 0
[2026-03-19 12:10:57.357] [info] [thread 31788] audio packet pts: 684032, audio_pkt_size=355
[2026-03-19 12:10:57.357] [info] [thread 31788] read_thread loop: ret=0, pkt->stream_index=0, audioq.size=24542, videoq.size=458510, eof=0
[2026-03-19 12:10:57.358] [info] [thread 31788] audio_stream: 1, video_stream: 0
[2026-03-19 12:10:57.380] [info] [thread 28368] audio.nb_samples=1024, channels=2, channel_layout=stereo, format=8, sample_rate=44100
[2026-03-19 12:10:57.380] [info] [thread 31788] read_thread loop: ret=0, pkt->stream_index=0, audioq.size=24049, videoq.size=453814, eof=0
[2026-03-19 12:10:57.380] [info] [thread 28368] audio frame data pointers: data[0]=0x2191428c600, data[1]=0x219142881c0
[2026-03-19 12:10:57.381] [info] [thread 31788] audio_stream: 1, video_stream: 0
[2026-03-19 12:10:57.414] [info] [thread 31788] read_thread loop: ret=0, pkt->stream_index=1, audioq.size=24049, videoq.size=454240, eof=0
[2026-03-19 12:10:57.415] [info] [thread 31788] audio_stream: 1, video_stream: 0
[2026-03-19 12:10:57.415] [info] [thread 31788] audio packet pts: 685056, audio_pkt_size=356
[2026-03-19 12:10:57.415] [info] [thread 31788] read_thread loop: ret=0, pkt->stream_index=0, audioq.size=24525, videoq.size=454240, eof=0
[2026-03-19 12:10:57.416] [info] [thread 31788] audio_stream: 1, video_stream: 0
[2026-03-19 12:10:57.420] [info] [thread 28368] audio.nb_samples=1024, channels=2, channel_layout=stereo, format=8, sample_rate=44100
[2026-03-19 12:10:57.420] [info] [thread 28368] audio frame data pointers: data[0]=0x21914290a00, data[1]=0x2191428a400
[2026-03-19 12:10:57.448] [info] [thread 31788] read_thread loop: ret=0, pkt->stream_index=1, audioq.size=24060, videoq.size=468093, eof=0
[2026-03-19 12:10:57.449] [info] [thread 31788] audio_stream: 1, video_stream: 0
[2026-03-19 12:10:57.449] [info] [thread 31788] audio packet pts: 686080, audio_pkt_size=359
[2026-03-19 12:10:57.450] [info] [thread 31788] read_thread loop: ret=0, pkt->stream_index=0, audioq.size=24539, videoq.size=468093, eof=0
[2026-03-19 12:10:57.450] [info] [thread 31788] audio_stream: 1, video_stream: 0
[2026-03-19 12:10:57.470] [info] [thread 28368] audio.nb_samples=1024, channels=2, channel_layout=stereo, format=8, sample_rate=44100
[2026-03-19 12:10:57.470] [info] [thread 28368] audio frame data pointers: data[0]=0x21914788040, data[1]=0x2191478a0c0
[2026-03-19 12:10:57.482] [info] [thread 31788] read_thread loop: ret=0, pkt->stream_index=1, audioq.size=23979, videoq.size=474288, eof=0
[2026-03-19 12:10:57.482] [info] [thread 31788] audio_stream: 1, video_stream: 0
[2026-03-19 12:10:57.483] [info] [thread 31788] audio packet pts: 687104, audio_pkt_size=361
[2026-03-19 12:10:57.483] [info] [thread 31788] read_thread loop: ret=0, pkt->stream_index=0, audioq.size=24460, videoq.size=474288, eof=0
[2026-03-19 12:10:57.483] [info] [thread 31788] audio_stream: 1, video_stream: 0
[2026-03-19 12:10:57.520] [info] [thread 28368] audio.nb_samples=1024, channels=2, channel_layout=stereo, format=8, sample_rate=44100
[2026-03-19 12:10:57.520] [info] [thread 28368] audio frame data pointers: data[0]=0x21916b27480, data[1]=0x21916f92a00
[2026-03-19 12:10:57.526] [info] [thread 31788] read_thread loop: ret=0, pkt->stream_index=0, audioq.size=23996, videoq.size=467636, eof=0
[2026-03-19 12:10:57.526] [info] [thread 31788] audio_stream: 1, video_stream: 0
[2026-03-19 12:10:57.557] [info] [thread 31788] read_thread loop: ret=0, pkt->stream_index=1, audioq.size=23996, videoq.size=469099, eof=0
[2026-03-19 12:10:57.558] [info] [thread 31788] audio_stream: 1, video_stream: 0
[2026-03-19 12:10:57.558] [info] [thread 31788] audio packet pts: 688128, audio_pkt_size=392
[2026-03-19 12:10:57.559] [info] [thread 31788] read_thread loop: ret=0, pkt->stream_index=0, audioq.size=24508, videoq.size=469099, eof=0
[2026-03-19 12:10:57.559] [info] [thread 31788] audio_stream: 1, video_stream: 0
[2026-03-19 12:10:57.560] [info] [thread 28368] audio.nb_samples=1024, channels=2, channel_layout=stereo, format=8, sample_rate=44100
[2026-03-19 12:10:57.560] [info] [thread 28368] audio frame data pointers: data[0]=0x21916f96e40, data[1]=0x21916f9b500
[2026-03-19 12:10:57.590] [info] [thread 31788] read_thread loop: ret=0, pkt->stream_index=1, audioq.size=24009, videoq.size=480652, eof=0
[2026-03-19 12:10:57.591] [info] [thread 31788] audio_stream: 1, video_stream: 0
[2026-03-19 12:10:57.591] [info] [thread 31788] audio packet pts: 689152, audio_pkt_size=423
[2026-03-19 12:10:57.592] [info] [thread 31788] read_thread loop: ret=0, pkt->stream_index=0, audioq.size=24552, videoq.size=480652, eof=0
[2026-03-19 12:10:57.592] [info] [thread 31788] audio_stream: 1, video_stream: 0
[2026-03-19 12:10:57.610] [info] [thread 28368] audio.nb_samples=1024, channels=2, channel_layout=stereo, format=8, sample_rate=44100
[2026-03-19 12:10:57.610] [info] [thread 28368] audio frame data pointers: data[0]=0x21916a5bb00, data[1]=0x21916f98e80
[2026-03-19 12:10:57.635] [info] [thread 31788] read_thread loop: ret=0, pkt->stream_index=0, audioq.size=24080, videoq.size=487444, eof=0
[2026-03-19 12:10:57.636] [info] [thread 31788] audio_stream: 1, video_stream: 0
[2026-03-19 12:10:57.647] [info] [thread 31788] read_thread loop: ret=0, pkt->stream_index=1, audioq.size=24080, videoq.size=482995, eof=0
[2026-03-19 12:10:57.648] [info] [thread 31788] audio_stream: 1, video_stream: 0
[2026-03-19 12:10:57.648] [info] [thread 31788] audio packet pts: 690176, audio_pkt_size=375
[2026-03-19 12:10:57.649] [info] [thread 31788] read_thread loop: ret=0, pkt->stream_index=0, audioq.size=24575, videoq.size=482995, eof=0
[2026-03-19 12:10:57.649] [info] [thread 31788] audio_stream: 1, video_stream: 0
[2026-03-19 12:10:57.650] [info] [thread 28368] audio.nb_samples=1024, channels=2, channel_layout=stereo, format=8, sample_rate=44100
[2026-03-19 12:10:57.650] [info] [thread 28368] audio frame data pointers: data[0]=0x21916a5db80, data[1]=0x2191427f980
[2026-03-19 12:10:57.680] [info] [thread 31788] read_thread loop: ret=0, pkt->stream_index=1, audioq.size=24115, videoq.size=485212, eof=0
[2026-03-19 12:10:57.681] [info] [thread 31788] audio_stream: 1, video_stream: 0
[2026-03-19 12:10:57.681] [info] [thread 31788] audio packet pts: 691200, audio_pkt_size=360
[2026-03-19 12:10:57.681] [info] [thread 31788] read_thread loop: ret=0, pkt->stream_index=0, audioq.size=24595, videoq.size=485212, eof=0
[2026-03-19 12:10:57.682] [info] [thread 31788] audio_stream: 1, video_stream: 0
[2026-03-19 12:10:57.700] [info] [thread 28368] audio.nb_samples=1024, channels=2, channel_layout=stereo, format=8, sample_rate=44100
[2026-03-19 12:10:57.700] [info] [thread 28368] audio frame data pointers: data[0]=0x21914279380, data[1]=0x2191427b580
[2026-03-19 12:10:57.713] [info] [thread 31788] read_thread loop: ret=0, pkt->stream_index=1, audioq.size=24113, videoq.size=498699, eof=0
[2026-03-19 12:10:57.714] [info] [thread 31788] audio_stream: 1, video_stream: 0
[2026-03-19 12:10:57.714] [info] [thread 31788] audio packet pts: 692224, audio_pkt_size=349
[2026-03-19 12:10:57.714] [info] [thread 31788] read_thread loop: ret=0, pkt->stream_index=0, audioq.size=24582, videoq.size=498699, eof=0
[2026-03-19 12:10:57.715] [info] [thread 31788] audio_stream: 1, video_stream: 0
[2026-03-19 12:10:57.750] [info] [thread 28368] audio.nb_samples=1024, channels=2, channel_layout=stereo, format=8, sample_rate=44100
[2026-03-19 12:10:57.750] [info] [thread 28368] audio frame data pointers: data[0]=0x21914281bc0, data[1]=0x21914283dc0
[2026-03-19 12:10:57.757] [info] [thread 31788] read_thread loop: ret=0, pkt->stream_index=0, audioq.size=24115, videoq.size=505386, eof=0
[2026-03-19 12:10:57.757] [info] [thread 31788] audio_stream: 1, video_stream: 0
[2026-03-19 12:10:57.789] [info] [thread 31788] read_thread loop: ret=0, pkt->stream_index=1, audioq.size=24115, videoq.size=501272, eof=0
[2026-03-19 12:10:57.789] [info] [thread 31788] audio_stream: 1, video_stream: 0
[2026-03-19 12:10:57.790] [info] [thread 31788] audio packet pts: 693248, audio_pkt_size=355
[2026-03-19 12:10:57.790] [info] [thread 28368] audio.nb_samples=1024, channels=2, channel_layout=stereo, format=8, sample_rate=44100
[2026-03-19 12:10:57.790] [info] [thread 31788] read_thread loop: ret=0, pkt->stream_index=0, audioq.size=24097, videoq.size=501272, eof=0
[2026-03-19 12:10:57.790] [info] [thread 31788] audio_stream: 1, video_stream: 0
[2026-03-19 12:10:57.790] [info] [thread 28368] audio frame data pointers: data[0]=0x2191427d780, data[1]=0x21914285fc0
[2026-03-19 12:10:57.825] [info] [thread 31788] read_thread loop: ret=0, pkt->stream_index=1, audioq.size=24097, videoq.size=503725, eof=0
[2026-03-19 12:10:57.825] [info] [thread 31788] audio_stream: 1, video_stream: 0
[2026-03-19 12:10:57.826] [info] [thread 31788] audio packet pts: 694272, audio_pkt_size=372
[2026-03-19 12:10:57.826] [info] [thread 31788] read_thread loop: ret=0, pkt->stream_index=0, audioq.size=24589, videoq.size=503725, eof=0
[2026-03-19 12:10:57.827] [info] [thread 31788] audio_stream: 1, video_stream: 0
[2026-03-19 12:10:57.840] [info] [thread 28368] audio.nb_samples=1024, channels=2, channel_layout=stereo, format=8, sample_rate=44100
[2026-03-19 12:10:57.840] [info] [thread 28368] audio frame data pointers: data[0]=0x219142881c0, data[1]=0x2191428c600
[2026-03-19 12:10:57.847] [info] [thread 31788] read_thread loop: ret=0, pkt->stream_index=0, audioq.size=24114, videoq.size=521611, eof=0
[2026-03-19 12:10:57.848] [info] [thread 31788] audio_stream: 1, video_stream: 0
[2026-03-19 12:10:57.890] [info] [thread 28368] audio.nb_samples=1024, channels=2, channel_layout=stereo, format=8, sample_rate=44100
[2026-03-19 12:10:57.891] [info] [thread 28368] audio frame data pointers: data[0]=0x2191428a400, data[1]=0x21914290a00
[2026-03-19 12:10:57.900] [info] [thread 31788] read_thread loop: ret=0, pkt->stream_index=1, audioq.size=23644, videoq.size=527026, eof=0
[2026-03-19 12:10:57.900] [info] [thread 31788] audio_stream: 1, video_stream: 0
[2026-03-19 12:10:57.901] [info] [thread 31788] audio packet pts: 695296, audio_pkt_size=365
[2026-03-19 12:10:57.901] [info] [thread 31788] read_thread loop: ret=0, pkt->stream_index=0, audioq.size=24129, videoq.size=527026, eof=0
[2026-03-19 12:10:57.901] [info] [thread 31788] audio_stream: 1, video_stream: 0
[2026-03-19 12:10:57.930] [info] [thread 28368] audio.nb_samples=1024, channels=2, channel_layout=stereo, format=8, sample_rate=44100
[2026-03-19 12:10:57.930] [info] [thread 28368] audio frame data pointers: data[0]=0x2191478a0c0, data[1]=0x21914788040
[2026-03-19 12:10:57.932] [info] [thread 31788] read_thread loop: ret=0, pkt->stream_index=1, audioq.size=23654, videoq.size=519625, eof=0
[2026-03-19 12:10:57.933] [info] [thread 31788] audio_stream: 1, video_stream: 0
[2026-03-19 12:10:57.933] [info] [thread 31788] audio packet pts: 696320, audio_pkt_size=365
[2026-03-19 12:10:57.933] [info] [thread 31788] read_thread loop: ret=0, pkt->stream_index=0, audioq.size=24139, videoq.size=519625, eof=0
[2026-03-19 12:10:57.933] [info] [thread 31788] audio_stream: 1, video_stream: 0
[2026-03-19 12:10:57.965] [info] [thread 31788] read_thread loop: ret=0, pkt->stream_index=1, audioq.size=24139, videoq.size=517614, eof=0
[2026-03-19 12:10:57.966] [info] [thread 31788] audio_stream: 1, video_stream: 0
[2026-03-19 12:10:57.966] [info] [thread 31788] audio packet pts: 697344, audio_pkt_size=360
[2026-03-19 12:10:57.967] [info] [thread 31788] read_thread loop: ret=0, pkt->stream_index=0, audioq.size=24619, videoq.size=517614, eof=0
[2026-03-19 12:10:57.967] [info] [thread 31788] audio_stream: 1, video_stream: 0
[2026-03-19 12:10:57.980] [info] [thread 28368] audio.nb_samples=1024, channels=2, channel_layout=stereo, format=8, sample_rate=44100
[2026-03-19 12:10:57.980] [info] [thread 28368] audio frame data pointers: data[0]=0x21916f92a00, data[1]=0x21916b27480
[2026-03-19 12:10:57.998] [info] [thread 31788] read_thread loop: ret=0, pkt->stream_index=0, audioq.size=24142, videoq.size=530430, eof=0
[2026-03-19 12:10:57.999] [info] [thread 31788] audio_stream: 1, video_stream: 0
[2026-03-19 12:10:58.020] [info] [thread 31788] read_thread loop: ret=0, pkt->stream_index=1, audioq.size=24142, videoq.size=532488, eof=0
[2026-03-19 12:10:58.020] [info] [thread 31788] audio_stream: 1, video_stream: 0
[2026-03-19 12:10:58.020] [info] [thread 31788] audio packet pts: 698368, audio_pkt_size=367
[2026-03-19 12:10:58.021] [info] [thread 31788] read_thread loop: ret=0, pkt->stream_index=0, audioq.size=24629, videoq.size=532488, eof=0
[2026-03-19 12:10:58.021] [info] [thread 31788] audio_stream: 1, video_stream: 0
[2026-03-19 12:10:58.030] [info] [thread 28368] audio.nb_samples=1024, channels=2, channel_layout=stereo, format=8, sample_rate=44100
[2026-03-19 12:10:58.030] [info] [thread 28368] audio frame data pointers: data[0]=0x21916f9b500, data[1]=0x21916f96e40
[2026-03-19 12:10:58.053] [info] [thread 31788] read_thread loop: ret=0, pkt->stream_index=1, audioq.size=24134, videoq.size=522029, eof=0
[2026-03-19 12:10:58.053] [info] [thread 31788] audio_stream: 1, video_stream: 0
[2026-03-19 12:10:58.053] [info] [thread 31788] audio packet pts: 699392, audio_pkt_size=479
[2026-03-19 12:10:58.053] [info] [thread 31788] read_thread loop: ret=0, pkt->stream_index=0, audioq.size=24733, videoq.size=522029, eof=0
[2026-03-19 12:10:58.054] [info] [thread 31788] audio_stream: 1, video_stream: 0
[2026-03-19 12:10:58.070] [info] [thread 28368] audio.nb_samples=1024, channels=2, channel_layout=stereo, format=8, sample_rate=44100
[2026-03-19 12:10:58.070] [info] [thread 28368] audio frame data pointers: data[0]=0x21916f98e80, data[1]=0x21916a5bb00
[2026-03-19 12:10:58.084] [info] [thread 31788] read_thread loop: ret=0, pkt->stream_index=1, audioq.size=24248, videoq.size=533502, eof=0
[2026-03-19 12:10:58.084] [info] [thread 31788] audio_stream: 1, video_stream: 0
[2026-03-19 12:10:58.085] [info] [thread 31788] audio packet pts: 700416, audio_pkt_size=338
[2026-03-19 12:10:58.085] [info] [thread 31788] read_thread loop: ret=0, pkt->stream_index=0, audioq.size=24706, videoq.size=533502, eof=0
[2026-03-19 12:10:58.086] [info] [thread 31788] audio_stream: 1, video_stream: 0
[2026-03-19 12:10:58.117] [info] [thread 31788] read_thread loop: ret=0, pkt->stream_index=0, audioq.size=24706, videoq.size=536029, eof=0
[2026-03-19 12:10:58.118] [info] [thread 31788] audio_stream: 1, video_stream: 0
[2026-03-19 12:10:58.120] [info] [thread 28368] audio.nb_samples=1024, channels=2, channel_layout=stereo, format=8, sample_rate=44100
[2026-03-19 12:10:58.120] [info] [thread 28368] audio frame data pointers: data[0]=0x2191427f980, data[1]=0x21916a5db80
[2026-03-19 12:10:58.149] [info] [thread 31788] read_thread loop: ret=0, pkt->stream_index=1, audioq.size=24200, videoq.size=536142, eof=0
[2026-03-19 12:10:58.149] [info] [thread 31788] audio_stream: 1, video_stream: 0
[2026-03-19 12:10:58.150] [info] [thread 31788] audio packet pts: 701440, audio_pkt_size=348
[2026-03-19 12:10:58.150] [info] [thread 31788] read_thread loop: ret=0, pkt->stream_index=0, audioq.size=24668, videoq.size=536142, eof=0
[2026-03-19 12:10:58.150] [info] [thread 31788] audio_stream: 1, video_stream: 0
[2026-03-19 12:10:58.170] [info] [thread 28368] audio.nb_samples=1024, channels=2, channel_layout=stereo, format=8, sample_rate=44100
[2026-03-19 12:10:58.170] [info] [thread 28368] audio frame data pointers: data[0]=0x2191427b580, data[1]=0x21914279380
[2026-03-19 12:10:58.182] [info] [thread 31788] read_thread loop: ret=0, pkt->stream_index=1, audioq.size=24170, videoq.size=525618, eof=0
[2026-03-19 12:10:58.183] [info] [thread 31788] audio_stream: 1, video_stream: 0
[2026-03-19 12:10:58.183] [info] [thread 31788] audio packet pts: 702464, audio_pkt_size=355
[2026-03-19 12:10:58.184] [info] [thread 31788] read_thread loop: ret=0, pkt->stream_index=0, audioq.size=24645, videoq.size=525618, eof=0
[2026-03-19 12:10:58.184] [info] [thread 31788] audio_stream: 1, video_stream: 0
[2026-03-19 12:10:58.210] [info] [thread 28368] audio.nb_samples=1024, channels=2, channel_layout=stereo, format=8, sample_rate=44100
[2026-03-19 12:10:58.210] [info] [thread 28368] audio frame data pointers: data[0]=0x21914283dc0, data[1]=0x21914281bc0
[2026-03-19 12:10:58.217] [info] [thread 31788] read_thread loop: ret=0, pkt->stream_index=0, audioq.size=24138, videoq.size=536279, eof=0
[2026-03-19 12:10:58.217] [info] [thread 31788] audio_stream: 1, video_stream: 0
[2026-03-19 12:10:58.259] [info] [thread 31788] read_thread loop: ret=0, pkt->stream_index=1, audioq.size=24138, videoq.size=540347, eof=0
[2026-03-19 12:10:58.260] [info] [thread 28368] audio.nb_samples=1024, channels=2, channel_layout=stereo, format=8, sample_rate=44100
[2026-03-19 12:10:58.260] [info] [thread 31788] audio_stream: 1, video_stream: 0
[2026-03-19 12:10:58.260] [info] [thread 28368] audio frame data pointers: data[0]=0x21914285fc0, data[1]=0x2191427d780
[2026-03-19 12:10:58.261] [info] [thread 31788] audio packet pts: 703488, audio_pkt_size=361
[2026-03-19 12:10:58.261] [info] [thread 31788] read_thread loop: ret=0, pkt->stream_index=0, audioq.size=24130, videoq.size=540347, eof=0
[2026-03-19 12:10:58.262] [info] [thread 31788] audio_stream: 1, video_stream: 0
[2026-03-19 12:10:58.293] [info] [thread 31788] read_thread loop: ret=0, pkt->stream_index=1, audioq.size=24130, videoq.size=541980, eof=0
[2026-03-19 12:10:58.294] [info] [thread 31788] audio_stream: 1, video_stream: 0
[2026-03-19 12:10:58.295] [info] [thread 31788] audio packet pts: 704512, audio_pkt_size=369
[2026-03-19 12:10:58.295] [info] [thread 31788] read_thread loop: ret=0, pkt->stream_index=0, audioq.size=24619, videoq.size=541980, eof=0
[2026-03-19 12:10:58.296] [info] [thread 31788] audio_stream: 1, video_stream: 0
[2026-03-19 12:10:58.300] [info] [thread 28368] audio.nb_samples=1024, channels=2, channel_layout=stereo, format=8, sample_rate=44100
[2026-03-19 12:10:58.300] [info] [thread 28368] audio frame data pointers: data[0]=0x2191428c600, data[1]=0x219142881c0
[2026-03-19 12:10:58.317] [info] [thread 31788] read_thread loop: ret=0, pkt->stream_index=1, audioq.size=24030, videoq.size=535825, eof=0
[2026-03-19 12:10:58.318] [info] [thread 31788] audio_stream: 1, video_stream: 0
[2026-03-19 12:10:58.319] [info] [thread 31788] audio packet pts: 705536, audio_pkt_size=366
[2026-03-19 12:10:58.319] [info] [thread 31788] read_thread loop: ret=0, pkt->stream_index=0, audioq.size=24516, videoq.size=535825, eof=0
[2026-03-19 12:10:58.320] [info] [thread 31788] audio_stream: 1, video_stream: 0
[2026-03-19 12:10:58.350] [info] [thread 28368] audio.nb_samples=1024, channels=2, channel_layout=stereo, format=8, sample_rate=44100
[2026-03-19 12:10:58.350] [info] [thread 28368] audio frame data pointers: data[0]=0x21914290a00, data[1]=0x2191428a400
[2026-03-19 12:10:58.350] [info] [thread 31788] read_thread loop: ret=0, pkt->stream_index=0, audioq.size=24045, videoq.size=550936, eof=0
[2026-03-19 12:10:58.351] [info] [thread 31788] audio_stream: 1, video_stream: 0
[2026-03-19 12:10:58.384] [info] [thread 31788] read_thread loop: ret=0, pkt->stream_index=1, audioq.size=24045, videoq.size=557759, eof=0
[2026-03-19 12:10:58.384] [info] [thread 31788] audio_stream: 1, video_stream: 0
[2026-03-19 12:10:58.385] [info] [thread 31788] audio packet pts: 706560, audio_pkt_size=364
[2026-03-19 12:10:58.385] [info] [thread 31788] read_thread loop: ret=0, pkt->stream_index=0, audioq.size=24529, videoq.size=557759, eof=0
[2026-03-19 12:10:58.386] [info] [thread 31788] audio_stream: 1, video_stream: 0
[2026-03-19 12:10:58.400] [info] [thread 28368] audio.nb_samples=1024, channels=2, channel_layout=stereo, format=8, sample_rate=44100
[2026-03-19 12:10:58.400] [info] [thread 28368] audio frame data pointers: data[0]=0x21914788040, data[1]=0x2191478a0c0
[2026-03-19 12:10:58.418] [info] [thread 31788] read_thread loop: ret=0, pkt->stream_index=1, audioq.size=24056, videoq.size=561374, eof=0
[2026-03-19 12:10:58.419] [info] [thread 31788] audio_stream: 1, video_stream: 0
[2026-03-19 12:10:58.420] [info] [thread 31788] audio packet pts: 707584, audio_pkt_size=356
[2026-03-19 12:10:58.420] [info] [thread 31788] read_thread loop: ret=0, pkt->stream_index=0, audioq.size=24532, videoq.size=561374, eof=0
[2026-03-19 12:10:58.420] [info] [thread 31788] audio_stream: 1, video_stream: 0
[2026-03-19 12:10:58.440] [info] [thread 28368] audio.nb_samples=1024, channels=2, channel_layout=stereo, format=8, sample_rate=44100
[2026-03-19 12:10:58.441] [info] [thread 28368] audio frame data pointers: data[0]=0x21916b27480, data[1]=0x21916f92a00
[2026-03-19 12:10:58.451] [info] [thread 31788] read_thread loop: ret=0, pkt->stream_index=0, audioq.size=24056, videoq.size=558393, eof=0
[2026-03-19 12:10:58.451] [info] [thread 31788] audio_stream: 1, video_stream: 0
[2026-03-19 12:10:58.490] [info] [thread 28368] audio.nb_samples=1024, channels=2, channel_layout=stereo, format=8, sample_rate=44100
[2026-03-19 12:10:58.490] [info] [thread 28368] audio frame data pointers: data[0]=0x21916f96e40, data[1]=0x21916f9b500
[2026-03-19 12:10:58.494] [info] [thread 31788] read_thread loop: ret=0, pkt->stream_index=1, audioq.size=23590, videoq.size=570183, eof=0
[2026-03-19 12:10:58.494] [info] [thread 31788] audio_stream: 1, video_stream: 0
[2026-03-19 12:10:58.495] [info] [thread 31788] audio packet pts: 708608, audio_pkt_size=359
[2026-03-19 12:10:58.495] [info] [thread 31788] read_thread loop: ret=0, pkt->stream_index=0, audioq.size=24069, videoq.size=570183, eof=0
[2026-03-19 12:10:58.495] [info] [thread 31788] audio_stream: 1, video_stream: 0
[2026-03-19 12:10:58.527] [info] [thread 31788] read_thread loop: ret=0, pkt->stream_index=1, audioq.size=24069, videoq.size=576050, eof=0
[2026-03-19 12:10:58.527] [info] [thread 31788] audio_stream: 1, video_stream: 0
[2026-03-19 12:10:58.528] [info] [thread 31788] audio packet pts: 709632, audio_pkt_size=391
[2026-03-19 12:10:58.528] [info] [thread 31788] read_thread loop: ret=0, pkt->stream_index=0, audioq.size=24580, videoq.size=576050, eof=0
[2026-03-19 12:10:58.528] [info] [thread 31788] audio_stream: 1, video_stream: 0
[2026-03-19 12:10:58.540] [info] [thread 28368] audio.nb_samples=1024, channels=2, channel_layout=stereo, format=8, sample_rate=44100
[2026-03-19 12:10:58.540] [info] [thread 28368] audio frame data pointers: data[0]=0x21916a5bb00, data[1]=0x21916f98e80
[2026-03-19 12:10:58.558] [info] [thread 31788] read_thread loop: ret=0, pkt->stream_index=1, audioq.size=24104, videoq.size=577648, eof=0
[2026-03-19 12:10:58.559] [info] [thread 31788] audio_stream: 1, video_stream: 0
[2026-03-19 12:10:58.559] [info] [thread 31788] audio packet pts: 710656, audio_pkt_size=444
[2026-03-19 12:10:58.560] [info] [thread 31788] read_thread loop: ret=0, pkt->stream_index=0, audioq.size=24668, videoq.size=577648, eof=0
[2026-03-19 12:10:58.560] [info] [thread 31788] audio_stream: 1, video_stream: 0
[2026-03-19 12:10:58.580] [info] [thread 28368] audio.nb_samples=1024, channels=2, channel_layout=stereo, format=8, sample_rate=44100
[2026-03-19 12:10:58.580] [info] [thread 28368] audio frame data pointers: data[0]=0x21916a5db80, data[1]=0x2191427f980
[2026-03-19 12:10:58.591] [info] [thread 31788] read_thread loop: ret=0, pkt->stream_index=0, audioq.size=24183, videoq.size=566858, eof=0
[2026-03-19 12:10:58.592] [info] [thread 31788] audio_stream: 1, video_stream: 0
[2026-03-19 12:10:58.630] [info] [thread 28368] audio.nb_samples=1024, channels=2, channel_layout=stereo, format=8, sample_rate=44100
[2026-03-19 12:10:58.631] [info] [thread 28368] audio frame data pointers: data[0]=0x21914279380, data[1]=0x2191427b580
[2026-03-19 12:10:58.633] [info] [thread 31788] read_thread loop: ret=0, pkt->stream_index=1, audioq.size=23696, videoq.size=576292, eof=0
[2026-03-19 12:10:58.634] [info] [thread 31788] audio_stream: 1, video_stream: 0
[2026-03-19 12:10:58.635] [info] [thread 31788] audio packet pts: 711680, audio_pkt_size=420
[2026-03-19 12:10:58.635] [info] [thread 31788] read_thread loop: ret=0, pkt->stream_index=0, audioq.size=24236, videoq.size=576292, eof=0
[2026-03-19 12:10:58.635] [info] [thread 31788] audio_stream: 1, video_stream: 0
[2026-03-19 12:10:58.667] [info] [thread 31788] read_thread loop: ret=0, pkt->stream_index=1, audioq.size=24236, videoq.size=580289, eof=0
[2026-03-19 12:10:58.668] [info] [thread 31788] audio_stream: 1, video_stream: 0
[2026-03-19 12:10:58.668] [info] [thread 31788] audio packet pts: 712704, audio_pkt_size=356
[2026-03-19 12:10:58.669] [info] [thread 31788] read_thread loop: ret=0, pkt->stream_index=0, audioq.size=24712, videoq.size=580289, eof=0
[2026-03-19 12:10:58.669] [info] [thread 31788] audio_stream: 1, video_stream: 0
[2026-03-19 12:10:58.680] [info] [thread 28368] audio.nb_samples=1024, channels=2, channel_layout=stereo, format=8, sample_rate=44100
[2026-03-19 12:10:58.680] [info] [thread 28368] audio frame data pointers: data[0]=0x21914281bc0, data[1]=0x21914283dc0
[2026-03-19 12:10:58.701] [info] [thread 31788] read_thread loop: ret=0, pkt->stream_index=0, audioq.size=24230, videoq.size=570751, eof=0
[2026-03-19 12:10:58.702] [info] [thread 31788] audio_stream: 1, video_stream: 0
[2026-03-19 12:10:58.720] [info] [thread 28368] audio.nb_samples=1024, channels=2, channel_layout=stereo, format=8, sample_rate=44100
[2026-03-19 12:10:58.720] [info] [thread 28368] audio frame data pointers: data[0]=0x2191427d780, data[1]=0x21914285fc0
[2026-03-19 12:10:58.723] [info] [thread 31788] read_thread loop: ret=0, pkt->stream_index=1, audioq.size=23749, videoq.size=564850, eof=0
[2026-03-19 12:10:58.724] [info] [thread 31788] audio_stream: 1, video_stream: 0
[2026-03-19 12:10:58.725] [info] [thread 31788] audio packet pts: 713728, audio_pkt_size=360
[2026-03-19 12:10:58.725] [info] [thread 31788] read_thread loop: ret=0, pkt->stream_index=0, audioq.size=24229, videoq.size=564850, eof=0
[2026-03-19 12:10:58.725] [info] [thread 31788] audio_stream: 1, video_stream: 0
[2026-03-19 12:10:58.756] [info] [thread 31788] read_thread loop: ret=0, pkt->stream_index=1, audioq.size=24229, videoq.size=563777, eof=0
[2026-03-19 12:10:58.756] [info] [thread 31788] audio_stream: 1, video_stream: 0
[2026-03-19 12:10:58.757] [info] [thread 31788] audio packet pts: 714752, audio_pkt_size=410
[2026-03-19 12:10:58.757] [info] [thread 31788] read_thread loop: ret=0, pkt->stream_index=0, audioq.size=24759, videoq.size=563777, eof=0
[2026-03-19 12:10:58.758] [info] [thread 31788] audio_stream: 1, video_stream: 0
[2026-03-19 12:10:58.770] [info] [thread 28368] audio.nb_samples=1024, channels=2, channel_layout=stereo, format=8, sample_rate=44100
[2026-03-19 12:10:58.770] [info] [thread 28368] audio frame data pointers: data[0]=0x219142881c0, data[1]=0x2191428c600
[2026-03-19 12:10:58.790] [info] [thread 31788] read_thread loop: ret=0, pkt->stream_index=1, audioq.size=24263, videoq.size=569089, eof=0
[2026-03-19 12:10:58.790] [info] [thread 31788] audio_stream: 1, video_stream: 0
[2026-03-19 12:10:58.791] [info] [thread 31788] audio packet pts: 715776, audio_pkt_size=412
[2026-03-19 12:10:58.791] [info] [thread 31788] read_thread loop: ret=0, pkt->stream_index=0, audioq.size=24795, videoq.size=569089, eof=0
[2026-03-19 12:10:58.791] [info] [thread 31788] audio_stream: 1, video_stream: 0
[2026-03-19 12:10:58.820] [info] [thread 28368] audio.nb_samples=1024, channels=2, channel_layout=stereo, format=8, sample_rate=44100
[2026-03-19 12:10:58.820] [info] [thread 28368] audio frame data pointers: data[0]=0x2191428a400, data[1]=0x21914290a00
[2026-03-19 12:10:58.823] [info] [thread 31788] read_thread loop: ret=0, pkt->stream_index=0, audioq.size=24307, videoq.size=570006, eof=0
[2026-03-19 12:10:58.823] [info] [thread 31788] audio_stream: 1, video_stream: 0
[2026-03-19 12:10:58.855] [info] [thread 31788] read_thread loop: ret=0, pkt->stream_index=1, audioq.size=24307, videoq.size=575143, eof=0
[2026-03-19 12:10:58.855] [info] [thread 31788] audio_stream: 1, video_stream: 0
[2026-03-19 12:10:58.856] [info] [thread 31788] audio packet pts: 716800, audio_pkt_size=362
[2026-03-19 12:10:58.856] [info] [thread 31788] read_thread loop: ret=0, pkt->stream_index=0, audioq.size=24789, videoq.size=575143, eof=0
[2026-03-19 12:10:58.857] [info] [thread 31788] audio_stream: 1, video_stream: 0
[2026-03-19 12:10:58.860] [info] [thread 28368] audio.nb_samples=1024, channels=2, channel_layout=stereo, format=8, sample_rate=44100
[2026-03-19 12:10:58.860] [info] [thread 28368] audio frame data pointers: data[0]=0x2191478a0c0, data[1]=0x21914788040
[2026-03-19 12:10:58.889] [info] [thread 31788] read_thread loop: ret=0, pkt->stream_index=1, audioq.size=24309, videoq.size=574231, eof=0
[2026-03-19 12:10:58.889] [info] [thread 31788] audio_stream: 1, video_stream: 0
[2026-03-19 12:10:58.890] [info] [thread 31788] audio packet pts: 717824, audio_pkt_size=417
[2026-03-19 12:10:58.890] [info] [thread 31788] read_thread loop: ret=0, pkt->stream_index=0, audioq.size=24846, videoq.size=574231, eof=0
[2026-03-19 12:10:58.891] [info] [thread 31788] audio_stream: 1, video_stream: 0
[2026-03-19 12:10:58.910] [info] [thread 28368] audio.nb_samples=1024, channels=2, channel_layout=stereo, format=8, sample_rate=44100
[2026-03-19 12:10:58.910] [info] [thread 28368] audio frame data pointers: data[0]=0x21916f92a00, data[1]=0x21916b27480
[2026-03-19 12:10:58.932] [info] [thread 31788] read_thread loop: ret=0, pkt->stream_index=0, audioq.size=24358, videoq.size=582860, eof=0
[2026-03-19 12:10:58.933] [info] [thread 31788] audio_stream: 1, video_stream: 0
[2026-03-19 12:10:58.960] [info] [thread 28368] audio.nb_samples=1024, channels=2, channel_layout=stereo, format=8, sample_rate=44100
[2026-03-19 12:10:58.960] [info] [thread 28368] audio frame data pointers: data[0]=0x21916f9b500, data[1]=0x21916f96e40
[2026-03-19 12:10:58.964] [info] [thread 31788] read_thread loop: ret=0, pkt->stream_index=1, audioq.size=23869, videoq.size=594313, eof=0
[2026-03-19 12:10:58.965] [info] [thread 31788] audio_stream: 1, video_stream: 0
[2026-03-19 12:10:58.965] [info] [thread 31788] audio packet pts: 718848, audio_pkt_size=415
[2026-03-19 12:10:58.966] [info] [thread 31788] read_thread loop: ret=0, pkt->stream_index=0, audioq.size=24404, videoq.size=594313, eof=0
[2026-03-19 12:10:58.966] [info] [thread 31788] audio_stream: 1, video_stream: 0
[2026-03-19 12:10:58.988] [info] [thread 31788] read_thread loop: ret=0, pkt->stream_index=1, audioq.size=24404, videoq.size=601522, eof=0
[2026-03-19 12:10:58.989] [info] [thread 31788] audio_stream: 1, video_stream: 0
[2026-03-19 12:10:58.989] [info] [thread 31788] audio packet pts: 719872, audio_pkt_size=401
[2026-03-19 12:10:58.990] [info] [thread 31788] read_thread loop: ret=0, pkt->stream_index=0, audioq.size=24925, videoq.size=601522, eof=0
[2026-03-19 12:10:58.990] [info] [thread 31788] audio_stream: 1, video_stream: 0
[2026-03-19 12:10:59.000] [info] [thread 28368] audio.nb_samples=1024, channels=2, channel_layout=stereo, format=8, sample_rate=44100
[2026-03-19 12:10:59.000] [info] [thread 28368] audio frame data pointers: data[0]=0x21916f98e80, data[1]=0x21916a5bb00
[2026-03-19 12:10:59.022] [info] [thread 31788] read_thread loop: ret=0, pkt->stream_index=1, audioq.size=24434, videoq.size=594643, eof=0
[2026-03-19 12:10:59.023] [info] [thread 31788] audio_stream: 1, video_stream: 0
[2026-03-19 12:10:59.023] [info] [thread 31788] audio packet pts: 720896, audio_pkt_size=373
[2026-03-19 12:10:59.024] [info] [thread 31788] read_thread loop: ret=0, pkt->stream_index=0, audioq.size=24927, videoq.size=594643, eof=0
[2026-03-19 12:10:59.024] [info] [thread 31788] audio_stream: 1, video_stream: 0
[2026-03-19 12:10:59.050] [info] [thread 28368] audio.nb_samples=1024, channels=2, channel_layout=stereo, format=8, sample_rate=44100
[2026-03-19 12:10:59.050] [info] [thread 28368] audio frame data pointers: data[0]=0x2191427f980, data[1]=0x21916a5db80
[2026-03-19 12:10:59.054] [info] [thread 31788] read_thread loop: ret=0, pkt->stream_index=0, audioq.size=24414, videoq.size=605854, eof=0
[2026-03-19 12:10:59.055] [info] [thread 31788] audio_stream: 1, video_stream: 0
[2026-03-19 12:10:59.087] [info] [thread 31788] read_thread loop: ret=0, pkt->stream_index=1, audioq.size=24414, videoq.size=619446, eof=0
[2026-03-19 12:10:59.087] [info] [thread 31788] audio_stream: 1, video_stream: 0
[2026-03-19 12:10:59.088] [info] [thread 31788] audio packet pts: 721920, audio_pkt_size=377
[2026-03-19 12:10:59.088] [info] [thread 31788] read_thread loop: ret=0, pkt->stream_index=0, audioq.size=24911, videoq.size=619446, eof=0
[2026-03-19 12:10:59.088] [info] [thread 31788] audio_stream: 1, video_stream: 0
[2026-03-19 12:10:59.090] [info] [thread 28368] audio.nb_samples=1024, channels=2, channel_layout=stereo, format=8, sample_rate=44100
[2026-03-19 12:10:59.090] [info] [thread 28368] audio frame data pointers: data[0]=0x2191427b580, data[1]=0x21914279380
[2026-03-19 12:10:59.120] [info] [thread 31788] read_thread loop: ret=0, pkt->stream_index=1, audioq.size=24428, videoq.size=631518, eof=0
[2026-03-19 12:10:59.120] [info] [thread 31788] audio_stream: 1, video_stream: 0
[2026-03-19 12:10:59.121] [info] [thread 31788] audio packet pts: 722944, audio_pkt_size=353
[2026-03-19 12:10:59.121] [info] [thread 31788] read_thread loop: ret=0, pkt->stream_index=0, audioq.size=24901, videoq.size=631518, eof=0
[2026-03-19 12:10:59.122] [info] [thread 31788] audio_stream: 1, video_stream: 0
[2026-03-19 12:10:59.140] [info] [thread 28368] audio.nb_samples=1024, channels=2, channel_layout=stereo, format=8, sample_rate=44100
[2026-03-19 12:10:59.140] [info] [thread 28368] audio frame data pointers: data[0]=0x21914283dc0, data[1]=0x21914281bc0
[2026-03-19 12:10:59.153] [info] [thread 31788] read_thread loop: ret=0, pkt->stream_index=0, audioq.size=24412, videoq.size=626734, eof=0
[2026-03-19 12:10:59.154] [info] [thread 31788] audio_stream: 1, video_stream: 0
[2026-03-19 12:10:59.190] [info] [thread 28368] audio.nb_samples=1024, channels=2, channel_layout=stereo, format=8, sample_rate=44100
[2026-03-19 12:10:59.191] [info] [thread 28368] audio frame data pointers: data[0]=0x21914285fc0, data[1]=0x2191427d780
[2026-03-19 12:10:59.197] [info] [thread 31788] read_thread loop: ret=0, pkt->stream_index=1, audioq.size=23904, videoq.size=631593, eof=0
[2026-03-19 12:10:59.197] [info] [thread 31788] audio_stream: 1, video_stream: 0
[2026-03-19 12:10:59.198] [info] [thread 31788] audio packet pts: 723968, audio_pkt_size=364
[2026-03-19 12:10:59.198] [info] [thread 31788] read_thread loop: ret=0, pkt->stream_index=0, audioq.size=24388, videoq.size=631593, eof=0
[2026-03-19 12:10:59.199] [info] [thread 31788] audio_stream: 1, video_stream: 0
[2026-03-19 12:10:59.230] [info] [thread 28368] audio.nb_samples=1024, channels=2, channel_layout=stereo, format=8, sample_rate=44100
[2026-03-19 12:10:59.231] [info] [thread 28368] audio frame data pointers: data[0]=0x2191428c600, data[1]=0x219142881c0
[2026-03-19 12:10:59.231] [info] [thread 31788] read_thread loop: ret=0, pkt->stream_index=1, audioq.size=23879, videoq.size=637138, eof=0
[2026-03-19 12:10:59.232] [info] [thread 31788] audio_stream: 1, video_stream: 0
[2026-03-19 12:10:59.233] [info] [thread 31788] audio packet pts: 724992, audio_pkt_size=316
[2026-03-19 12:10:59.233] [info] [thread 31788] read_thread loop: ret=0, pkt->stream_index=0, audioq.size=24315, videoq.size=637138, eof=0
[2026-03-19 12:10:59.233] [info] [thread 31788] audio_stream: 1, video_stream: 0
[2026-03-19 12:10:59.254] [info] [thread 31788] read_thread loop: ret=0, pkt->stream_index=1, audioq.size=24315, videoq.size=641863, eof=0
[2026-03-19 12:10:59.254] [info] [thread 31788] audio_stream: 1, video_stream: 0
[2026-03-19 12:10:59.255] [info] [thread 31788] audio packet pts: 726016, audio_pkt_size=344
[2026-03-19 12:10:59.255] [info] [thread 31788] read_thread loop: ret=0, pkt->stream_index=0, audioq.size=24779, videoq.size=641863, eof=0
[2026-03-19 12:10:59.256] [info] [thread 31788] audio_stream: 1, video_stream: 0
[2026-03-19 12:10:59.280] [info] [thread 28368] audio.nb_samples=1024, channels=2, channel_layout=stereo, format=8, sample_rate=44100
[2026-03-19 12:10:59.280] [info] [thread 28368] audio frame data pointers: data[0]=0x21914290a00, data[1]=0x2191428a400
[2026-03-19 12:10:59.286] [info] [thread 31788] read_thread loop: ret=0, pkt->stream_index=0, audioq.size=24293, videoq.size=631241, eof=0
[2026-03-19 12:10:59.287] [info] [thread 31788] audio_stream: 1, video_stream: 0
[2026-03-19 12:10:59.318] [info] [thread 31788] read_thread loop: ret=0, pkt->stream_index=1, audioq.size=24293, videoq.size=634857, eof=0
[2026-03-19 12:10:59.318] [info] [thread 31788] audio_stream: 1, video_stream: 0
[2026-03-19 12:10:59.319] [info] [thread 31788] audio packet pts: 727040, audio_pkt_size=371
[2026-03-19 12:10:59.319] [info] [thread 31788] read_thread loop: ret=0, pkt->stream_index=0, audioq.size=24784, videoq.size=634857, eof=0
[2026-03-19 12:10:59.320] [info] [thread 31788] audio_stream: 1, video_stream: 0
[2026-03-19 12:10:59.330] [info] [thread 28368] audio.nb_samples=1024, channels=2, channel_layout=stereo, format=8, sample_rate=44100
[2026-03-19 12:10:59.330] [info] [thread 28368] audio frame data pointers: data[0]=0x21914788040, data[1]=0x2191478a0c0
[2026-03-19 12:10:59.352] [info] [thread 31788] read_thread loop: ret=0, pkt->stream_index=1, audioq.size=24299, videoq.size=635623, eof=0
[2026-03-19 12:10:59.353] [info] [thread 31788] audio_stream: 1, video_stream: 0
[2026-03-19 12:10:59.353] [info] [thread 31788] audio packet pts: 728064, audio_pkt_size=368
[2026-03-19 12:10:59.354] [info] [thread 31788] read_thread loop: ret=0, pkt->stream_index=0, audioq.size=24787, videoq.size=635623, eof=0
[2026-03-19 12:10:59.354] [info] [thread 31788] audio_stream: 1, video_stream: 0
[2026-03-19 12:10:59.370] [info] [thread 28368] audio.nb_samples=1024, channels=2, channel_layout=stereo, format=8, sample_rate=44100
[2026-03-19 12:10:59.370] [info] [thread 28368] audio frame data pointers: data[0]=0x21916b27480, data[1]=0x21916f92a00
[2026-03-19 12:10:59.385] [info] [thread 31788] read_thread loop: ret=0, pkt->stream_index=1, audioq.size=24306, videoq.size=640245, eof=0
[2026-03-19 12:10:59.385] [info] [thread 31788] audio_stream: 1, video_stream: 0
[2026-03-19 12:10:59.386] [info] [thread 31788] audio packet pts: 729088, audio_pkt_size=342
[2026-03-19 12:10:59.386] [info] [thread 31788] read_thread loop: ret=0, pkt->stream_index=0, audioq.size=24768, videoq.size=640245, eof=0
[2026-03-19 12:10:59.387] [info] [thread 31788] audio_stream: 1, video_stream: 0
[2026-03-19 12:10:59.419] [info] [thread 31788] read_thread loop: ret=0, pkt->stream_index=0, audioq.size=24768, videoq.size=635180, eof=0
[2026-03-19 12:10:59.419] [info] [thread 31788] audio_stream: 1, video_stream: 0
[2026-03-19 12:10:59.420] [info] [thread 28368] audio.nb_samples=1024, channels=2, channel_layout=stereo, format=8, sample_rate=44100
[2026-03-19 12:10:59.420] [info] [thread 28368] audio frame data pointers: data[0]=0x21916f96e40, data[1]=0x21916f9b500
[2026-03-19 12:10:59.450] [info] [thread 31788] read_thread loop: ret=0, pkt->stream_index=1, audioq.size=24215, videoq.size=631182, eof=0
[2026-03-19 12:10:59.450] [info] [thread 31788] audio_stream: 1, video_stream: 0
[2026-03-19 12:10:59.451] [info] [thread 31788] audio packet pts: 730112, audio_pkt_size=356
[2026-03-19 12:10:59.451] [info] [thread 31788] read_thread loop: ret=0, pkt->stream_index=0, audioq.size=24691, videoq.size=631182, eof=0
[2026-03-19 12:10:59.452] [info] [thread 31788] audio_stream: 1, video_stream: 0
[2026-03-19 12:10:59.470] [info] [thread 28368] audio.nb_samples=1024, channels=2, channel_layout=stereo, format=8, sample_rate=44100
[2026-03-19 12:10:59.470] [info] [thread 28368] audio frame data pointers: data[0]=0x21916a5bb00, data[1]=0x21916f98e80
[2026-03-19 12:10:59.493] [info] [thread 31788] read_thread loop: ret=0, pkt->stream_index=1, audioq.size=24205, videoq.size=641808, eof=0
[2026-03-19 12:10:59.494] [info] [thread 31788] audio_stream: 1, video_stream: 0
[2026-03-19 12:10:59.494] [info] [thread 31788] audio packet pts: 731136, audio_pkt_size=323
[2026-03-19 12:10:59.494] [info] [thread 31788] read_thread loop: ret=0, pkt->stream_index=0, audioq.size=24648, videoq.size=641808, eof=0
[2026-03-19 12:10:59.495] [info] [thread 31788] audio_stream: 1, video_stream: 0
[2026-03-19 12:10:59.510] [info] [thread 28368] audio.nb_samples=1024, channels=2, channel_layout=stereo, format=8, sample_rate=44100
[2026-03-19 12:10:59.510] [info] [thread 28368] audio frame data pointers: data[0]=0x21916a5db80, data[1]=0x2191427f980
[2026-03-19 12:10:59.526] [info] [thread 31788] read_thread loop: ret=0, pkt->stream_index=0, audioq.size=24121, videoq.size=642711, eof=0
[2026-03-19 12:10:59.527] [info] [thread 31788] audio_stream: 1, video_stream: 0
[2026-03-19 12:10:59.559] [info] [thread 31788] read_thread loop: ret=0, pkt->stream_index=1, audioq.size=24121, videoq.size=632175, eof=0
[2026-03-19 12:10:59.560] [info] [thread 31788] audio_stream: 1, video_stream: 0
[2026-03-19 12:10:59.560] [info] [thread 31788] audio packet pts: 732160, audio_pkt_size=342
[2026-03-19 12:10:59.560] [info] [thread 28368] audio.nb_samples=1024, channels=2, channel_layout=stereo, format=8, sample_rate=44100
[2026-03-19 12:10:59.561] [info] [thread 28368] audio frame data pointers: data[0]=0x21914279380, data[1]=0x2191427b580
[2026-03-19 12:10:59.561] [info] [thread 31788] read_thread loop: ret=0, pkt->stream_index=0, audioq.size=24073, videoq.size=632175, eof=0
[2026-03-19 12:10:59.562] [info] [thread 31788] audio_stream: 1, video_stream: 0
[2026-03-19 12:10:59.583] [info] [thread 31788] read_thread loop: ret=0, pkt->stream_index=1, audioq.size=24073, videoq.size=625929, eof=0
[2026-03-19 12:10:59.583] [info] [thread 31788] audio_stream: 1, video_stream: 0
[2026-03-19 12:10:59.583] [info] [thread 31788] audio packet pts: 733184, audio_pkt_size=352
[2026-03-19 12:10:59.584] [info] [thread 31788] read_thread loop: ret=0, pkt->stream_index=0, audioq.size=24545, videoq.size=625929, eof=0
[2026-03-19 12:10:59.584] [info] [thread 31788] audio_stream: 1, video_stream: 0
[2026-03-19 12:10:59.610] [info] [thread 28368] audio.nb_samples=1024, channels=2, channel_layout=stereo, format=8, sample_rate=44100
[2026-03-19 12:10:59.610] [info] [thread 28368] audio frame data pointers: data[0]=0x21914281bc0, data[1]=0x21914283dc0
[2026-03-19 12:10:59.616] [info] [thread 31788] read_thread loop: ret=0, pkt->stream_index=1, audioq.size=24058, videoq.size=630411, eof=0
[2026-03-19 12:10:59.617] [info] [thread 31788] audio_stream: 1, video_stream: 0
[2026-03-19 12:10:59.617] [info] [thread 31788] audio packet pts: 734208, audio_pkt_size=375
[2026-03-19 12:10:59.617] [info] [thread 31788] read_thread loop: ret=0, pkt->stream_index=0, audioq.size=24553, videoq.size=630411, eof=0
[2026-03-19 12:10:59.617] [info] [thread 31788] audio_stream: 1, video_stream: 0
[2026-03-19 12:10:59.650] [info] [thread 28368] audio.nb_samples=1024, channels=2, channel_layout=stereo, format=8, sample_rate=44100
[2026-03-19 12:10:59.650] [info] [thread 28368] audio frame data pointers: data[0]=0x2191427d780, data[1]=0x21914285fc0
[2026-03-19 12:10:59.651] [info] [thread 31788] read_thread loop: ret=0, pkt->stream_index=0, audioq.size=24078, videoq.size=629764, eof=0
[2026-03-19 12:10:59.651] [info] [thread 31788] audio_stream: 1, video_stream: 0
[2026-03-19 12:10:59.683] [info] [thread 31788] read_thread loop: ret=0, pkt->stream_index=1, audioq.size=24078, videoq.size=615545, eof=0
[2026-03-19 12:10:59.684] [info] [thread 31788] audio_stream: 1, video_stream: 0
[2026-03-19 12:10:59.684] [info] [thread 31788] audio packet pts: 735232, audio_pkt_size=353
[2026-03-19 12:10:59.685] [info] [thread 31788] read_thread loop: ret=0, pkt->stream_index=0, audioq.size=24551, videoq.size=615545, eof=0
[2026-03-19 12:10:59.685] [info] [thread 31788] audio_stream: 1, video_stream: 0
[2026-03-19 12:10:59.700] [info] [thread 28368] audio.nb_samples=1024, channels=2, channel_layout=stereo, format=8, sample_rate=44100
[2026-03-19 12:10:59.700] [info] [thread 28368] audio frame data pointers: data[0]=0x219142881c0, data[1]=0x2191428c600
[2026-03-19 12:10:59.729] [info] [thread 31788] read_thread loop: ret=0, pkt->stream_index=1, audioq.size=24075, videoq.size=612033, eof=0
[2026-03-19 12:10:59.729] [info] [thread 31788] audio_stream: 1, video_stream: 0
[2026-03-19 12:10:59.730] [info] [thread 31788] audio packet pts: 736256, audio_pkt_size=352
[2026-03-19 12:10:59.730] [info] [thread 31788] read_thread loop: ret=0, pkt->stream_index=0, audioq.size=24547, videoq.size=612033, eof=0
[2026-03-19 12:10:59.731] [info] [thread 31788] audio_stream: 1, video_stream: 0
[2026-03-19 12:10:59.740] [info] [thread 28368] audio.nb_samples=1024, channels=2, channel_layout=stereo, format=8, sample_rate=44100
[2026-03-19 12:10:59.740] [info] [thread 28368] audio frame data pointers: data[0]=0x2191428a400, data[1]=0x21914290a00
[2026-03-19 12:10:59.762] [info] [thread 31788] read_thread loop: ret=0, pkt->stream_index=0, audioq.size=24068, videoq.size=619135, eof=0
[2026-03-19 12:10:59.762] [info] [thread 31788] audio_stream: 1, video_stream: 0
[2026-03-19 12:10:59.790] [info] [thread 28368] audio.nb_samples=1024, channels=2, channel_layout=stereo, format=8, sample_rate=44100
[2026-03-19 12:10:59.790] [info] [thread 28368] audio frame data pointers: data[0]=0x2191478a0c0, data[1]=0x21914788040
[2026-03-19 12:10:59.795] [info] [thread 31788] read_thread loop: ret=0, pkt->stream_index=1, audioq.size=23587, videoq.size=619597, eof=0
[2026-03-19 12:10:59.795] [info] [thread 31788] audio_stream: 1, video_stream: 0
[2026-03-19 12:10:59.796] [info] [thread 31788] audio packet pts: 737280, audio_pkt_size=358
[2026-03-19 12:10:59.796] [info] [thread 31788] read_thread loop: ret=0, pkt->stream_index=0, audioq.size=24065, videoq.size=619597, eof=0
[2026-03-19 12:10:59.797] [info] [thread 31788] audio_stream: 1, video_stream: 0
[2026-03-19 12:10:59.817] [info] [thread 31788] read_thread loop: ret=0, pkt->stream_index=1, audioq.size=24065, videoq.size=604837, eof=0
[2026-03-19 12:10:59.818] [info] [thread 31788] audio_stream: 1, video_stream: 0
[2026-03-19 12:10:59.818] [info] [thread 31788] audio packet pts: 738304, audio_pkt_size=359
[2026-03-19 12:10:59.818] [info] [thread 31788] read_thread loop: ret=0, pkt->stream_index=0, audioq.size=24544, videoq.size=604837, eof=0
[2026-03-19 12:10:59.819] [info] [thread 31788] audio_stream: 1, video_stream: 0
[2026-03-19 12:10:59.840] [info] [thread 28368] audio.nb_samples=1024, channels=2, channel_layout=stereo, format=8, sample_rate=44100
[2026-03-19 12:10:59.840] [info] [thread 28368] audio frame data pointers: data[0]=0x21916f92a00, data[1]=0x21916b27480
[2026-03-19 12:10:59.851] [info] [thread 31788] read_thread loop: ret=0, pkt->stream_index=1, audioq.size=24032, videoq.size=599931, eof=0
[2026-03-19 12:10:59.851] [info] [thread 31788] audio_stream: 1, video_stream: 0
[2026-03-19 12:10:59.851] [info] [thread 31788] audio packet pts: 739328, audio_pkt_size=366
[2026-03-19 12:10:59.852] [info] [thread 31788] read_thread loop: ret=0, pkt->stream_index=0, audioq.size=24518, videoq.size=599931, eof=0
[2026-03-19 12:10:59.852] [info] [thread 31788] audio_stream: 1, video_stream: 0
[2026-03-19 12:10:59.880] [info] [thread 28368] audio.nb_samples=1024, channels=2, channel_layout=stereo, format=8, sample_rate=44100
[2026-03-19 12:10:59.880] [info] [thread 28368] audio frame data pointers: data[0]=0x21916f9b500, data[1]=0x21916f96e40
[2026-03-19 12:10:59.884] [info] [thread 31788] read_thread loop: ret=0, pkt->stream_index=0, audioq.size=23975, videoq.size=605655, eof=0
[2026-03-19 12:10:59.885] [info] [thread 31788] audio_stream: 1, video_stream: 0
[2026-03-19 12:10:59.916] [info] [thread 31788] read_thread loop: ret=0, pkt->stream_index=1, audioq.size=23975, videoq.size=604265, eof=0
[2026-03-19 12:10:59.917] [info] [thread 31788] audio_stream: 1, video_stream: 0
[2026-03-19 12:10:59.917] [info] [thread 31788] audio packet pts: 740352, audio_pkt_size=353
[2026-03-19 12:10:59.918] [info] [thread 31788] read_thread loop: ret=0, pkt->stream_index=0, audioq.size=24448, videoq.size=604265, eof=0
[2026-03-19 12:10:59.918] [info] [thread 31788] audio_stream: 1, video_stream: 0
[2026-03-19 12:10:59.930] [info] [thread 28368] audio.nb_samples=1024, channels=2, channel_layout=stereo, format=8, sample_rate=44100
[2026-03-19 12:10:59.931] [info] [thread 28368] audio frame data pointers: data[0]=0x21916f98e80, data[1]=0x21916a5bb00
[2026-03-19 12:10:59.950] [info] [thread 31788] read_thread loop: ret=0, pkt->stream_index=1, audioq.size=23953, videoq.size=590846, eof=0
[2026-03-19 12:10:59.950] [info] [thread 31788] audio_stream: 1, video_stream: 0
[2026-03-19 12:10:59.951] [info] [thread 31788] audio packet pts: 741376, audio_pkt_size=367
[2026-03-19 12:10:59.951] [info] [thread 31788] read_thread loop: ret=0, pkt->stream_index=0, audioq.size=24440, videoq.size=590846, eof=0
[2026-03-19 12:10:59.952] [info] [thread 31788] audio_stream: 1, video_stream: 0
[2026-03-19 12:10:59.980] [info] [thread 28368] audio.nb_samples=1024, channels=2, channel_layout=stereo, format=8, sample_rate=44100
[2026-03-19 12:10:59.980] [info] [thread 28368] audio frame data pointers: data[0]=0x2191427f980, data[1]=0x21916a5db80
[2026-03-19 12:10:59.995] [info] [thread 31788] read_thread loop: ret=0, pkt->stream_index=0, audioq.size=23960, videoq.size=586725, eof=0
[2026-03-19 12:10:59.996] [info] [thread 31788] audio_stream: 1, video_stream: 0
[2026-03-19 12:11:00.020] [info] [thread 28368] audio.nb_samples=1024, channels=2, channel_layout=stereo, format=8, sample_rate=44100
[2026-03-19 12:11:00.020] [info] [thread 28368] audio frame data pointers: data[0]=0x2191427b580, data[1]=0x21914279380
[2026-03-19 12:11:00.029] [info] [thread 31788] read_thread loop: ret=0, pkt->stream_index=1, audioq.size=23491, videoq.size=594336, eof=0
[2026-03-19 12:11:00.029] [info] [thread 31788] audio_stream: 1, video_stream: 0
[2026-03-19 12:11:00.029] [info] [thread 31788] audio packet pts: 742400, audio_pkt_size=363
[2026-03-19 12:11:00.030] [info] [thread 31788] read_thread loop: ret=0, pkt->stream_index=0, audioq.size=23974, videoq.size=594336, eof=0
[2026-03-19 12:11:00.030] [info] [thread 31788] audio_stream: 1, video_stream: 0
[2026-03-19 12:11:00.051] [info] [thread 31788] read_thread loop: ret=0, pkt->stream_index=1, audioq.size=23974, videoq.size=582276, eof=0
[2026-03-19 12:11:00.052] [info] [thread 31788] audio_stream: 1, video_stream: 0
[2026-03-19 12:11:00.052] [info] [thread 31788] audio packet pts: 743424, audio_pkt_size=371
[2026-03-19 12:11:00.052] [info] [thread 31788] read_thread loop: ret=0, pkt->stream_index=0, audioq.size=24465, videoq.size=582276, eof=0
[2026-03-19 12:11:00.053] [info] [thread 31788] audio_stream: 1, video_stream: 0
[2026-03-19 12:11:00.070] [info] [thread 28368] audio.nb_samples=1024, channels=2, channel_layout=stereo, format=8, sample_rate=44100
[2026-03-19 12:11:00.070] [info] [thread 28368] audio frame data pointers: data[0]=0x21914283dc0, data[1]=0x21914281bc0
[2026-03-19 12:11:00.086] [info] [thread 31788] read_thread loop: ret=0, pkt->stream_index=1, audioq.size=23990, videoq.size=578041, eof=0
[2026-03-19 12:11:00.087] [info] [thread 31788] audio_stream: 1, video_stream: 0
[2026-03-19 12:11:00.087] [info] [thread 31788] audio packet pts: 744448, audio_pkt_size=372
[2026-03-19 12:11:00.088] [info] [thread 31788] read_thread loop: ret=0, pkt->stream_index=0, audioq.size=24482, videoq.size=578041, eof=0
[2026-03-19 12:11:00.088] [info] [thread 31788] audio_stream: 1, video_stream: 0
[2026-03-19 12:11:00.119] [info] [thread 31788] read_thread loop: ret=0, pkt->stream_index=0, audioq.size=24482, videoq.size=577453, eof=0
[2026-03-19 12:11:00.120] [info] [thread 28368] audio.nb_samples=1024, channels=2, channel_layout=stereo, format=8, sample_rate=44100
[2026-03-19 12:11:00.121] [info] [thread 28368] audio frame data pointers: data[0]=0x21914285fc0, data[1]=0x2191427d780
[2026-03-19 12:11:00.120] [info] [thread 31788] audio_stream: 1, video_stream: 0
[2026-03-19 12:11:00.153] [info] [thread 31788] read_thread loop: ret=0, pkt->stream_index=1, audioq.size=23990, videoq.size=588172, eof=0
[2026-03-19 12:11:00.154] [info] [thread 31788] audio_stream: 1, video_stream: 0
[2026-03-19 12:11:00.154] [info] [thread 31788] audio packet pts: 745472, audio_pkt_size=372
[2026-03-19 12:11:00.155] [info] [thread 31788] read_thread loop: ret=0, pkt->stream_index=0, audioq.size=24482, videoq.size=588172, eof=0
[2026-03-19 12:11:00.155] [info] [thread 31788] audio_stream: 1, video_stream: 0
[2026-03-19 12:11:00.160] [info] [thread 28368] audio.nb_samples=1024, channels=2, channel_layout=stereo, format=8, sample_rate=44100
[2026-03-19 12:11:00.160] [info] [thread 28368] audio frame data pointers: data[0]=0x2191428c600, data[1]=0x219142881c0
[2026-03-19 12:11:00.197] [info] [thread 31788] read_thread loop: ret=0, pkt->stream_index=1, audioq.size=23997, videoq.size=579957, eof=0
[2026-03-19 12:11:00.198] [info] [thread 31788] audio_stream: 1, video_stream: 0
[2026-03-19 12:11:00.199] [info] [thread 31788] audio packet pts: 746496, audio_pkt_size=384
[2026-03-19 12:11:00.199] [info] [thread 31788] read_thread loop: ret=0, pkt->stream_index=0, audioq.size=24501, videoq.size=579957, eof=0
[2026-03-19 12:11:00.199] [info] [thread 31788] audio_stream: 1, video_stream: 0
[2026-03-19 12:11:00.210] [info] [thread 28368] audio.nb_samples=1024, channels=2, channel_layout=stereo, format=8, sample_rate=44100
[2026-03-19 12:11:00.210] [info] [thread 28368] audio frame data pointers: data[0]=0x21914290a00, data[1]=0x2191428a400
[2026-03-19 12:11:00.232] [info] [thread 31788] read_thread loop: ret=0, pkt->stream_index=0, audioq.size=24016, videoq.size=577313, eof=0
[2026-03-19 12:11:00.232] [info] [thread 31788] audio_stream: 1, video_stream: 0
[2026-03-19 12:11:00.254] [info] [thread 31788] read_thread loop: ret=0, pkt->stream_index=1, audioq.size=24016, videoq.size=578796, eof=0
[2026-03-19 12:11:00.255] [info] [thread 31788] audio_stream: 1, video_stream: 0
[2026-03-19 12:11:00.255] [info] [thread 31788] audio packet pts: 747520, audio_pkt_size=407
[2026-03-19 12:11:00.256] [info] [thread 31788] read_thread loop: ret=0, pkt->stream_index=0, audioq.size=24543, videoq.size=578796, eof=0
[2026-03-19 12:11:00.256] [info] [thread 31788] audio_stream: 1, video_stream: 0
[2026-03-19 12:11:00.260] [info] [thread 28368] audio.nb_samples=1024, channels=2, channel_layout=stereo, format=8, sample_rate=44100
[2026-03-19 12:11:00.260] [info] [thread 28368] audio frame data pointers: data[0]=0x21914788040, data[1]=0x2191478a0c0
[2026-03-19 12:11:00.287] [info] [thread 31788] read_thread loop: ret=0, pkt->stream_index=1, audioq.size=24063, videoq.size=591552, eof=0
[2026-03-19 12:11:00.288] [info] [thread 31788] audio_stream: 1, video_stream: 0
[2026-03-19 12:11:00.288] [info] [thread 31788] audio packet pts: 748544, audio_pkt_size=363
[2026-03-19 12:11:00.289] [info] [thread 31788] read_thread loop: ret=0, pkt->stream_index=0, audioq.size=24546, videoq.size=591552, eof=0
[2026-03-19 12:11:00.289] [info] [thread 31788] audio_stream: 1, video_stream: 0
[2026-03-19 12:11:00.300] [info] [thread 28368] audio.nb_samples=1024, channels=2, channel_layout=stereo, format=8, sample_rate=44100
[2026-03-19 12:11:00.300] [info] [thread 28368] audio frame data pointers: data[0]=0x21916b27480, data[1]=0x21916f92a00
[2026-03-19 12:11:00.320] [info] [thread 31788] read_thread loop: ret=0, pkt->stream_index=1, audioq.size=24059, videoq.size=581513, eof=0
[2026-03-19 12:11:00.321] [info] [thread 31788] audio_stream: 1, video_stream: 0
[2026-03-19 12:11:00.321] [info] [thread 31788] audio packet pts: 749568, audio_pkt_size=363
[2026-03-19 12:11:00.322] [info] [thread 31788] read_thread loop: ret=0, pkt->stream_index=0, audioq.size=24542, videoq.size=581513, eof=0
[2026-03-19 12:11:00.322] [info] [thread 31788] audio_stream: 1, video_stream: 0
[2026-03-19 12:11:00.350] [info] [thread 28368] audio.nb_samples=1024, channels=2, channel_layout=stereo, format=8, sample_rate=44100
[2026-03-19 12:11:00.350] [info] [thread 28368] audio frame data pointers: data[0]=0x21916f96e40, data[1]=0x21916f9b500
[2026-03-19 12:11:00.353] [info] [thread 31788] read_thread loop: ret=0, pkt->stream_index=0, audioq.size=23943, videoq.size=577946, eof=0
[2026-03-19 12:11:00.354] [info] [thread 31788] audio_stream: 1, video_stream: 0
[2026-03-19 12:11:00.386] [info] [thread 31788] read_thread loop: ret=0, pkt->stream_index=1, audioq.size=23943, videoq.size=578309, eof=0
[2026-03-19 12:11:00.387] [info] [thread 31788] audio_stream: 1, video_stream: 0
[2026-03-19 12:11:00.387] [info] [thread 31788] audio packet pts: 750592, audio_pkt_size=385
[2026-03-19 12:11:00.387] [info] [thread 31788] read_thread loop: ret=0, pkt->stream_index=0, audioq.size=24448, videoq.size=578309, eof=0
[2026-03-19 12:11:00.387] [info] [thread 31788] audio_stream: 1, video_stream: 0
[2026-03-19 12:11:00.390] [info] [thread 28368] audio.nb_samples=1024, channels=2, channel_layout=stereo, format=8, sample_rate=44100
[2026-03-19 12:11:00.390] [info] [thread 28368] audio frame data pointers: data[0]=0x21916a5bb00, data[1]=0x21916f98e80
[2026-03-19 12:11:00.419] [info] [thread 31788] read_thread loop: ret=0, pkt->stream_index=1, audioq.size=23990, videoq.size=587205, eof=0
[2026-03-19 12:11:00.419] [info] [thread 31788] audio_stream: 1, video_stream: 0
[2026-03-19 12:11:00.420] [info] [thread 31788] audio packet pts: 751616, audio_pkt_size=375
[2026-03-19 12:11:00.420] [info] [thread 31788] read_thread loop: ret=0, pkt->stream_index=0, audioq.size=24485, videoq.size=587205, eof=0
[2026-03-19 12:11:00.420] [info] [thread 31788] audio_stream: 1, video_stream: 0
[2026-03-19 12:11:00.440] [info] [thread 28368] audio.nb_samples=1024, channels=2, channel_layout=stereo, format=8, sample_rate=44100
[2026-03-19 12:11:00.440] [info] [thread 28368] audio frame data pointers: data[0]=0x21916a5db80, data[1]=0x2191427f980
[2026-03-19 12:11:00.462] [info] [thread 31788] read_thread loop: ret=0, pkt->stream_index=1, audioq.size=24017, videoq.size=577385, eof=0
[2026-03-19 12:11:00.462] [info] [thread 31788] audio_stream: 1, video_stream: 0
[2026-03-19 12:11:00.463] [info] [thread 31788] audio packet pts: 752640, audio_pkt_size=388
[2026-03-19 12:11:00.463] [info] [thread 31788] read_thread loop: ret=0, pkt->stream_index=0, audioq.size=24525, videoq.size=577385, eof=0
[2026-03-19 12:11:00.464] [info] [thread 31788] audio_stream: 1, video_stream: 0
[2026-03-19 12:11:00.490] [info] [thread 28368] audio.nb_samples=1024, channels=2, channel_layout=stereo, format=8, sample_rate=44100
[2026-03-19 12:11:00.491] [info] [thread 28368] audio frame data pointers: data[0]=0x21914279380, data[1]=0x2191427b580
[2026-03-19 12:11:00.494] [info] [thread 31788] read_thread loop: ret=0, pkt->stream_index=0, audioq.size=24050, videoq.size=573074, eof=0
[2026-03-19 12:11:00.494] [info] [thread 31788] audio_stream: 1, video_stream: 0
[2026-03-19 12:11:00.527] [info] [thread 31788] read_thread loop: ret=0, pkt->stream_index=1, audioq.size=24050, videoq.size=573854, eof=0
[2026-03-19 12:11:00.527] [info] [thread 31788] audio_stream: 1, video_stream: 0
[2026-03-19 12:11:00.528] [info] [thread 31788] audio packet pts: 753664, audio_pkt_size=374
[2026-03-19 12:11:00.528] [info] [thread 31788] read_thread loop: ret=0, pkt->stream_index=0, audioq.size=24544, videoq.size=573854, eof=0
[2026-03-19 12:11:00.528] [info] [thread 31788] audio_stream: 1, video_stream: 0
[2026-03-19 12:11:00.530] [info] [thread 28368] audio.nb_samples=1024, channels=2, channel_layout=stereo, format=8, sample_rate=44100
[2026-03-19 12:11:00.530] [info] [thread 28368] audio frame data pointers: data[0]=0x21914281bc0, data[1]=0x21914283dc0
[2026-03-19 12:11:00.551] [info] [thread 31788] read_thread loop: ret=0, pkt->stream_index=1, audioq.size=24063, videoq.size=583557, eof=0
[2026-03-19 12:11:00.551] [info] [thread 31788] audio_stream: 1, video_stream: 0
[2026-03-19 12:11:00.552] [info] [thread 31788] audio packet pts: 754688, audio_pkt_size=369
[2026-03-19 12:11:00.552] [info] [thread 31788] read_thread loop: ret=0, pkt->stream_index=0, audioq.size=24552, videoq.size=583557, eof=0
[2026-03-19 12:11:00.553] [info] [thread 31788] audio_stream: 1, video_stream: 0
[2026-03-19 12:11:00.580] [info] [thread 28368] audio.nb_samples=1024, channels=2, channel_layout=stereo, format=8, sample_rate=44100
[2026-03-19 12:11:00.580] [info] [thread 28368] audio frame data pointers: data[0]=0x2191427d780, data[1]=0x21914285fc0
[2026-03-19 12:11:00.584] [info] [thread 31788] read_thread loop: ret=0, pkt->stream_index=0, audioq.size=24063, videoq.size=575729, eof=0
[2026-03-19 12:11:00.584] [info] [thread 31788] audio_stream: 1, video_stream: 0
[2026-03-19 12:11:00.630] [info] [thread 28368] audio.nb_samples=1024, channels=2, channel_layout=stereo, format=8, sample_rate=44100
[2026-03-19 12:11:00.630] [info] [thread 28368] audio frame data pointers: data[0]=0x219142881c0, data[1]=0x2191428c600
[2026-03-19 12:11:00.637] [info] [thread 31788] read_thread loop: ret=0, pkt->stream_index=1, audioq.size=23577, videoq.size=570989, eof=0
[2026-03-19 12:11:00.637] [info] [thread 31788] audio_stream: 1, video_stream: 0
[2026-03-19 12:11:00.638] [info] [thread 31788] audio packet pts: 755712, audio_pkt_size=373
[2026-03-19 12:11:00.638] [info] [thread 31788] read_thread loop: ret=0, pkt->stream_index=0, audioq.size=24070, videoq.size=570989, eof=0
[2026-03-19 12:11:00.638] [info] [thread 31788] audio_stream: 1, video_stream: 0
[2026-03-19 12:11:00.668] [info] [thread 31788] read_thread loop: ret=0, pkt->stream_index=1, audioq.size=24070, videoq.size=570668, eof=0
[2026-03-19 12:11:00.669] [info] [thread 31788] audio_stream: 1, video_stream: 0
[2026-03-19 12:11:00.670] [info] [thread 31788] audio packet pts: 756736, audio_pkt_size=366
[2026-03-19 12:11:00.670] [info] [thread 28368] audio.nb_samples=1024, channels=2, channel_layout=stereo, format=8, sample_rate=44100
[2026-03-19 12:11:00.670] [info] [thread 28368] audio frame data pointers: data[0]=0x2191428a400, data[1]=0x21914290a00
[2026-03-19 12:11:00.670] [info] [thread 31788] read_thread loop: ret=0, pkt->stream_index=0, audioq.size=24072, videoq.size=570668, eof=0
[2026-03-19 12:11:00.671] [info] [thread 31788] audio_stream: 1, video_stream: 0
[2026-03-19 12:11:00.693] [info] [thread 31788] read_thread loop: ret=0, pkt->stream_index=1, audioq.size=24072, videoq.size=574590, eof=0
[2026-03-19 12:11:00.693] [info] [thread 31788] audio_stream: 1, video_stream: 0
[2026-03-19 12:11:00.694] [info] [thread 31788] audio packet pts: 757760, audio_pkt_size=366
[2026-03-19 12:11:00.694] [info] [thread 31788] read_thread loop: ret=0, pkt->stream_index=0, audioq.size=24558, videoq.size=574590, eof=0
[2026-03-19 12:11:00.695] [info] [thread 31788] audio_stream: 1, video_stream: 0
[2026-03-19 12:11:00.720] [info] [thread 28368] audio.nb_samples=1024, channels=2, channel_layout=stereo, format=8, sample_rate=44100
[2026-03-19 12:11:00.720] [info] [thread 28368] audio frame data pointers: data[0]=0x2191478a0c0, data[1]=0x21914788040
[2026-03-19 12:11:00.726] [info] [thread 31788] read_thread loop: ret=0, pkt->stream_index=0, audioq.size=24082, videoq.size=560642, eof=0
[2026-03-19 12:11:00.727] [info] [thread 31788] audio_stream: 1, video_stream: 0
[2026-03-19 12:11:00.759] [info] [thread 31788] read_thread loop: ret=0, pkt->stream_index=1, audioq.size=24082, videoq.size=579686, eof=0
[2026-03-19 12:11:00.759] [info] [thread 31788] audio_stream: 1, video_stream: 0
[2026-03-19 12:11:00.760] [info] [thread 31788] audio packet pts: 758784, audio_pkt_size=487
[2026-03-19 12:11:00.760] [info] [thread 31788] read_thread loop: ret=0, pkt->stream_index=0, audioq.size=24689, videoq.size=579686, eof=0
[2026-03-19 12:11:00.761] [info] [thread 31788] audio_stream: 1, video_stream: 0
[2026-03-19 12:11:00.770] [info] [thread 28368] audio.nb_samples=1024, channels=2, channel_layout=stereo, format=8, sample_rate=44100
[2026-03-19 12:11:00.770] [info] [thread 28368] audio frame data pointers: data[0]=0x21916f92a00, data[1]=0x21916b27480
[2026-03-19 12:11:00.794] [info] [thread 31788] read_thread loop: ret=0, pkt->stream_index=1, audioq.size=24210, videoq.size=585987, eof=0
[2026-03-19 12:11:00.794] [info] [thread 31788] audio_stream: 1, video_stream: 0
[2026-03-19 12:11:00.795] [info] [thread 31788] audio packet pts: 759808, audio_pkt_size=315
[2026-03-19 12:11:00.795] [info] [thread 31788] read_thread loop: ret=0, pkt->stream_index=0, audioq.size=24645, videoq.size=585987, eof=0
[2026-03-19 12:11:00.795] [info] [thread 31788] audio_stream: 1, video_stream: 0
[2026-03-19 12:11:00.810] [info] [thread 28368] audio.nb_samples=1024, channels=2, channel_layout=stereo, format=8, sample_rate=44100
[2026-03-19 12:11:00.810] [info] [thread 28368] audio frame data pointers: data[0]=0x21916f9b500, data[1]=0x21916f96e40
[2026-03-19 12:11:00.817] [info] [thread 31788] read_thread loop: ret=0, pkt->stream_index=0, audioq.size=24134, videoq.size=591621, eof=0
[2026-03-19 12:11:00.817] [info] [thread 31788] audio_stream: 1, video_stream: 0
[2026-03-19 12:11:00.860] [info] [thread 28368] audio.nb_samples=1024, channels=2, channel_layout=stereo, format=8, sample_rate=44100
[2026-03-19 12:11:00.860] [info] [thread 28368] audio frame data pointers: data[0]=0x21916f98e80, data[1]=0x21916a5bb00
[2026-03-19 12:11:00.871] [info] [thread 31788] read_thread loop: ret=0, pkt->stream_index=1, audioq.size=23570, videoq.size=585544, eof=0
[2026-03-19 12:11:00.871] [info] [thread 31788] audio_stream: 1, video_stream: 0
[2026-03-19 12:11:00.872] [info] [thread 31788] audio packet pts: 760832, audio_pkt_size=351
[2026-03-19 12:11:00.873] [info] [thread 31788] read_thread loop: ret=0, pkt->stream_index=0, audioq.size=24041, videoq.size=585544, eof=0
[2026-03-19 12:11:00.873] [info] [thread 31788] audio_stream: 1, video_stream: 0
[2026-03-19 12:11:00.885] [info] [thread 31788] read_thread loop: ret=0, pkt->stream_index=1, audioq.size=24041, videoq.size=587210, eof=0
[2026-03-19 12:11:00.885] [info] [thread 31788] audio_stream: 1, video_stream: 0
[2026-03-19 12:11:00.886] [info] [thread 31788] audio packet pts: 761856, audio_pkt_size=375
[2026-03-19 12:11:00.886] [info] [thread 31788] read_thread loop: ret=0, pkt->stream_index=0, audioq.size=24536, videoq.size=587210, eof=0
[2026-03-19 12:11:00.887] [info] [thread 31788] audio_stream: 1, video_stream: 0
[2026-03-19 12:11:00.910] [info] [thread 28368] audio.nb_samples=1024, channels=2, channel_layout=stereo, format=8, sample_rate=44100
[2026-03-19 12:11:00.910] [info] [thread 28368] audio frame data pointers: data[0]=0x2191427f980, data[1]=0x21916a5db80
[2026-03-19 12:11:00.919] [info] [thread 31788] read_thread loop: ret=0, pkt->stream_index=1, audioq.size=23996, videoq.size=580036, eof=0
[2026-03-19 12:11:00.919] [info] [thread 31788] audio_stream: 1, video_stream: 0
[2026-03-19 12:11:00.920] [info] [thread 31788] audio packet pts: 762880, audio_pkt_size=373
[2026-03-19 12:11:00.921] [info] [thread 31788] read_thread loop: ret=0, pkt->stream_index=0, audioq.size=24489, videoq.size=580036, eof=0
[2026-03-19 12:11:00.921] [info] [thread 31788] audio_stream: 1, video_stream: 0
[2026-03-19 12:11:00.950] [info] [thread 28368] audio.nb_samples=1024, channels=2, channel_layout=stereo, format=8, sample_rate=44100
[2026-03-19 12:11:00.950] [info] [thread 28368] audio frame data pointers: data[0]=0x2191427b580, data[1]=0x21914279380
[2026-03-19 12:11:00.962] [info] [thread 31788] read_thread loop: ret=0, pkt->stream_index=0, audioq.size=24013, videoq.size=586567, eof=0
[2026-03-19 12:11:00.963] [info] [thread 31788] audio_stream: 1, video_stream: 0
[2026-03-19 12:11:00.995] [info] [thread 31788] read_thread loop: ret=0, pkt->stream_index=1, audioq.size=24013, videoq.size=589152, eof=0
[2026-03-19 12:11:00.996] [info] [thread 31788] audio_stream: 1, video_stream: 0
[2026-03-19 12:11:00.996] [info] [thread 31788] audio packet pts: 763904, audio_pkt_size=359
[2026-03-19 12:11:00.996] [info] [thread 31788] read_thread loop: ret=0, pkt->stream_index=0, audioq.size=24492, videoq.size=589152, eof=0
[2026-03-19 12:11:00.997] [info] [thread 31788] audio_stream: 1, video_stream: 0
[2026-03-19 12:11:01.000] [info] [thread 28368] audio.nb_samples=1024, channels=2, channel_layout=stereo, format=8, sample_rate=44100
[2026-03-19 12:11:01.000] [info] [thread 28368] audio frame data pointers: data[0]=0x21914283dc0, data[1]=0x21914281bc0
[2026-03-19 12:11:01.029] [info] [thread 31788] read_thread loop: ret=0, pkt->stream_index=1, audioq.size=24012, videoq.size=577613, eof=0
[2026-03-19 12:11:01.030] [info] [thread 31788] audio_stream: 1, video_stream: 0
[2026-03-19 12:11:01.030] [info] [thread 31788] audio packet pts: 764928, audio_pkt_size=361
[2026-03-19 12:11:01.031] [info] [thread 31788] read_thread loop: ret=0, pkt->stream_index=0, audioq.size=24493, videoq.size=577613, eof=0
[2026-03-19 12:11:01.031] [info] [thread 31788] audio_stream: 1, video_stream: 0
[2026-03-19 12:11:01.040] [info] [thread 28368] audio.nb_samples=1024, channels=2, channel_layout=stereo, format=8, sample_rate=44100
[2026-03-19 12:11:01.040] [info] [thread 28368] audio frame data pointers: data[0]=0x21914285fc0, data[1]=0x2191427d780
[2026-03-19 12:11:01.051] [info] [thread 31788] read_thread loop: ret=0, pkt->stream_index=0, audioq.size=23963, videoq.size=567377, eof=0
[2026-03-19 12:11:01.052] [info] [thread 31788] audio_stream: 1, video_stream: 0
[2026-03-19 12:11:01.083] [info] [thread 31788] read_thread loop: ret=0, pkt->stream_index=1, audioq.size=23963, videoq.size=564926, eof=0
[2026-03-19 12:11:01.084] [info] [thread 31788] audio_stream: 1, video_stream: 0
[2026-03-19 12:11:01.084] [info] [thread 31788] audio packet pts: 765952, audio_pkt_size=370
[2026-03-19 12:11:01.085] [info] [thread 31788] read_thread loop: ret=0, pkt->stream_index=0, audioq.size=24453, videoq.size=564926, eof=0
[2026-03-19 12:11:01.085] [info] [thread 31788] audio_stream: 1, video_stream: 0
[2026-03-19 12:11:01.090] [info] [thread 28368] audio.nb_samples=1024, channels=2, channel_layout=stereo, format=8, sample_rate=44100
[2026-03-19 12:11:01.090] [info] [thread 28368] audio frame data pointers: data[0]=0x2191428c600, data[1]=0x219142881c0
[2026-03-19 12:11:01.136] [info] [thread 31788] read_thread loop: ret=0, pkt->stream_index=1, audioq.size=23921, videoq.size=559184, eof=0
[2026-03-19 12:11:01.137] [info] [thread 31788] audio_stream: 1, video_stream: 0
[2026-03-19 12:11:01.137] [info] [thread 31788] audio packet pts: 766976, audio_pkt_size=364
[2026-03-19 12:11:01.138] [info] [thread 31788] read_thread loop: ret=0, pkt->stream_index=0, audioq.size=24405, videoq.size=559184, eof=0
[2026-03-19 12:11:01.138] [info] [thread 31788] audio_stream: 1, video_stream: 0
[2026-03-19 12:11:01.140] [info] [thread 28368] audio.nb_samples=1024, channels=2, channel_layout=stereo, format=8, sample_rate=44100
[2026-03-19 12:11:01.140] [info] [thread 28368] audio frame data pointers: data[0]=0x21914290a00, data[1]=0x2191428a400
[2026-03-19 12:11:01.160] [info] [thread 31788] read_thread loop: ret=0, pkt->stream_index=1, audioq.size=23923, videoq.size=550927, eof=0
[2026-03-19 12:11:01.161] [info] [thread 31788] audio_stream: 1, video_stream: 0
[2026-03-19 12:11:01.161] [info] [thread 31788] audio packet pts: 768000, audio_pkt_size=360
[2026-03-19 12:11:01.162] [info] [thread 31788] read_thread loop: ret=0, pkt->stream_index=0, audioq.size=24403, videoq.size=550927, eof=0
[2026-03-19 12:11:01.162] [info] [thread 31788] audio_stream: 1, video_stream: 0
[2026-03-19 12:11:01.180] [info] [thread 28368] audio.nb_samples=1024, channels=2, channel_layout=stereo, format=8, sample_rate=44100
[2026-03-19 12:11:01.180] [info] [thread 28368] audio frame data pointers: data[0]=0x21914788040, data[1]=0x2191478a0c0
[2026-03-19 12:11:01.194] [info] [thread 31788] read_thread loop: ret=0, pkt->stream_index=0, audioq.size=23866, videoq.size=543237, eof=0
[2026-03-19 12:11:01.194] [info] [thread 31788] audio_stream: 1, video_stream: 0
[2026-03-19 12:11:01.225] [info] [thread 31788] read_thread loop: ret=0, pkt->stream_index=1, audioq.size=23866, videoq.size=545933, eof=0
[2026-03-19 12:11:01.226] [info] [thread 31788] audio_stream: 1, video_stream: 0
[2026-03-19 12:11:01.226] [info] [thread 31788] audio packet pts: 769024, audio_pkt_size=367
[2026-03-19 12:11:01.227] [info] [thread 31788] read_thread loop: ret=0, pkt->stream_index=0, audioq.size=24353, videoq.size=545933, eof=0
[2026-03-19 12:11:01.227] [info] [thread 31788] audio_stream: 1, video_stream: 0
[2026-03-19 12:11:01.230] [info] [thread 28368] audio.nb_samples=1024, channels=2, channel_layout=stereo, format=8, sample_rate=44100
[2026-03-19 12:11:01.230] [info] [thread 28368] audio frame data pointers: data[0]=0x21916b27480, data[1]=0x21916f92a00
[2026-03-19 12:11:01.259] [info] [thread 31788] read_thread loop: ret=0, pkt->stream_index=1, audioq.size=23818, videoq.size=546499, eof=0
[2026-03-19 12:11:01.259] [info] [thread 31788] audio_stream: 1, video_stream: 0
[2026-03-19 12:11:01.260] [info] [thread 31788] audio packet pts: 770048, audio_pkt_size=364
[2026-03-19 12:11:01.260] [info] [thread 31788] read_thread loop: ret=0, pkt->stream_index=0, audioq.size=24302, videoq.size=546499, eof=0
[2026-03-19 12:11:01.261] [info] [thread 31788] audio_stream: 1, video_stream: 0
[2026-03-19 12:11:01.280] [info] [thread 28368] audio.nb_samples=1024, channels=2, channel_layout=stereo, format=8, sample_rate=44100
[2026-03-19 12:11:01.280] [info] [thread 28368] audio frame data pointers: data[0]=0x21916f96e40, data[1]=0x21916f9b500
[2026-03-19 12:11:01.294] [info] [thread 31788] read_thread loop: ret=0, pkt->stream_index=0, audioq.size=23781, videoq.size=537366, eof=0
[2026-03-19 12:11:01.294] [info] [thread 31788] audio_stream: 1, video_stream: 0
[2026-03-19 12:11:01.320] [info] [thread 28368] audio.nb_samples=1024, channels=2, channel_layout=stereo, format=8, sample_rate=44100
[2026-03-19 12:11:01.320] [info] [thread 28368] audio frame data pointers: data[0]=0x21916a5bb00, data[1]=0x21916f98e80
[2026-03-19 12:11:01.326] [info] [thread 31788] read_thread loop: ret=0, pkt->stream_index=1, audioq.size=23288, videoq.size=534235, eof=0
[2026-03-19 12:11:01.327] [info] [thread 31788] audio_stream: 1, video_stream: 0
[2026-03-19 12:11:01.327] [info] [thread 31788] audio packet pts: 771072, audio_pkt_size=390
[2026-03-19 12:11:01.327] [info] [thread 31788] read_thread loop: ret=0, pkt->stream_index=0, audioq.size=23798, videoq.size=534235, eof=0
[2026-03-19 12:11:01.328] [info] [thread 31788] audio_stream: 1, video_stream: 0
[2026-03-19 12:11:01.370] [info] [thread 31788] read_thread loop: ret=0, pkt->stream_index=1, audioq.size=23798, videoq.size=539909, eof=0
[2026-03-19 12:11:01.370] [info] [thread 28368] audio.nb_samples=1024, channels=2, channel_layout=stereo, format=8, sample_rate=44100
[2026-03-19 12:11:01.371] [info] [thread 31788] audio_stream: 1, video_stream: 0
[2026-03-19 12:11:01.371] [info] [thread 28368] audio frame data pointers: data[0]=0x21916a5db80, data[1]=0x2191427f980
[2026-03-19 12:11:01.372] [info] [thread 31788] audio packet pts: 772096, audio_pkt_size=396
[2026-03-19 12:11:01.373] [info] [thread 31788] read_thread loop: ret=0, pkt->stream_index=0, audioq.size=23817, videoq.size=539909, eof=0
[2026-03-19 12:11:01.373] [info] [thread 31788] audio_stream: 1, video_stream: 0
[2026-03-19 12:11:01.404] [info] [thread 31788] read_thread loop: ret=0, pkt->stream_index=1, audioq.size=23817, videoq.size=534337, eof=0
[2026-03-19 12:11:01.404] [info] [thread 31788] audio_stream: 1, video_stream: 0
[2026-03-19 12:11:01.405] [info] [thread 31788] audio packet pts: 773120, audio_pkt_size=369
[2026-03-19 12:11:01.405] [info] [thread 31788] read_thread loop: ret=0, pkt->stream_index=0, audioq.size=24306, videoq.size=534337, eof=0
[2026-03-19 12:11:01.405] [info] [thread 31788] audio_stream: 1, video_stream: 0
[2026-03-19 12:11:01.420] [info] [thread 28368] audio.nb_samples=1024, channels=2, channel_layout=stereo, format=8, sample_rate=44100
[2026-03-19 12:11:01.420] [info] [thread 28368] audio frame data pointers: data[0]=0x21914279380, data[1]=0x2191427b580
[2026-03-19 12:11:01.427] [info] [thread 31788] read_thread loop: ret=0, pkt->stream_index=0, audioq.size=23833, videoq.size=532269, eof=0
[2026-03-19 12:11:01.428] [info] [thread 31788] audio_stream: 1, video_stream: 0
[2026-03-19 12:11:01.459] [info] [thread 31788] read_thread loop: ret=0, pkt->stream_index=1, audioq.size=23833, videoq.size=520102, eof=0
[2026-03-19 12:11:01.459] [info] [thread 31788] audio_stream: 1, video_stream: 0
[2026-03-19 12:11:01.460] [info] [thread 31788] audio packet pts: 774144, audio_pkt_size=358
[2026-03-19 12:11:01.460] [info] [thread 28368] audio.nb_samples=1024, channels=2, channel_layout=stereo, format=8, sample_rate=44100
[2026-03-19 12:11:01.460] [info] [thread 28368] audio frame data pointers: data[0]=0x21914281bc0, data[1]=0x21914283dc0
[2026-03-19 12:11:01.460] [info] [thread 31788] read_thread loop: ret=0, pkt->stream_index=0, audioq.size=23827, videoq.size=520102, eof=0
[2026-03-19 12:11:01.461] [info] [thread 31788] audio_stream: 1, video_stream: 0
[2026-03-19 12:11:01.491] [info] [thread 31788] read_thread loop: ret=0, pkt->stream_index=1, audioq.size=23827, videoq.size=527238, eof=0
[2026-03-19 12:11:01.492] [info] [thread 31788] audio_stream: 1, video_stream: 0
[2026-03-19 12:11:01.493] [info] [thread 31788] audio packet pts: 775168, audio_pkt_size=357
[2026-03-19 12:11:01.493] [info] [thread 31788] read_thread loop: ret=0, pkt->stream_index=0, audioq.size=24304, videoq.size=527238, eof=0
[2026-03-19 12:11:01.494] [info] [thread 31788] audio_stream: 1, video_stream: 0
[2026-03-19 12:11:01.510] [info] [thread 28368] audio.nb_samples=1024, channels=2, channel_layout=stereo, format=8, sample_rate=44100
[2026-03-19 12:11:01.510] [info] [thread 28368] audio frame data pointers: data[0]=0x2191427d780, data[1]=0x21914285fc0
[2026-03-19 12:11:01.526] [info] [thread 31788] read_thread loop: ret=0, pkt->stream_index=1, audioq.size=23868, videoq.size=528671, eof=0
[2026-03-19 12:11:01.526] [info] [thread 31788] audio_stream: 1, video_stream: 0
[2026-03-19 12:11:01.527] [info] [thread 31788] audio packet pts: 776192, audio_pkt_size=355
[2026-03-19 12:11:01.527] [info] [thread 31788] read_thread loop: ret=0, pkt->stream_index=0, audioq.size=24343, videoq.size=528671, eof=0
[2026-03-19 12:11:01.527] [info] [thread 31788] audio_stream: 1, video_stream: 0
[2026-03-19 12:11:01.559] [info] [thread 31788] read_thread loop: ret=0, pkt->stream_index=0, audioq.size=24343, videoq.size=527869, eof=0
[2026-03-19 12:11:01.560] [info] [thread 31788] audio_stream: 1, video_stream: 0
[2026-03-19 12:11:01.560] [info] [thread 28368] audio.nb_samples=1024, channels=2, channel_layout=stereo, format=8, sample_rate=44100
[2026-03-19 12:11:01.560] [info] [thread 28368] audio frame data pointers: data[0]=0x219142881c0, data[1]=0x2191428c600
[2026-03-19 12:11:01.590] [info] [thread 31788] read_thread loop: ret=0, pkt->stream_index=1, audioq.size=23879, videoq.size=520187, eof=0
[2026-03-19 12:11:01.591] [info] [thread 31788] audio_stream: 1, video_stream: 0
[2026-03-19 12:11:01.591] [info] [thread 31788] audio packet pts: 777216, audio_pkt_size=379
[2026-03-19 12:11:01.591] [info] [thread 31788] read_thread loop: ret=0, pkt->stream_index=0, audioq.size=24378, videoq.size=520187, eof=0
[2026-03-19 12:11:01.592] [info] [thread 31788] audio_stream: 1, video_stream: 0
[2026-03-19 12:11:01.600] [info] [thread 28368] audio.nb_samples=1024, channels=2, channel_layout=stereo, format=8, sample_rate=44100
[2026-03-19 12:11:01.600] [info] [thread 28368] audio frame data pointers: data[0]=0x2191428a400, data[1]=0x21914290a00
[2026-03-19 12:11:01.622] [info] [thread 31788] read_thread loop: ret=0, pkt->stream_index=1, audioq.size=23887, videoq.size=529154, eof=0
[2026-03-19 12:11:01.622] [info] [thread 31788] audio_stream: 1, video_stream: 0
[2026-03-19 12:11:01.623] [info] [thread 31788] audio packet pts: 778240, audio_pkt_size=381
[2026-03-19 12:11:01.623] [info] [thread 31788] read_thread loop: ret=0, pkt->stream_index=0, audioq.size=24388, videoq.size=529154, eof=0
[2026-03-19 12:11:01.623] [info] [thread 31788] audio_stream: 1, video_stream: 0
[2026-03-19 12:11:01.650] [info] [thread 28368] audio.nb_samples=1024, channels=2, channel_layout=stereo, format=8, sample_rate=44100
[2026-03-19 12:11:01.650] [info] [thread 28368] audio frame data pointers: data[0]=0x2191478a0c0, data[1]=0x21914788040
[2026-03-19 12:11:01.667] [info] [thread 31788] read_thread loop: ret=0, pkt->stream_index=0, audioq.size=23900, videoq.size=533393, eof=0
[2026-03-19 12:11:01.667] [info] [thread 31788] audio_stream: 1, video_stream: 0
[2026-03-19 12:11:01.690] [info] [thread 28368] audio.nb_samples=1024, channels=2, channel_layout=stereo, format=8, sample_rate=44100
[2026-03-19 12:11:01.690] [info] [thread 28368] audio frame data pointers: data[0]=0x21916f92a00, data[1]=0x21916b27480
[2026-03-19 12:11:01.699] [info] [thread 31788] read_thread loop: ret=0, pkt->stream_index=1, audioq.size=23438, videoq.size=533635, eof=0
[2026-03-19 12:11:01.699] [info] [thread 31788] audio_stream: 1, video_stream: 0
[2026-03-19 12:11:01.699] [info] [thread 31788] audio packet pts: 779264, audio_pkt_size=374
[2026-03-19 12:11:01.700] [info] [thread 31788] read_thread loop: ret=0, pkt->stream_index=0, audioq.size=23932, videoq.size=533635, eof=0
[2026-03-19 12:11:01.701] [info] [thread 31788] audio_stream: 1, video_stream: 0
[2026-03-19 12:11:01.723] [info] [thread 31788] read_thread loop: ret=0, pkt->stream_index=1, audioq.size=23932, videoq.size=524119, eof=0
[2026-03-19 12:11:01.724] [info] [thread 31788] audio_stream: 1, video_stream: 0
[2026-03-19 12:11:01.724] [info] [thread 31788] audio packet pts: 780288, audio_pkt_size=429
[2026-03-19 12:11:01.725] [info] [thread 31788] read_thread loop: ret=0, pkt->stream_index=0, audioq.size=24481, videoq.size=524119, eof=0
[2026-03-19 12:11:01.725] [info] [thread 31788] audio_stream: 1, video_stream: 0
[2026-03-19 12:11:01.740] [info] [thread 28368] audio.nb_samples=1024, channels=2, channel_layout=stereo, format=8, sample_rate=44100
[2026-03-19 12:11:01.740] [info] [thread 28368] audio frame data pointers: data[0]=0x21916f9b500, data[1]=0x21916f96e40
[2026-03-19 12:11:01.757] [info] [thread 31788] read_thread loop: ret=0, pkt->stream_index=1, audioq.size=24005, videoq.size=528238, eof=0
[2026-03-19 12:11:01.758] [info] [thread 31788] audio_stream: 1, video_stream: 0
[2026-03-19 12:11:01.758] [info] [thread 31788] audio packet pts: 781312, audio_pkt_size=358
[2026-03-19 12:11:01.758] [info] [thread 31788] read_thread loop: ret=0, pkt->stream_index=0, audioq.size=24483, videoq.size=528238, eof=0
[2026-03-19 12:11:01.759] [info] [thread 31788] audio_stream: 1, video_stream: 0
[2026-03-19 12:11:01.790] [info] [thread 31788] read_thread loop: ret=0, pkt->stream_index=0, audioq.size=24483, videoq.size=537945, eof=0
[2026-03-19 12:11:01.790] [info] [thread 28368] audio.nb_samples=1024, channels=2, channel_layout=stereo, format=8, sample_rate=44100
[2026-03-19 12:11:01.791] [info] [thread 31788] audio_stream: 1, video_stream: 0
[2026-03-19 12:11:01.791] [info] [thread 28368] audio frame data pointers: data[0]=0x21916f98e80, data[1]=0x21916a5bb00
[2026-03-19 12:11:01.825] [info] [thread 31788] read_thread loop: ret=0, pkt->stream_index=1, audioq.size=24040, videoq.size=541969, eof=0
[2026-03-19 12:11:01.826] [info] [thread 31788] audio_stream: 1, video_stream: 0
[2026-03-19 12:11:01.827] [info] [thread 31788] audio packet pts: 782336, audio_pkt_size=356
[2026-03-19 12:11:01.827] [info] [thread 31788] read_thread loop: ret=0, pkt->stream_index=0, audioq.size=24516, videoq.size=541969, eof=0
[2026-03-19 12:11:01.827] [info] [thread 31788] audio_stream: 1, video_stream: 0
[2026-03-19 12:11:01.830] [info] [thread 28368] audio.nb_samples=1024, channels=2, channel_layout=stereo, format=8, sample_rate=44100
[2026-03-19 12:11:01.830] [info] [thread 28368] audio frame data pointers: data[0]=0x2191427f980, data[1]=0x21916a5db80
[2026-03-19 12:11:01.872] [info] [thread 31788] read_thread loop: ret=0, pkt->stream_index=1, audioq.size=24054, videoq.size=549065, eof=0
[2026-03-19 12:11:01.872] [info] [thread 31788] audio_stream: 1, video_stream: 0
[2026-03-19 12:11:01.872] [info] [thread 31788] audio packet pts: 783360, audio_pkt_size=357
[2026-03-19 12:11:01.873] [info] [thread 31788] read_thread loop: ret=0, pkt->stream_index=0, audioq.size=24531, videoq.size=549065, eof=0
[2026-03-19 12:11:01.873] [info] [thread 31788] audio_stream: 1, video_stream: 0
[2026-03-19 12:11:01.880] [info] [thread 28368] audio.nb_samples=1024, channels=2, channel_layout=stereo, format=8, sample_rate=44100
[2026-03-19 12:11:01.880] [info] [thread 28368] audio frame data pointers: data[0]=0x2191427b580, data[1]=0x21914279380
[2026-03-19 12:11:01.885] [info] [thread 31788] read_thread loop: ret=0, pkt->stream_index=0, audioq.size=24059, videoq.size=555923, eof=0
[2026-03-19 12:11:01.885] [info] [thread 31788] audio_stream: 1, video_stream: 0
[2026-03-19 12:11:01.926] [info] [thread 31788] read_thread loop: ret=0, pkt->stream_index=1, audioq.size=24059, videoq.size=575315, eof=0
[2026-03-19 12:11:01.927] [info] [thread 31788] audio_stream: 1, video_stream: 0
[2026-03-19 12:11:01.927] [info] [thread 31788] audio packet pts: 784384, audio_pkt_size=408
[2026-03-19 12:11:01.928] [info] [thread 31788] read_thread loop: ret=0, pkt->stream_index=0, audioq.size=24587, videoq.size=575315, eof=0
[2026-03-19 12:11:01.928] [info] [thread 31788] audio_stream: 1, video_stream: 0
[2026-03-19 12:11:01.930] [info] [thread 28368] audio.nb_samples=1024, channels=2, channel_layout=stereo, format=8, sample_rate=44100
[2026-03-19 12:11:01.930] [info] [thread 28368] audio frame data pointers: data[0]=0x21914283dc0, data[1]=0x21914281bc0
[2026-03-19 12:11:01.959] [info] [thread 31788] read_thread loop: ret=0, pkt->stream_index=1, audioq.size=24092, videoq.size=582961, eof=0
[2026-03-19 12:11:01.960] [info] [thread 31788] audio_stream: 1, video_stream: 0
[2026-03-19 12:11:01.960] [info] [thread 31788] audio packet pts: 785408, audio_pkt_size=407
[2026-03-19 12:11:01.961] [info] [thread 31788] read_thread loop: ret=0, pkt->stream_index=0, audioq.size=24619, videoq.size=582961, eof=0
[2026-03-19 12:11:01.961] [info] [thread 31788] audio_stream: 1, video_stream: 0
[2026-03-19 12:11:01.970] [info] [thread 28368] audio.nb_samples=1024, channels=2, channel_layout=stereo, format=8, sample_rate=44100
[2026-03-19 12:11:01.970] [info] [thread 28368] audio frame data pointers: data[0]=0x21914285fc0, data[1]=0x2191427d780
[2026-03-19 12:11:01.993] [info] [thread 31788] read_thread loop: ret=0, pkt->stream_index=1, audioq.size=24146, videoq.size=583050, eof=0
[2026-03-19 12:11:01.994] [info] [thread 31788] audio_stream: 1, video_stream: 0
[2026-03-19 12:11:01.994] [info] [thread 31788] audio packet pts: 786432, audio_pkt_size=378
[2026-03-19 12:11:01.995] [info] [thread 31788] read_thread loop: ret=0, pkt->stream_index=0, audioq.size=24644, videoq.size=583050, eof=0
[2026-03-19 12:11:01.995] [info] [thread 31788] audio_stream: 1, video_stream: 0
[2026-03-19 12:11:02.020] [info] [thread 28368] audio.nb_samples=1024, channels=2, channel_layout=stereo, format=8, sample_rate=44100
[2026-03-19 12:11:02.020] [info] [thread 28368] audio frame data pointers: data[0]=0x2191428c600, data[1]=0x219142881c0
[2026-03-19 12:11:02.025] [info] [thread 31788] read_thread loop: ret=0, pkt->stream_index=0, audioq.size=24172, videoq.size=580395, eof=0
[2026-03-19 12:11:02.025] [info] [thread 31788] audio_stream: 1, video_stream: 0
[2026-03-19 12:11:02.058] [info] [thread 31788] read_thread loop: ret=0, pkt->stream_index=1, audioq.size=24172, videoq.size=592109, eof=0
[2026-03-19 12:11:02.058] [info] [thread 31788] audio_stream: 1, video_stream: 0
[2026-03-19 12:11:02.058] [info] [thread 31788] audio packet pts: 787456, audio_pkt_size=354
[2026-03-19 12:11:02.058] [info] [thread 31788] read_thread loop: ret=0, pkt->stream_index=0, audioq.size=24646, videoq.size=592109, eof=0
[2026-03-19 12:11:02.058] [info] [thread 31788] audio_stream: 1, video_stream: 0
[2026-03-19 12:11:02.070] [info] [thread 28368] audio.nb_samples=1024, channels=2, channel_layout=stereo, format=8, sample_rate=44100
[2026-03-19 12:11:02.070] [info] [thread 28368] audio frame data pointers: data[0]=0x21914290a00, data[1]=0x2191428a400
[2026-03-19 12:11:02.090] [info] [thread 31788] read_thread loop: ret=0, pkt->stream_index=1, audioq.size=24168, videoq.size=593010, eof=0
[2026-03-19 12:11:02.090] [info] [thread 31788] audio_stream: 1, video_stream: 0
[2026-03-19 12:11:02.091] [info] [thread 31788] audio packet pts: 788480, audio_pkt_size=365
[2026-03-19 12:11:02.091] [info] [thread 31788] read_thread loop: ret=0, pkt->stream_index=0, audioq.size=24653, videoq.size=593010, eof=0
[2026-03-19 12:11:02.092] [info] [thread 31788] audio_stream: 1, video_stream: 0
[2026-03-19 12:11:02.110] [info] [thread 28368] audio.nb_samples=1024, channels=2, channel_layout=stereo, format=8, sample_rate=44100
[2026-03-19 12:11:02.110] [info] [thread 28368] audio frame data pointers: data[0]=0x21914788040, data[1]=0x2191478a0c0
[2026-03-19 12:11:02.122] [info] [thread 31788] read_thread loop: ret=0, pkt->stream_index=0, audioq.size=24174, videoq.size=582118, eof=0
[2026-03-19 12:11:02.123] [info] [thread 31788] audio_stream: 1, video_stream: 0
[2026-03-19 12:11:02.160] [info] [thread 28368] audio.nb_samples=1024, channels=2, channel_layout=stereo, format=8, sample_rate=44100
[2026-03-19 12:11:02.161] [info] [thread 28368] audio frame data pointers: data[0]=0x21916b27480, data[1]=0x21916f92a00
[2026-03-19 12:11:02.166] [info] [thread 31788] read_thread loop: ret=0, pkt->stream_index=1, audioq.size=23688, videoq.size=587244, eof=0
[2026-03-19 12:11:02.166] [info] [thread 31788] audio_stream: 1, video_stream: 0
[2026-03-19 12:11:02.167] [info] [thread 31788] audio packet pts: 789504, audio_pkt_size=362
[2026-03-19 12:11:02.167] [info] [thread 31788] read_thread loop: ret=0, pkt->stream_index=0, audioq.size=24170, videoq.size=587244, eof=0
[2026-03-19 12:11:02.168] [info] [thread 31788] audio_stream: 1, video_stream: 0
[2026-03-19 12:11:02.200] [info] [thread 31788] read_thread loop: ret=0, pkt->stream_index=1, audioq.size=24170, videoq.size=588618, eof=0
[2026-03-19 12:11:02.200] [info] [thread 31788] audio_stream: 1, video_stream: 0
[2026-03-19 12:11:02.201] [info] [thread 31788] audio packet pts: 790528, audio_pkt_size=380
[2026-03-19 12:11:02.201] [info] [thread 31788] read_thread loop: ret=0, pkt->stream_index=0, audioq.size=24670, videoq.size=588618, eof=0
[2026-03-19 12:11:02.201] [info] [thread 31788] audio_stream: 1, video_stream: 0
[2026-03-19 12:11:02.210] [info] [thread 28368] audio.nb_samples=1024, channels=2, channel_layout=stereo, format=8, sample_rate=44100
[2026-03-19 12:11:02.211] [info] [thread 28368] audio frame data pointers: data[0]=0x21916f96e40, data[1]=0x21916f9b500
[2026-03-19 12:11:02.223] [info] [thread 31788] read_thread loop: ret=0, pkt->stream_index=1, audioq.size=24197, videoq.size=588966, eof=0
[2026-03-19 12:11:02.224] [info] [thread 31788] audio_stream: 1, video_stream: 0
[2026-03-19 12:11:02.225] [info] [thread 31788] audio packet pts: 791552, audio_pkt_size=401
[2026-03-19 12:11:02.225] [info] [thread 31788] read_thread loop: ret=0, pkt->stream_index=0, audioq.size=24718, videoq.size=588966, eof=0
[2026-03-19 12:11:02.225] [info] [thread 31788] audio_stream: 1, video_stream: 0
[2026-03-19 12:11:02.250] [info] [thread 28368] audio.nb_samples=1024, channels=2, channel_layout=stereo, format=8, sample_rate=44100
[2026-03-19 12:11:02.250] [info] [thread 28368] audio frame data pointers: data[0]=0x21916a5bb00, data[1]=0x21916f98e80
[2026-03-19 12:11:02.258] [info] [thread 31788] read_thread loop: ret=0, pkt->stream_index=0, audioq.size=24231, videoq.size=591805, eof=0
[2026-03-19 12:11:02.258] [info] [thread 31788] audio_stream: 1, video_stream: 0
[2026-03-19 12:11:02.291] [info] [thread 31788] read_thread loop: ret=0, pkt->stream_index=1, audioq.size=24231, videoq.size=594542, eof=0
[2026-03-19 12:11:02.291] [info] [thread 31788] audio_stream: 1, video_stream: 0
[2026-03-19 12:11:02.292] [info] [thread 31788] audio packet pts: 792576, audio_pkt_size=370
[2026-03-19 12:11:02.292] [info] [thread 31788] read_thread loop: ret=0, pkt->stream_index=0, audioq.size=24721, videoq.size=594542, eof=0
[2026-03-19 12:11:02.292] [info] [thread 31788] audio_stream: 1, video_stream: 0
[2026-03-19 12:11:02.300] [info] [thread 28368] audio.nb_samples=1024, channels=2, channel_layout=stereo, format=8, sample_rate=44100
[2026-03-19 12:11:02.300] [info] [thread 28368] audio frame data pointers: data[0]=0x21916a5db80, data[1]=0x2191427f980
[2026-03-19 12:11:02.324] [info] [thread 31788] read_thread loop: ret=0, pkt->stream_index=1, audioq.size=24238, videoq.size=597011, eof=0
[2026-03-19 12:11:02.324] [info] [thread 31788] audio_stream: 1, video_stream: 0
[2026-03-19 12:11:02.325] [info] [thread 31788] audio packet pts: 793600, audio_pkt_size=350
[2026-03-19 12:11:02.325] [info] [thread 31788] read_thread loop: ret=0, pkt->stream_index=0, audioq.size=24708, videoq.size=597011, eof=0
[2026-03-19 12:11:02.326] [info] [thread 31788] audio_stream: 1, video_stream: 0
[2026-03-19 12:11:02.350] [info] [thread 28368] audio.nb_samples=1024, channels=2, channel_layout=stereo, format=8, sample_rate=44100
[2026-03-19 12:11:02.350] [info] [thread 28368] audio frame data pointers: data[0]=0x21914279380, data[1]=0x2191427b580
[2026-03-19 12:11:02.356] [info] [thread 31788] read_thread loop: ret=0, pkt->stream_index=0, audioq.size=24217, videoq.size=599525, eof=0
[2026-03-19 12:11:02.357] [info] [thread 31788] audio_stream: 1, video_stream: 0
[2026-03-19 12:11:02.388] [info] [thread 31788] read_thread loop: ret=0, pkt->stream_index=1, audioq.size=24217, videoq.size=601121, eof=0
[2026-03-19 12:11:02.389] [info] [thread 31788] audio_stream: 1, video_stream: 0
[2026-03-19 12:11:02.389] [info] [thread 31788] audio packet pts: 794624, audio_pkt_size=359
[2026-03-19 12:11:02.389] [info] [thread 31788] read_thread loop: ret=0, pkt->stream_index=0, audioq.size=24696, videoq.size=601121, eof=0
[2026-03-19 12:11:02.389] [info] [thread 31788] audio_stream: 1, video_stream: 0
[2026-03-19 12:11:02.390] [info] [thread 28368] audio.nb_samples=1024, channels=2, channel_layout=stereo, format=8, sample_rate=44100
[2026-03-19 12:11:02.390] [info] [thread 28368] audio frame data pointers: data[0]=0x21914281bc0, data[1]=0x21914283dc0
[2026-03-19 12:11:02.431] [info] [thread 31788] read_thread loop: ret=0, pkt->stream_index=1, audioq.size=24204, videoq.size=606465, eof=0
[2026-03-19 12:11:02.432] [info] [thread 31788] audio_stream: 1, video_stream: 0
[2026-03-19 12:11:02.432] [info] [thread 31788] audio packet pts: 795648, audio_pkt_size=351
[2026-03-19 12:11:02.433] [info] [thread 31788] read_thread loop: ret=0, pkt->stream_index=0, audioq.size=24675, videoq.size=606465, eof=0
[2026-03-19 12:11:02.433] [info] [thread 31788] audio_stream: 1, video_stream: 0
[2026-03-19 12:11:02.440] [info] [thread 28368] audio.nb_samples=1024, channels=2, channel_layout=stereo, format=8, sample_rate=44100
[2026-03-19 12:11:02.440] [info] [thread 28368] audio frame data pointers: data[0]=0x2191427d780, data[1]=0x21914285fc0
[2026-03-19 12:11:02.464] [info] [thread 31788] read_thread loop: ret=0, pkt->stream_index=1, audioq.size=24183, videoq.size=610920, eof=0
[2026-03-19 12:11:02.465] [info] [thread 31788] audio_stream: 1, video_stream: 0
[2026-03-19 12:11:02.465] [info] [thread 31788] audio packet pts: 796672, audio_pkt_size=371
[2026-03-19 12:11:02.465] [info] [thread 31788] read_thread loop: ret=0, pkt->stream_index=0, audioq.size=24674, videoq.size=610920, eof=0
[2026-03-19 12:11:02.466] [info] [thread 31788] audio_stream: 1, video_stream: 0
[2026-03-19 12:11:02.480] [info] [thread 28368] audio.nb_samples=1024, channels=2, channel_layout=stereo, format=8, sample_rate=44100
[2026-03-19 12:11:02.480] [info] [thread 28368] audio frame data pointers: data[0]=0x219142881c0, data[1]=0x2191428c600
[2026-03-19 12:11:02.498] [info] [thread 31788] read_thread loop: ret=0, pkt->stream_index=0, audioq.size=24170, videoq.size=614999, eof=0
[2026-03-19 12:11:02.498] [info] [thread 31788] audio_stream: 1, video_stream: 0
[2026-03-19 12:11:02.521] [info] [thread 31788] read_thread loop: ret=0, pkt->stream_index=1, audioq.size=24170, videoq.size=612593, eof=0
[2026-03-19 12:11:02.521] [info] [thread 31788] audio_stream: 1, video_stream: 0
[2026-03-19 12:11:02.521] [info] [thread 31788] audio packet pts: 797696, audio_pkt_size=356
[2026-03-19 12:11:02.522] [info] [thread 31788] read_thread loop: ret=0, pkt->stream_index=0, audioq.size=24646, videoq.size=612593, eof=0
[2026-03-19 12:11:02.522] [info] [thread 31788] audio_stream: 1, video_stream: 0
[2026-03-19 12:11:02.530] [info] [thread 28368] audio.nb_samples=1024, channels=2, channel_layout=stereo, format=8, sample_rate=44100
[2026-03-19 12:11:02.530] [info] [thread 28368] audio frame data pointers: data[0]=0x2191428a400, data[1]=0x21914290a00
[2026-03-19 12:11:02.554] [info] [thread 31788] read_thread loop: ret=0, pkt->stream_index=1, audioq.size=24119, videoq.size=646118, eof=0
[2026-03-19 12:11:02.554] [info] [thread 31788] audio_stream: 1, video_stream: 0
[2026-03-19 12:11:02.555] [info] [thread 31788] audio packet pts: 798720, audio_pkt_size=388
[2026-03-19 12:11:02.555] [info] [thread 31788] read_thread loop: ret=0, pkt->stream_index=0, audioq.size=24627, videoq.size=646118, eof=0
[2026-03-19 12:11:02.556] [info] [thread 31788] audio_stream: 1, video_stream: 0
[2026-03-19 12:11:02.580] [info] [thread 28368] audio.nb_samples=1024, channels=2, channel_layout=stereo, format=8, sample_rate=44100
[2026-03-19 12:11:02.580] [info] [thread 28368] audio frame data pointers: data[0]=0x2191478a0c0, data[1]=0x21914788040
[2026-03-19 12:11:02.587] [info] [thread 31788] read_thread loop: ret=0, pkt->stream_index=1, audioq.size=24144, videoq.size=641214, eof=0
[2026-03-19 12:11:02.588] [info] [thread 31788] audio_stream: 1, video_stream: 0
[2026-03-19 12:11:02.588] [info] [thread 31788] audio packet pts: 799744, audio_pkt_size=357
[2026-03-19 12:11:02.588] [info] [thread 31788] read_thread loop: ret=0, pkt->stream_index=0, audioq.size=24621, videoq.size=641214, eof=0
[2026-03-19 12:11:02.588] [info] [thread 31788] audio_stream: 1, video_stream: 0
[2026-03-19 12:11:02.620] [info] [thread 28368] audio.nb_samples=1024, channels=2, channel_layout=stereo, format=8, sample_rate=44100
[2026-03-19 12:11:02.620] [info] [thread 31788] read_thread loop: ret=0, pkt->stream_index=0, audioq.size=24138, videoq.size=640076, eof=0
[2026-03-19 12:11:02.620] [info] [thread 28368] audio frame data pointers: data[0]=0x21916f92a00, data[1]=0x21916b27480
[2026-03-19 12:11:02.620] [info] [thread 31788] audio_stream: 1, video_stream: 0
[2026-03-19 12:11:02.652] [info] [thread 31788] read_thread loop: ret=0, pkt->stream_index=1, audioq.size=24138, videoq.size=628279, eof=0
[2026-03-19 12:11:02.652] [info] [thread 31788] audio_stream: 1, video_stream: 0
[2026-03-19 12:11:02.653] [info] [thread 31788] audio packet pts: 800768, audio_pkt_size=532
[2026-03-19 12:11:02.653] [info] [thread 31788] read_thread loop: ret=0, pkt->stream_index=0, audioq.size=24790, videoq.size=628279, eof=0
[2026-03-19 12:11:02.653] [info] [thread 31788] audio_stream: 1, video_stream: 0
[2026-03-19 12:11:02.670] [info] [thread 28368] audio.nb_samples=1024, channels=2, channel_layout=stereo, format=8, sample_rate=44100
[2026-03-19 12:11:02.671] [info] [thread 28368] audio frame data pointers: data[0]=0x21916f9b500, data[1]=0x21916f96e40
[2026-03-19 12:11:02.695] [info] [thread 31788] read_thread loop: ret=0, pkt->stream_index=1, audioq.size=24285, videoq.size=625431, eof=0
[2026-03-19 12:11:02.696] [info] [thread 31788] audio_stream: 1, video_stream: 0
[2026-03-19 12:11:02.697] [info] [thread 31788] audio packet pts: 801792, audio_pkt_size=323
[2026-03-19 12:11:02.697] [info] [thread 31788] read_thread loop: ret=0, pkt->stream_index=0, audioq.size=24728, videoq.size=625431, eof=0
[2026-03-19 12:11:02.697] [info] [thread 31788] audio_stream: 1, video_stream: 0
[2026-03-19 12:11:02.720] [info] [thread 28368] audio.nb_samples=1024, channels=2, channel_layout=stereo, format=8, sample_rate=44100
[2026-03-19 12:11:02.720] [info] [thread 28368] audio frame data pointers: data[0]=0x21916f98e80, data[1]=0x21916a5bb00
[2026-03-19 12:11:02.728] [info] [thread 31788] read_thread loop: ret=0, pkt->stream_index=0, audioq.size=24233, videoq.size=592755, eof=0
[2026-03-19 12:11:02.729] [info] [thread 31788] audio_stream: 1, video_stream: 0
[2026-03-19 12:11:02.760] [info] [thread 28368] audio.nb_samples=1024, channels=2, channel_layout=stereo, format=8, sample_rate=44100
[2026-03-19 12:11:02.760] [info] [thread 31788] read_thread loop: ret=0, pkt->stream_index=1, audioq.size=23725, videoq.size=578109, eof=0
[2026-03-19 12:11:02.760] [info] [thread 28368] audio frame data pointers: data[0]=0x2191427f980, data[1]=0x21916a5db80
[2026-03-19 12:11:02.760] [info] [thread 31788] audio_stream: 1, video_stream: 0
[2026-03-19 12:11:02.761] [info] [thread 31788] audio packet pts: 802816, audio_pkt_size=354
[2026-03-19 12:11:02.761] [info] [thread 31788] read_thread loop: ret=0, pkt->stream_index=0, audioq.size=24199, videoq.size=578109, eof=0
[2026-03-19 12:11:02.761] [info] [thread 31788] audio_stream: 1, video_stream: 0
[2026-03-19 12:11:02.792] [info] [thread 31788] read_thread loop: ret=0, pkt->stream_index=1, audioq.size=24199, videoq.size=563297, eof=0
[2026-03-19 12:11:02.793] [info] [thread 31788] audio_stream: 1, video_stream: 0
[2026-03-19 12:11:02.793] [info] [thread 31788] audio packet pts: 803840, audio_pkt_size=392
[2026-03-19 12:11:02.794] [info] [thread 31788] read_thread loop: ret=0, pkt->stream_index=0, audioq.size=24711, videoq.size=563297, eof=0
[2026-03-19 12:11:02.794] [info] [thread 31788] audio_stream: 1, video_stream: 0
[2026-03-19 12:11:02.810] [info] [thread 28368] audio.nb_samples=1024, channels=2, channel_layout=stereo, format=8, sample_rate=44100
[2026-03-19 12:11:02.810] [info] [thread 28368] audio frame data pointers: data[0]=0x2191427b580, data[1]=0x21914279380
[2026-03-19 12:11:02.824] [info] [thread 31788] read_thread loop: ret=0, pkt->stream_index=1, audioq.size=24217, videoq.size=568046, eof=0
[2026-03-19 12:11:02.824] [info] [thread 31788] audio_stream: 1, video_stream: 0
[2026-03-19 12:11:02.824] [info] [thread 31788] audio packet pts: 804864, audio_pkt_size=399
[2026-03-19 12:11:02.825] [info] [thread 31788] read_thread loop: ret=0, pkt->stream_index=0, audioq.size=24736, videoq.size=568046, eof=0
[2026-03-19 12:11:02.825] [info] [thread 31788] audio_stream: 1, video_stream: 0
[2026-03-19 12:11:02.857] [info] [thread 31788] read_thread loop: ret=0, pkt->stream_index=0, audioq.size=24736, videoq.size=551354, eof=0
[2026-03-19 12:11:02.857] [info] [thread 31788] audio_stream: 1, video_stream: 0
[2026-03-19 12:11:02.860] [info] [thread 28368] audio.nb_samples=1024, channels=2, channel_layout=stereo, format=8, sample_rate=44100
[2026-03-19 12:11:02.860] [info] [thread 28368] audio frame data pointers: data[0]=0x21914283dc0, data[1]=0x21914281bc0
[2026-03-19 12:11:02.889] [info] [thread 31788] read_thread loop: ret=0, pkt->stream_index=1, audioq.size=24247, videoq.size=542957, eof=0
[2026-03-19 12:11:02.890] [info] [thread 31788] audio_stream: 1, video_stream: 0
[2026-03-19 12:11:02.890] [info] [thread 31788] audio packet pts: 805888, audio_pkt_size=367
[2026-03-19 12:11:02.891] [info] [thread 31788] read_thread loop: ret=0, pkt->stream_index=0, audioq.size=24734, videoq.size=542957, eof=0
[2026-03-19 12:11:02.891] [info] [thread 31788] audio_stream: 1, video_stream: 0
[2026-03-19 12:11:02.900] [info] [thread 28368] audio.nb_samples=1024, channels=2, channel_layout=stereo, format=8, sample_rate=44100
[2026-03-19 12:11:02.900] [info] [thread 28368] audio frame data pointers: data[0]=0x21914285fc0, data[1]=0x2191427d780
[2026-03-19 12:11:02.933] [info] [thread 31788] read_thread loop: ret=0, pkt->stream_index=1, audioq.size=24241, videoq.size=525455, eof=0
[2026-03-19 12:11:02.934] [info] [thread 31788] audio_stream: 1, video_stream: 0
[2026-03-19 12:11:02.935] [info] [thread 31788] audio packet pts: 806912, audio_pkt_size=343
[2026-03-19 12:11:02.935] [info] [thread 31788] read_thread loop: ret=0, pkt->stream_index=0, audioq.size=24704, videoq.size=525455, eof=0
[2026-03-19 12:11:02.935] [info] [thread 31788] audio_stream: 1, video_stream: 0
[2026-03-19 12:11:02.950] [info] [thread 28368] audio.nb_samples=1024, channels=2, channel_layout=stereo, format=8, sample_rate=44100
[2026-03-19 12:11:02.950] [info] [thread 28368] audio frame data pointers: data[0]=0x2191428c600, data[1]=0x219142881c0
[2026-03-19 12:11:02.957] [info] [thread 31788] read_thread loop: ret=0, pkt->stream_index=0, audioq.size=24218, videoq.size=517501, eof=0
[2026-03-19 12:11:02.957] [info] [thread 31788] audio_stream: 1, video_stream: 0
[2026-03-19 12:11:02.998] [info] [thread 31788] read_thread loop: ret=0, pkt->stream_index=1, audioq.size=24218, videoq.size=511136, eof=0
[2026-03-19 12:11:02.998] [info] [thread 31788] audio_stream: 1, video_stream: 0
[2026-03-19 12:11:02.999] [info] [thread 31788] audio packet pts: 807936, audio_pkt_size=353
[2026-03-19 12:11:02.999] [info] [thread 31788] read_thread loop: ret=0, pkt->stream_index=0, audioq.size=24691, videoq.size=511136, eof=0
[2026-03-19 12:11:02.999] [info] [thread 31788] audio_stream: 1, video_stream: 0
[2026-03-19 12:11:03.000] [info] [thread 28368] audio.nb_samples=1024, channels=2, channel_layout=stereo, format=8, sample_rate=44100
[2026-03-19 12:11:03.000] [info] [thread 28368] audio frame data pointers: data[0]=0x21914290a00, data[1]=0x2191428a400
[2026-03-19 12:11:03.021] [info] [thread 31788] read_thread loop: ret=0, pkt->stream_index=1, audioq.size=24205, videoq.size=503984, eof=0
[2026-03-19 12:11:03.021] [info] [thread 31788] audio_stream: 1, video_stream: 0
[2026-03-19 12:11:03.022] [info] [thread 31788] audio packet pts: 808960, audio_pkt_size=349
[2026-03-19 12:11:03.022] [info] [thread 31788] read_thread loop: ret=0, pkt->stream_index=0, audioq.size=24674, videoq.size=503984, eof=0
[2026-03-19 12:11:03.022] [info] [thread 31788] audio_stream: 1, video_stream: 0
[2026-03-19 12:11:03.040] [info] [thread 28368] audio.nb_samples=1024, channels=2, channel_layout=stereo, format=8, sample_rate=44100
[2026-03-19 12:11:03.040] [info] [thread 28368] audio frame data pointers: data[0]=0x21914788040, data[1]=0x2191478a0c0
[2026-03-19 12:11:03.052] [info] [thread 31788] read_thread loop: ret=0, pkt->stream_index=1, audioq.size=24067, videoq.size=489394, eof=0
[2026-03-19 12:11:03.053] [info] [thread 31788] audio_stream: 1, video_stream: 0
[2026-03-19 12:11:03.053] [info] [thread 31788] audio packet pts: 809984, audio_pkt_size=356
[2026-03-19 12:11:03.053] [info] [thread 31788] read_thread loop: ret=0, pkt->stream_index=0, audioq.size=24543, videoq.size=489394, eof=0
[2026-03-19 12:11:03.054] [info] [thread 31788] audio_stream: 1, video_stream: 0
[2026-03-19 12:11:03.090] [info] [thread 28368] audio.nb_samples=1024, channels=2, channel_layout=stereo, format=8, sample_rate=44100
[2026-03-19 12:11:03.090] [info] [thread 28368] audio frame data pointers: data[0]=0x21916b27480, data[1]=0x21916f92a00
[2026-03-19 12:11:03.106] [info] [thread 31788] read_thread loop: ret=0, pkt->stream_index=0, audioq.size=24108, videoq.size=484239, eof=0
[2026-03-19 12:11:03.107] [info] [thread 31788] audio_stream: 1, video_stream: 0
[2026-03-19 12:11:03.130] [info] [thread 28368] audio.nb_samples=1024, channels=2, channel_layout=stereo, format=8, sample_rate=44100
[2026-03-19 12:11:03.130] [info] [thread 28368] audio frame data pointers: data[0]=0x21916f96e40, data[1]=0x21916f9b500
[2026-03-19 12:11:03.138] [info] [thread 31788] read_thread loop: ret=0, pkt->stream_index=1, audioq.size=23637, videoq.size=478186, eof=0
[2026-03-19 12:11:03.138] [info] [thread 31788] audio_stream: 1, video_stream: 0
[2026-03-19 12:11:03.138] [info] [thread 31788] audio packet pts: 811008, audio_pkt_size=343
[2026-03-19 12:11:03.139] [info] [thread 31788] read_thread loop: ret=0, pkt->stream_index=0, audioq.size=24100, videoq.size=478186, eof=0
[2026-03-19 12:11:03.140] [info] [thread 31788] audio_stream: 1, video_stream: 0
[2026-03-19 12:11:03.162] [info] [thread 31788] read_thread loop: ret=0, pkt->stream_index=1, audioq.size=24100, videoq.size=473959, eof=0
[2026-03-19 12:11:03.162] [info] [thread 31788] audio_stream: 1, video_stream: 0
[2026-03-19 12:11:03.163] [info] [thread 31788] audio packet pts: 812032, audio_pkt_size=358
[2026-03-19 12:11:03.164] [info] [thread 31788] read_thread loop: ret=0, pkt->stream_index=0, audioq.size=24578, videoq.size=473959, eof=0
[2026-03-19 12:11:03.164] [info] [thread 31788] audio_stream: 1, video_stream: 0
[2026-03-19 12:11:03.180] [info] [thread 28368] audio.nb_samples=1024, channels=2, channel_layout=stereo, format=8, sample_rate=44100
[2026-03-19 12:11:03.180] [info] [thread 28368] audio frame data pointers: data[0]=0x21916a5bb00, data[1]=0x21916f98e80
[2026-03-19 12:11:03.196] [info] [thread 31788] read_thread loop: ret=0, pkt->stream_index=0, audioq.size=24083, videoq.size=460502, eof=0
[2026-03-19 12:11:03.196] [info] [thread 31788] audio_stream: 1, video_stream: 0
[2026-03-19 12:11:03.228] [info] [thread 31788] read_thread loop: ret=0, pkt->stream_index=1, audioq.size=24083, videoq.size=456068, eof=0
[2026-03-19 12:11:03.229] [info] [thread 31788] audio_stream: 1, video_stream: 0
[2026-03-19 12:11:03.229] [info] [thread 31788] audio packet pts: 813056, audio_pkt_size=357
[2026-03-19 12:11:03.229] [info] [thread 31788] read_thread loop: ret=0, pkt->stream_index=0, audioq.size=24560, videoq.size=456068, eof=0
[2026-03-19 12:11:03.229] [info] [thread 31788] audio_stream: 1, video_stream: 0
[2026-03-19 12:11:03.230] [info] [thread 28368] audio.nb_samples=1024, channels=2, channel_layout=stereo, format=8, sample_rate=44100
[2026-03-19 12:11:03.230] [info] [thread 28368] audio frame data pointers: data[0]=0x21916a5db80, data[1]=0x2191427f980
[2026-03-19 12:11:03.261] [info] [thread 31788] read_thread loop: ret=0, pkt->stream_index=1, audioq.size=24067, videoq.size=452324, eof=0
[2026-03-19 12:11:03.262] [info] [thread 31788] audio_stream: 1, video_stream: 0
[2026-03-19 12:11:03.262] [info] [thread 31788] audio packet pts: 814080, audio_pkt_size=370
[2026-03-19 12:11:03.263] [info] [thread 31788] read_thread loop: ret=0, pkt->stream_index=0, audioq.size=24557, videoq.size=452324, eof=0
[2026-03-19 12:11:03.263] [info] [thread 31788] audio_stream: 1, video_stream: 0
[2026-03-19 12:11:03.270] [info] [thread 28368] audio.nb_samples=1024, channels=2, channel_layout=stereo, format=8, sample_rate=44100
[2026-03-19 12:11:03.270] [info] [thread 28368] audio frame data pointers: data[0]=0x21914279380, data[1]=0x2191427b580
[2026-03-19 12:11:03.294] [info] [thread 31788] read_thread loop: ret=0, pkt->stream_index=1, audioq.size=24078, videoq.size=448498, eof=0
[2026-03-19 12:11:03.294] [info] [thread 31788] audio_stream: 1, video_stream: 0
[2026-03-19 12:11:03.295] [info] [thread 31788] audio packet pts: 815104, audio_pkt_size=356
[2026-03-19 12:11:03.295] [info] [thread 31788] read_thread loop: ret=0, pkt->stream_index=0, audioq.size=24554, videoq.size=448498, eof=0
[2026-03-19 12:11:03.296] [info] [thread 31788] audio_stream: 1, video_stream: 0
[2026-03-19 12:11:03.320] [info] [thread 28368] audio.nb_samples=1024, channels=2, channel_layout=stereo, format=8, sample_rate=44100
[2026-03-19 12:11:03.320] [info] [thread 28368] audio frame data pointers: data[0]=0x21914281bc0, data[1]=0x21914283dc0
[2026-03-19 12:11:03.339] [info] [thread 31788] read_thread loop: ret=0, pkt->stream_index=0, audioq.size=24073, videoq.size=432842, eof=0
[2026-03-19 12:11:03.339] [info] [thread 31788] audio_stream: 1, video_stream: 0
[2026-03-19 12:11:03.370] [info] [thread 28368] audio.nb_samples=1024, channels=2, channel_layout=stereo, format=8, sample_rate=44100
[2026-03-19 12:11:03.370] [info] [thread 28368] audio frame data pointers: data[0]=0x2191427d780, data[1]=0x21914285fc0
[2026-03-19 12:11:03.371] [info] [thread 31788] read_thread loop: ret=0, pkt->stream_index=1, audioq.size=23583, videoq.size=427958, eof=0
[2026-03-19 12:11:03.371] [info] [thread 31788] audio_stream: 1, video_stream: 0
[2026-03-19 12:11:03.371] [info] [thread 31788] audio packet pts: 816128, audio_pkt_size=399
[2026-03-19 12:11:03.372] [info] [thread 31788] read_thread loop: ret=0, pkt->stream_index=0, audioq.size=24102, videoq.size=427958, eof=0
[2026-03-19 12:11:03.372] [info] [thread 31788] audio_stream: 1, video_stream: 0
[2026-03-19 12:11:03.403] [info] [thread 31788] read_thread loop: ret=0, pkt->stream_index=1, audioq.size=24102, videoq.size=424269, eof=0
[2026-03-19 12:11:03.404] [info] [thread 31788] audio_stream: 1, video_stream: 0
[2026-03-19 12:11:03.404] [info] [thread 31788] audio packet pts: 817152, audio_pkt_size=428
[2026-03-19 12:11:03.404] [info] [thread 31788] read_thread loop: ret=0, pkt->stream_index=0, audioq.size=24650, videoq.size=424269, eof=0
[2026-03-19 12:11:03.405] [info] [thread 31788] audio_stream: 1, video_stream: 0
[2026-03-19 12:11:03.410] [info] [thread 28368] audio.nb_samples=1024, channels=2, channel_layout=stereo, format=8, sample_rate=44100
[2026-03-19 12:11:03.410] [info] [thread 28368] audio frame data pointers: data[0]=0x219142881c0, data[1]=0x2191428c600
[2026-03-19 12:11:03.428] [info] [thread 31788] read_thread loop: ret=0, pkt->stream_index=0, audioq.size=24166, videoq.size=422370, eof=0
[2026-03-19 12:11:03.429] [info] [thread 31788] audio_stream: 1, video_stream: 0
[2026-03-19 12:11:03.460] [info] [thread 28368] audio.nb_samples=1024, channels=2, channel_layout=stereo, format=8, sample_rate=44100
[2026-03-19 12:11:03.460] [info] [thread 28368] audio frame data pointers: data[0]=0x2191428a400, data[1]=0x21914290a00
[2026-03-19 12:11:03.461] [info] [thread 31788] read_thread loop: ret=0, pkt->stream_index=1, audioq.size=23686, videoq.size=408025, eof=0
[2026-03-19 12:11:03.461] [info] [thread 31788] audio_stream: 1, video_stream: 0
[2026-03-19 12:11:03.462] [info] [thread 31788] audio packet pts: 818176, audio_pkt_size=434
[2026-03-19 12:11:03.462] [info] [thread 31788] read_thread loop: ret=0, pkt->stream_index=0, audioq.size=24240, videoq.size=408025, eof=0
[2026-03-19 12:11:03.462] [info] [thread 31788] audio_stream: 1, video_stream: 0
[2026-03-19 12:11:03.493] [info] [thread 31788] read_thread loop: ret=0, pkt->stream_index=1, audioq.size=24240, videoq.size=401524, eof=0
[2026-03-19 12:11:03.493] [info] [thread 31788] audio_stream: 1, video_stream: 0
[2026-03-19 12:11:03.494] [info] [thread 31788] audio packet pts: 819200, audio_pkt_size=401
[2026-03-19 12:11:03.495] [info] [thread 31788] read_thread loop: ret=0, pkt->stream_index=0, audioq.size=24761, videoq.size=401524, eof=0
[2026-03-19 12:11:03.495] [info] [thread 31788] audio_stream: 1, video_stream: 0
[2026-03-19 12:11:03.510] [info] [thread 28368] audio.nb_samples=1024, channels=2, channel_layout=stereo, format=8, sample_rate=44100
[2026-03-19 12:11:03.510] [info] [thread 28368] audio frame data pointers: data[0]=0x2191478a0c0, data[1]=0x21914788040
[2026-03-19 12:11:03.527] [info] [thread 31788] read_thread loop: ret=0, pkt->stream_index=1, audioq.size=24274, videoq.size=398185, eof=0
[2026-03-19 12:11:03.527] [info] [thread 31788] audio_stream: 1, video_stream: 0
[2026-03-19 12:11:03.527] [info] [thread 31788] audio packet pts: 820224, audio_pkt_size=399
[2026-03-19 12:11:03.528] [info] [thread 31788] read_thread loop: ret=0, pkt->stream_index=0, audioq.size=24793, videoq.size=398185, eof=0
[2026-03-19 12:11:03.528] [info] [thread 31788] audio_stream: 1, video_stream: 0
[2026-03-19 12:11:03.550] [info] [thread 28368] audio.nb_samples=1024, channels=2, channel_layout=stereo, format=8, sample_rate=44100
[2026-03-19 12:11:03.550] [info] [thread 28368] audio frame data pointers: data[0]=0x21916f92a00, data[1]=0x21916b27480
[2026-03-19 12:11:03.560] [info] [thread 31788] read_thread loop: ret=0, pkt->stream_index=0, audioq.size=24309, videoq.size=395456, eof=0
[2026-03-19 12:11:03.561] [info] [thread 31788] audio_stream: 1, video_stream: 0
[2026-03-19 12:11:03.600] [info] [thread 28368] audio.nb_samples=1024, channels=2, channel_layout=stereo, format=8, sample_rate=44100
[2026-03-19 12:11:03.600] [info] [thread 28368] audio frame data pointers: data[0]=0x21916f9b500, data[1]=0x21916f96e40
[2026-03-19 12:11:03.603] [info] [thread 31788] read_thread loop: ret=0, pkt->stream_index=1, audioq.size=23799, videoq.size=380262, eof=0
[2026-03-19 12:11:03.603] [info] [thread 31788] audio_stream: 1, video_stream: 0
[2026-03-19 12:11:03.604] [info] [thread 31788] audio packet pts: 821248, audio_pkt_size=448
[2026-03-19 12:11:03.604] [info] [thread 31788] read_thread loop: ret=0, pkt->stream_index=0, audioq.size=24367, videoq.size=380262, eof=0
[2026-03-19 12:11:03.604] [info] [thread 31788] audio_stream: 1, video_stream: 0
[2026-03-19 12:11:03.635] [info] [thread 31788] read_thread loop: ret=0, pkt->stream_index=1, audioq.size=24367, videoq.size=374434, eof=0
[2026-03-19 12:11:03.636] [info] [thread 31788] audio_stream: 1, video_stream: 0
[2026-03-19 12:11:03.636] [info] [thread 31788] audio packet pts: 822272, audio_pkt_size=364
[2026-03-19 12:11:03.637] [info] [thread 31788] read_thread loop: ret=0, pkt->stream_index=0, audioq.size=24851, videoq.size=374434, eof=0
[2026-03-19 12:11:03.637] [info] [thread 31788] audio_stream: 1, video_stream: 0
[2026-03-19 12:11:03.650] [info] [thread 28368] audio.nb_samples=1024, channels=2, channel_layout=stereo, format=8, sample_rate=44100
[2026-03-19 12:11:03.650] [info] [thread 28368] audio frame data pointers: data[0]=0x21916f98e80, data[1]=0x21916a5bb00
[2026-03-19 12:11:03.669] [info] [thread 31788] read_thread loop: ret=0, pkt->stream_index=0, audioq.size=24335, videoq.size=368346, eof=0
[2026-03-19 12:11:03.670] [info] [thread 31788] audio_stream: 1, video_stream: 0
[2026-03-19 12:11:03.690] [info] [thread 28368] audio.nb_samples=1024, channels=2, channel_layout=stereo, format=8, sample_rate=44100
[2026-03-19 12:11:03.690] [info] [thread 28368] audio frame data pointers: data[0]=0x2191427f980, data[1]=0x21916a5db80
[2026-03-19 12:11:03.691] [info] [thread 31788] read_thread loop: ret=0, pkt->stream_index=1, audioq.size=23846, videoq.size=365272, eof=0
[2026-03-19 12:11:03.692] [info] [thread 31788] audio_stream: 1, video_stream: 0
[2026-03-19 12:11:03.692] [info] [thread 31788] audio packet pts: 823296, audio_pkt_size=369
[2026-03-19 12:11:03.693] [info] [thread 31788] read_thread loop: ret=0, pkt->stream_index=0, audioq.size=24335, videoq.size=365272, eof=0
[2026-03-19 12:11:03.693] [info] [thread 31788] audio_stream: 1, video_stream: 0
[2026-03-19 12:11:03.724] [info] [thread 31788] read_thread loop: ret=0, pkt->stream_index=1, audioq.size=24335, videoq.size=354861, eof=0
[2026-03-19 12:11:03.725] [info] [thread 31788] audio_stream: 1, video_stream: 0
[2026-03-19 12:11:03.725] [info] [thread 31788] audio packet pts: 824320, audio_pkt_size=346
[2026-03-19 12:11:03.725] [info] [thread 31788] read_thread loop: ret=0, pkt->stream_index=0, audioq.size=24801, videoq.size=354861, eof=0
[2026-03-19 12:11:03.726] [info] [thread 31788] audio_stream: 1, video_stream: 0
[2026-03-19 12:11:03.740] [info] [thread 28368] audio.nb_samples=1024, channels=2, channel_layout=stereo, format=8, sample_rate=44100
[2026-03-19 12:11:03.740] [info] [thread 28368] audio frame data pointers: data[0]=0x2191427b580, data[1]=0x21914279380
[2026-03-19 12:11:03.759] [info] [thread 31788] read_thread loop: ret=0, pkt->stream_index=1, audioq.size=24323, videoq.size=340232, eof=0
[2026-03-19 12:11:03.760] [info] [thread 31788] audio_stream: 1, video_stream: 0
[2026-03-19 12:11:03.761] [info] [thread 31788] audio packet pts: 825344, audio_pkt_size=339
[2026-03-19 12:11:03.761] [info] [thread 31788] read_thread loop: ret=0, pkt->stream_index=0, audioq.size=24782, videoq.size=340232, eof=0
[2026-03-19 12:11:03.761] [info] [thread 31788] audio_stream: 1, video_stream: 0
[2026-03-19 12:11:03.780] [info] [thread 28368] audio.nb_samples=1024, channels=2, channel_layout=stereo, format=8, sample_rate=44100
[2026-03-19 12:11:03.780] [info] [thread 28368] audio frame data pointers: data[0]=0x21914283dc0, data[1]=0x21914281bc0
[2026-03-19 12:11:03.794] [info] [thread 31788] read_thread loop: ret=0, pkt->stream_index=0, audioq.size=24305, videoq.size=332123, eof=0
[2026-03-19 12:11:03.794] [info] [thread 31788] audio_stream: 1, video_stream: 0
[2026-03-19 12:11:03.825] [info] [thread 31788] read_thread loop: ret=0, pkt->stream_index=1, audioq.size=24305, videoq.size=319839, eof=0
[2026-03-19 12:11:03.825] [info] [thread 31788] audio_stream: 1, video_stream: 0
[2026-03-19 12:11:03.826] [info] [thread 31788] audio packet pts: 826368, audio_pkt_size=339
[2026-03-19 12:11:03.826] [info] [thread 31788] read_thread loop: ret=0, pkt->stream_index=0, audioq.size=24764, videoq.size=319839, eof=0
[2026-03-19 12:11:03.827] [info] [thread 31788] audio_stream: 1, video_stream: 0
[2026-03-19 12:11:03.830] [info] [thread 28368] audio.nb_samples=1024, channels=2, channel_layout=stereo, format=8, sample_rate=44100
[2026-03-19 12:11:03.830] [info] [thread 28368] audio frame data pointers: data[0]=0x21914285fc0, data[1]=0x2191427d780
[2026-03-19 12:11:03.857] [info] [thread 31788] read_thread loop: ret=0, pkt->stream_index=1, audioq.size=24289, videoq.size=311280, eof=0
[2026-03-19 12:11:03.858] [info] [thread 31788] audio_stream: 1, video_stream: 0
[2026-03-19 12:11:03.858] [info] [thread 31788] audio packet pts: 827392, audio_pkt_size=343
[2026-03-19 12:11:03.858] [info] [thread 31788] read_thread loop: ret=0, pkt->stream_index=0, audioq.size=24752, videoq.size=311280, eof=0
[2026-03-19 12:11:03.859] [info] [thread 31788] audio_stream: 1, video_stream: 0
[2026-03-19 12:11:03.880] [info] [thread 28368] audio.nb_samples=1024, channels=2, channel_layout=stereo, format=8, sample_rate=44100
[2026-03-19 12:11:03.881] [info] [thread 28368] audio frame data pointers: data[0]=0x2191428c600, data[1]=0x219142881c0
[2026-03-19 12:11:03.902] [info] [thread 31788] read_thread loop: ret=0, pkt->stream_index=1, audioq.size=24253, videoq.size=289567, eof=0
[2026-03-19 12:11:03.903] [info] [thread 31788] audio_stream: 1, video_stream: 0
[2026-03-19 12:11:03.903] [info] [thread 31788] audio packet pts: 828416, audio_pkt_size=336
[2026-03-19 12:11:03.903] [info] [thread 31788] read_thread loop: ret=0, pkt->stream_index=0, audioq.size=24709, videoq.size=289567, eof=0
[2026-03-19 12:11:03.904] [info] [thread 31788] audio_stream: 1, video_stream: 0
[2026-03-19 12:11:03.920] [info] [thread 28368] audio.nb_samples=1024, channels=2, channel_layout=stereo, format=8, sample_rate=44100
[2026-03-19 12:11:03.920] [info] [thread 28368] audio frame data pointers: data[0]=0x21914290a00, data[1]=0x2191428a400
[2026-03-19 12:11:03.935] [info] [thread 31788] read_thread loop: ret=0, pkt->stream_index=0, audioq.size=24208, videoq.size=281407, eof=0
[2026-03-19 12:11:03.936] [info] [thread 31788] audio_stream: 1, video_stream: 0
[2026-03-19 12:11:03.957] [info] [thread 31788] read_thread loop: ret=0, pkt->stream_index=1, audioq.size=24208, videoq.size=299018, eof=0
[2026-03-19 12:11:03.958] [info] [thread 31788] audio_stream: 1, video_stream: 0
[2026-03-19 12:11:03.958] [info] [thread 31788] audio packet pts: 829440, audio_pkt_size=355
[2026-03-19 12:11:03.959] [info] [thread 31788] read_thread loop: ret=0, pkt->stream_index=0, audioq.size=24683, videoq.size=299018, eof=0
[2026-03-19 12:11:03.959] [info] [thread 31788] audio_stream: 1, video_stream: 0
[2026-03-19 12:11:03.970] [info] [thread 28368] audio.nb_samples=1024, channels=2, channel_layout=stereo, format=8, sample_rate=44100
[2026-03-19 12:11:03.970] [info] [thread 28368] audio frame data pointers: data[0]=0x21914788040, data[1]=0x2191478a0c0
[2026-03-19 12:11:03.991] [info] [thread 31788] read_thread loop: ret=0, pkt->stream_index=1, audioq.size=24189, videoq.size=302329, eof=0
[2026-03-19 12:11:03.991] [info] [thread 31788] audio_stream: 1, video_stream: 0
[2026-03-19 12:11:03.992] [info] [thread 31788] audio packet pts: 830464, audio_pkt_size=352
[2026-03-19 12:11:03.992] [info] [thread 31788] read_thread loop: ret=0, pkt->stream_index=0, audioq.size=24661, videoq.size=302329, eof=0
[2026-03-19 12:11:03.993] [info] [thread 31788] audio_stream: 1, video_stream: 0
[2026-03-19 12:11:04.020] [info] [thread 28368] audio.nb_samples=1024, channels=2, channel_layout=stereo, format=8, sample_rate=44100
[2026-03-19 12:11:04.020] [info] [thread 28368] audio frame data pointers: data[0]=0x21916b27480, data[1]=0x21916f92a00
[2026-03-19 12:11:04.026] [info] [thread 31788] read_thread loop: ret=0, pkt->stream_index=0, audioq.size=24112, videoq.size=289460, eof=0
[2026-03-19 12:11:04.027] [info] [thread 31788] audio_stream: 1, video_stream: 0
[2026-03-19 12:11:04.058] [info] [thread 31788] read_thread loop: ret=0, pkt->stream_index=1, audioq.size=24112, videoq.size=287760, eof=0
[2026-03-19 12:11:04.059] [info] [thread 31788] audio_stream: 1, video_stream: 0
[2026-03-19 12:11:04.059] [info] [thread 31788] audio packet pts: 831488, audio_pkt_size=450
[2026-03-19 12:11:04.060] [info] [thread 28368] audio.nb_samples=1024, channels=2, channel_layout=stereo, format=8, sample_rate=44100
[2026-03-19 12:11:04.060] [info] [thread 31788] read_thread loop: ret=0, pkt->stream_index=0, audioq.size=24204, videoq.size=287760, eof=0
[2026-03-19 12:11:04.060] [info] [thread 28368] audio frame data pointers: data[0]=0x21916f96e40, data[1]=0x21916f9b500
[2026-03-19 12:11:04.060] [info] [thread 31788] audio_stream: 1, video_stream: 0
[2026-03-19 12:11:04.104] [info] [thread 31788] read_thread loop: ret=0, pkt->stream_index=1, audioq.size=24204, videoq.size=297782, eof=0
[2026-03-19 12:11:04.104] [info] [thread 31788] audio_stream: 1, video_stream: 0
[2026-03-19 12:11:04.105] [info] [thread 31788] audio packet pts: 832512, audio_pkt_size=333
[2026-03-19 12:11:04.105] [info] [thread 31788] read_thread loop: ret=0, pkt->stream_index=0, audioq.size=24657, videoq.size=297782, eof=0
[2026-03-19 12:11:04.106] [info] [thread 31788] audio_stream: 1, video_stream: 0
[2026-03-19 12:11:04.110] [info] [thread 28368] audio.nb_samples=1024, channels=2, channel_layout=stereo, format=8, sample_rate=44100
[2026-03-19 12:11:04.110] [info] [thread 28368] audio frame data pointers: data[0]=0x21916a5bb00, data[1]=0x21916f98e80
[2026-03-19 12:11:04.137] [info] [thread 31788] read_thread loop: ret=0, pkt->stream_index=1, audioq.size=24181, videoq.size=288911, eof=0
[2026-03-19 12:11:04.137] [info] [thread 31788] audio_stream: 1, video_stream: 0
[2026-03-19 12:11:04.138] [info] [thread 31788] audio packet pts: 833536, audio_pkt_size=338
[2026-03-19 12:11:04.138] [info] [thread 31788] read_thread loop: ret=0, pkt->stream_index=0, audioq.size=24639, videoq.size=288911, eof=0
[2026-03-19 12:11:04.138] [info] [thread 31788] audio_stream: 1, video_stream: 0
[2026-03-19 12:11:04.160] [info] [thread 28368] audio.nb_samples=1024, channels=2, channel_layout=stereo, format=8, sample_rate=44100
[2026-03-19 12:11:04.160] [info] [thread 28368] audio frame data pointers: data[0]=0x21916a5db80, data[1]=0x2191427f980
[2026-03-19 12:11:04.169] [info] [thread 31788] read_thread loop: ret=0, pkt->stream_index=0, audioq.size=24162, videoq.size=285660, eof=0
[2026-03-19 12:11:04.170] [info] [thread 31788] audio_stream: 1, video_stream: 0
[2026-03-19 12:11:04.191] [info] [thread 31788] read_thread loop: ret=0, pkt->stream_index=1, audioq.size=24162, videoq.size=281908, eof=0
[2026-03-19 12:11:04.191] [info] [thread 31788] audio_stream: 1, video_stream: 0
[2026-03-19 12:11:04.192] [info] [thread 31788] audio packet pts: 834560, audio_pkt_size=347
[2026-03-19 12:11:04.192] [info] [thread 31788] read_thread loop: ret=0, pkt->stream_index=0, audioq.size=24629, videoq.size=281908, eof=0
[2026-03-19 12:11:04.192] [info] [thread 31788] audio_stream: 1, video_stream: 0
[2026-03-19 12:11:04.200] [info] [thread 28368] audio.nb_samples=1024, channels=2, channel_layout=stereo, format=8, sample_rate=44100
[2026-03-19 12:11:04.200] [info] [thread 28368] audio frame data pointers: data[0]=0x21914279380, data[1]=0x2191427b580
[2026-03-19 12:11:04.224] [info] [thread 31788] read_thread loop: ret=0, pkt->stream_index=1, audioq.size=24101, videoq.size=276546, eof=0
[2026-03-19 12:11:04.225] [info] [thread 31788] audio_stream: 1, video_stream: 0
[2026-03-19 12:11:04.226] [info] [thread 31788] audio packet pts: 835584, audio_pkt_size=356
[2026-03-19 12:11:04.226] [info] [thread 31788] read_thread loop: ret=0, pkt->stream_index=0, audioq.size=24577, videoq.size=276546, eof=0
[2026-03-19 12:11:04.226] [info] [thread 31788] audio_stream: 1, video_stream: 0
[2026-03-19 12:11:04.250] [info] [thread 28368] audio.nb_samples=1024, channels=2, channel_layout=stereo, format=8, sample_rate=44100
[2026-03-19 12:11:04.250] [info] [thread 28368] audio frame data pointers: data[0]=0x21914281bc0, data[1]=0x21914283dc0
[2026-03-19 12:11:04.258] [info] [thread 31788] read_thread loop: ret=0, pkt->stream_index=0, audioq.size=24050, videoq.size=268437, eof=0
[2026-03-19 12:11:04.259] [info] [thread 31788] audio_stream: 1, video_stream: 0
[2026-03-19 12:11:04.291] [info] [thread 31788] read_thread loop: ret=0, pkt->stream_index=1, audioq.size=24050, videoq.size=262855, eof=0
[2026-03-19 12:11:04.292] [info] [thread 31788] audio_stream: 1, video_stream: 0
[2026-03-19 12:11:04.292] [info] [thread 31788] audio packet pts: 836608, audio_pkt_size=350
[2026-03-19 12:11:04.293] [info] [thread 31788] read_thread loop: ret=0, pkt->stream_index=0, audioq.size=24520, videoq.size=262855, eof=0
[2026-03-19 12:11:04.293] [info] [thread 31788] audio_stream: 1, video_stream: 0
[2026-03-19 12:11:04.300] [info] [thread 28368] audio.nb_samples=1024, channels=2, channel_layout=stereo, format=8, sample_rate=44100
[2026-03-19 12:11:04.300] [info] [thread 28368] audio frame data pointers: data[0]=0x2191427d780, data[1]=0x21914285fc0
[2026-03-19 12:11:04.325] [info] [thread 31788] read_thread loop: ret=0, pkt->stream_index=1, audioq.size=24022, videoq.size=256038, eof=0
[2026-03-19 12:11:04.325] [info] [thread 31788] audio_stream: 1, video_stream: 0
[2026-03-19 12:11:04.326] [info] [thread 31788] audio packet pts: 837632, audio_pkt_size=345
[2026-03-19 12:11:04.326] [info] [thread 31788] read_thread loop: ret=0, pkt->stream_index=0, audioq.size=24487, videoq.size=256038, eof=0
[2026-03-19 12:11:04.326] [info] [thread 31788] audio_stream: 1, video_stream: 0
[2026-03-19 12:11:04.340] [info] [thread 28368] audio.nb_samples=1024, channels=2, channel_layout=stereo, format=8, sample_rate=44100
[2026-03-19 12:11:04.340] [info] [thread 28368] audio frame data pointers: data[0]=0x219142881c0, data[1]=0x2191428c600
[2026-03-19 12:11:04.356] [info] [thread 31788] read_thread loop: ret=0, pkt->stream_index=1, audioq.size=24013, videoq.size=257605, eof=0
[2026-03-19 12:11:04.357] [info] [thread 31788] audio_stream: 1, video_stream: 0
[2026-03-19 12:11:04.357] [info] [thread 31788] audio packet pts: 838656, audio_pkt_size=363
[2026-03-19 12:11:04.358] [info] [thread 31788] read_thread loop: ret=0, pkt->stream_index=0, audioq.size=24496, videoq.size=257605, eof=0
[2026-03-19 12:11:04.358] [info] [thread 31788] audio_stream: 1, video_stream: 0
[2026-03-19 12:11:04.390] [info] [thread 28368] audio.nb_samples=1024, channels=2, channel_layout=stereo, format=8, sample_rate=44100
[2026-03-19 12:11:04.390] [info] [thread 28368] audio frame data pointers: data[0]=0x2191428a400, data[1]=0x21914290a00
[2026-03-19 12:11:04.400] [info] [thread 31788] read_thread loop: ret=0, pkt->stream_index=0, audioq.size=24011, videoq.size=251000, eof=0
[2026-03-19 12:11:04.401] [info] [thread 31788] audio_stream: 1, video_stream: 0
[2026-03-19 12:11:04.430] [info] [thread 28368] audio.nb_samples=1024, channels=2, channel_layout=stereo, format=8, sample_rate=44100
[2026-03-19 12:11:04.430] [info] [thread 28368] audio frame data pointers: data[0]=0x2191478a0c0, data[1]=0x21914788040
[2026-03-19 12:11:04.433] [info] [thread 31788] read_thread loop: ret=0, pkt->stream_index=1, audioq.size=23529, videoq.size=246130, eof=0
[2026-03-19 12:11:04.434] [info] [thread 31788] audio_stream: 1, video_stream: 0
[2026-03-19 12:11:04.434] [info] [thread 31788] audio packet pts: 839680, audio_pkt_size=358
[2026-03-19 12:11:04.435] [info] [thread 31788] read_thread loop: ret=0, pkt->stream_index=0, audioq.size=24007, videoq.size=246130, eof=0
[2026-03-19 12:11:04.435] [info] [thread 31788] audio_stream: 1, video_stream: 0
[2026-03-19 12:11:04.465] [info] [thread 31788] read_thread loop: ret=0, pkt->stream_index=1, audioq.size=24007, videoq.size=240174, eof=0
[2026-03-19 12:11:04.466] [info] [thread 31788] audio_stream: 1, video_stream: 0
[2026-03-19 12:11:04.466] [info] [thread 31788] audio packet pts: 840704, audio_pkt_size=362
[2026-03-19 12:11:04.467] [info] [thread 31788] read_thread loop: ret=0, pkt->stream_index=0, audioq.size=24489, videoq.size=240174, eof=0
[2026-03-19 12:11:04.467] [info] [thread 31788] audio_stream: 1, video_stream: 0
[2026-03-19 12:11:04.480] [info] [thread 28368] audio.nb_samples=1024, channels=2, channel_layout=stereo, format=8, sample_rate=44100
[2026-03-19 12:11:04.480] [info] [thread 28368] audio frame data pointers: data[0]=0x21916f92a00, data[1]=0x21916b27480
[2026-03-19 12:11:04.499] [info] [thread 31788] read_thread loop: ret=0, pkt->stream_index=0, audioq.size=23989, videoq.size=246657, eof=0
[2026-03-19 12:11:04.499] [info] [thread 31788] audio_stream: 1, video_stream: 0
[2026-03-19 12:11:04.530] [info] [thread 28368] audio.nb_samples=1024, channels=2, channel_layout=stereo, format=8, sample_rate=44100
[2026-03-19 12:11:04.530] [info] [thread 28368] audio frame data pointers: data[0]=0x21916f9b500, data[1]=0x21916f96e40
[2026-03-19 12:11:04.542] [info] [thread 31788] read_thread loop: ret=0, pkt->stream_index=1, audioq.size=23468, videoq.size=209966, eof=0
[2026-03-19 12:11:04.543] [info] [thread 31788] audio_stream: 1, video_stream: 0
[2026-03-19 12:11:04.543] [info] [thread 31788] audio packet pts: 841728, audio_pkt_size=372
[2026-03-19 12:11:04.544] [info] [thread 31788] read_thread loop: ret=0, pkt->stream_index=0, audioq.size=23960, videoq.size=209966, eof=0
[2026-03-19 12:11:04.544] [info] [thread 31788] audio_stream: 1, video_stream: 0
[2026-03-19 12:11:04.555] [info] [thread 31788] read_thread loop: ret=0, pkt->stream_index=1, audioq.size=23960, videoq.size=213537, eof=0
[2026-03-19 12:11:04.555] [info] [thread 31788] audio_stream: 1, video_stream: 0
[2026-03-19 12:11:04.556] [info] [thread 31788] audio packet pts: 842752, audio_pkt_size=366
[2026-03-19 12:11:04.556] [info] [thread 31788] read_thread loop: ret=0, pkt->stream_index=0, audioq.size=24446, videoq.size=213537, eof=0
[2026-03-19 12:11:04.556] [info] [thread 31788] audio_stream: 1, video_stream: 0
[2026-03-19 12:11:04.570] [info] [thread 28368] audio.nb_samples=1024, channels=2, channel_layout=stereo, format=8, sample_rate=44100
[2026-03-19 12:11:04.570] [info] [thread 28368] audio frame data pointers: data[0]=0x21916f98e80, data[1]=0x21916a5bb00
[2026-03-19 12:11:04.587] [info] [thread 31788] read_thread loop: ret=0, pkt->stream_index=1, audioq.size=23956, videoq.size=213296, eof=0
[2026-03-19 12:11:04.588] [info] [thread 31788] audio_stream: 1, video_stream: 0
[2026-03-19 12:11:04.588] [info] [thread 31788] audio packet pts: 843776, audio_pkt_size=369
[2026-03-19 12:11:04.588] [info] [thread 31788] read_thread loop: ret=0, pkt->stream_index=0, audioq.size=24445, videoq.size=213296, eof=0
[2026-03-19 12:11:04.589] [info] [thread 31788] audio_stream: 1, video_stream: 0
[2026-03-19 12:11:04.620] [info] [thread 28368] audio.nb_samples=1024, channels=2, channel_layout=stereo, format=8, sample_rate=44100
[2026-03-19 12:11:04.620] [info] [thread 28368] audio frame data pointers: data[0]=0x2191427f980, data[1]=0x21916a5db80
[2026-03-19 12:11:04.621] [info] [thread 31788] read_thread loop: ret=0, pkt->stream_index=0, audioq.size=23975, videoq.size=230005, eof=0
[2026-03-19 12:11:04.621] [info] [thread 31788] audio_stream: 1, video_stream: 0
[2026-03-19 12:11:04.663] [info] [thread 31788] read_thread loop: ret=0, pkt->stream_index=1, audioq.size=23975, videoq.size=234615, eof=0
[2026-03-19 12:11:04.663] [info] [thread 31788] audio_stream: 1, video_stream: 0
[2026-03-19 12:11:04.664] [info] [thread 31788] audio packet pts: 844800, audio_pkt_size=372
[2026-03-19 12:11:04.664] [info] [thread 31788] read_thread loop: ret=0, pkt->stream_index=0, audioq.size=24467, videoq.size=234615, eof=0
[2026-03-19 12:11:04.665] [info] [thread 31788] audio_stream: 1, video_stream: 0
[2026-03-19 12:11:04.670] [info] [thread 28368] audio.nb_samples=1024, channels=2, channel_layout=stereo, format=8, sample_rate=44100
[2026-03-19 12:11:04.670] [info] [thread 28368] audio frame data pointers: data[0]=0x2191427b580, data[1]=0x21914279380
[2026-03-19 12:11:04.696] [info] [thread 31788] read_thread loop: ret=0, pkt->stream_index=1, audioq.size=23988, videoq.size=237879, eof=0
[2026-03-19 12:11:04.696] [info] [thread 31788] audio_stream: 1, video_stream: 0
[2026-03-19 12:11:04.697] [info] [thread 31788] audio packet pts: 845824, audio_pkt_size=363
[2026-03-19 12:11:04.697] [info] [thread 31788] read_thread loop: ret=0, pkt->stream_index=0, audioq.size=24471, videoq.size=237879, eof=0
[2026-03-19 12:11:04.698] [info] [thread 31788] audio_stream: 1, video_stream: 0
[2026-03-19 12:11:04.710] [info] [thread 28368] audio.nb_samples=1024, channels=2, channel_layout=stereo, format=8, sample_rate=44100
[2026-03-19 12:11:04.710] [info] [thread 28368] audio frame data pointers: data[0]=0x21914283dc0, data[1]=0x21914281bc0
[2026-03-19 12:11:04.729] [info] [thread 31788] read_thread loop: ret=0, pkt->stream_index=0, audioq.size=24000, videoq.size=242198, eof=0
[2026-03-19 12:11:04.730] [info] [thread 31788] audio_stream: 1, video_stream: 0
[2026-03-19 12:11:04.760] [info] [thread 28368] audio.nb_samples=1024, channels=2, channel_layout=stereo, format=8, sample_rate=44100
[2026-03-19 12:11:04.760] [info] [thread 28368] audio frame data pointers: data[0]=0x21914285fc0, data[1]=0x2191427d780
[2026-03-19 12:11:04.761] [info] [thread 31788] read_thread loop: ret=0, pkt->stream_index=1, audioq.size=23509, videoq.size=257514, eof=0
[2026-03-19 12:11:04.762] [info] [thread 31788] audio_stream: 1, video_stream: 0
[2026-03-19 12:11:04.762] [info] [thread 31788] audio packet pts: 846848, audio_pkt_size=359
[2026-03-19 12:11:04.763] [info] [thread 31788] read_thread loop: ret=0, pkt->stream_index=0, audioq.size=23988, videoq.size=257514, eof=0
[2026-03-19 12:11:04.763] [info] [thread 31788] audio_stream: 1, video_stream: 0
[2026-03-19 12:11:04.794] [info] [thread 31788] read_thread loop: ret=0, pkt->stream_index=1, audioq.size=23988, videoq.size=251742, eof=0
[2026-03-19 12:11:04.795] [info] [thread 31788] audio_stream: 1, video_stream: 0
[2026-03-19 12:11:04.795] [info] [thread 31788] audio packet pts: 847872, audio_pkt_size=368
[2026-03-19 12:11:04.795] [info] [thread 31788] read_thread loop: ret=0, pkt->stream_index=0, audioq.size=24476, videoq.size=251742, eof=0
[2026-03-19 12:11:04.795] [info] [thread 31788] audio_stream: 1, video_stream: 0
[2026-03-19 12:11:04.810] [info] [thread 28368] audio.nb_samples=1024, channels=2, channel_layout=stereo, format=8, sample_rate=44100
[2026-03-19 12:11:04.810] [info] [thread 28368] audio frame data pointers: data[0]=0x2191428c600, data[1]=0x219142881c0
[2026-03-19 12:11:04.838] [info] [thread 31788] read_thread loop: ret=0, pkt->stream_index=1, audioq.size=24000, videoq.size=256458, eof=0
[2026-03-19 12:11:04.838] [info] [thread 31788] audio_stream: 1, video_stream: 0
[2026-03-19 12:11:04.838] [info] [thread 31788] audio packet pts: 848896, audio_pkt_size=374
[2026-03-19 12:11:04.838] [info] [thread 31788] read_thread loop: ret=0, pkt->stream_index=0, audioq.size=24494, videoq.size=256458, eof=0
[2026-03-19 12:11:04.839] [info] [thread 31788] audio_stream: 1, video_stream: 0
[2026-03-19 12:11:04.850] [info] [thread 28368] audio.nb_samples=1024, channels=2, channel_layout=stereo, format=8, sample_rate=44100
[2026-03-19 12:11:04.850] [info] [thread 28368] audio frame data pointers: data[0]=0x21914290a00, data[1]=0x2191428a400
[2026-03-19 12:11:04.871] [info] [thread 31788] read_thread loop: ret=0, pkt->stream_index=0, audioq.size=23986, videoq.size=261087, eof=0
[2026-03-19 12:11:04.871] [info] [thread 31788] audio_stream: 1, video_stream: 0
[2026-03-19 12:11:04.900] [info] [thread 28368] audio.nb_samples=1024, channels=2, channel_layout=stereo, format=8, sample_rate=44100
[2026-03-19 12:11:04.900] [info] [thread 28368] audio frame data pointers: data[0]=0x21914788040, data[1]=0x2191478a0c0
[2026-03-19 12:11:04.902] [info] [thread 31788] read_thread loop: ret=0, pkt->stream_index=1, audioq.size=23509, videoq.size=274010, eof=0
[2026-03-19 12:11:04.902] [info] [thread 31788] audio_stream: 1, video_stream: 0
[2026-03-19 12:11:04.902] [info] [thread 31788] audio packet pts: 849920, audio_pkt_size=369
[2026-03-19 12:11:04.902] [info] [thread 31788] read_thread loop: ret=0, pkt->stream_index=0, audioq.size=23998, videoq.size=274010, eof=0
[2026-03-19 12:11:04.903] [info] [thread 31788] audio_stream: 1, video_stream: 0
[2026-03-19 12:11:04.933] [info] [thread 31788] read_thread loop: ret=0, pkt->stream_index=1, audioq.size=23998, videoq.size=273518, eof=0
[2026-03-19 12:11:04.933] [info] [thread 31788] audio_stream: 1, video_stream: 0
[2026-03-19 12:11:04.933] [info] [thread 31788] audio packet pts: 850944, audio_pkt_size=386
[2026-03-19 12:11:04.934] [info] [thread 31788] read_thread loop: ret=0, pkt->stream_index=0, audioq.size=24504, videoq.size=273518, eof=0
[2026-03-19 12:11:04.934] [info] [thread 31788] audio_stream: 1, video_stream: 0
[2026-03-19 12:11:04.950] [info] [thread 28368] audio.nb_samples=1024, channels=2, channel_layout=stereo, format=8, sample_rate=44100
[2026-03-19 12:11:04.950] [info] [thread 28368] audio frame data pointers: data[0]=0x21916b27480, data[1]=0x21916f92a00
[2026-03-19 12:11:04.966] [info] [thread 31788] read_thread loop: ret=0, pkt->stream_index=1, audioq.size=23852, videoq.size=275678, eof=0
[2026-03-19 12:11:04.967] [info] [thread 31788] audio_stream: 1, video_stream: 0
[2026-03-19 12:11:04.967] [info] [thread 31788] audio packet pts: 851968, audio_pkt_size=377
[2026-03-19 12:11:04.968] [info] [thread 31788] read_thread loop: ret=0, pkt->stream_index=0, audioq.size=24349, videoq.size=275678, eof=0
[2026-03-19 12:11:04.968] [info] [thread 31788] audio_stream: 1, video_stream: 0
[2026-03-19 12:11:04.990] [info] [thread 28368] audio.nb_samples=1024, channels=2, channel_layout=stereo, format=8, sample_rate=44100
[2026-03-19 12:11:04.990] [info] [thread 31788] read_thread loop: ret=0, pkt->stream_index=0, audioq.size=23906, videoq.size=277326, eof=0
[2026-03-19 12:11:04.990] [info] [thread 28368] audio frame data pointers: data[0]=0x21916f96e40, data[1]=0x21916f9b500
[2026-03-19 12:11:04.992] [info] [thread 31788] audio_stream: 1, video_stream: 0
[2026-03-19 12:11:05.024] [info] [thread 31788] read_thread loop: ret=0, pkt->stream_index=1, audioq.size=23906, videoq.size=288945, eof=0
[2026-03-19 12:11:05.024] [info] [thread 31788] audio_stream: 1, video_stream: 0
[2026-03-19 12:11:05.024] [info] [thread 31788] audio packet pts: 852992, audio_pkt_size=377
[2026-03-19 12:11:05.025] [info] [thread 31788] read_thread loop: ret=0, pkt->stream_index=0, audioq.size=24403, videoq.size=288945, eof=0
[2026-03-19 12:11:05.025] [info] [thread 31788] audio_stream: 1, video_stream: 0
[2026-03-19 12:11:05.040] [info] [thread 28368] audio.nb_samples=1024, channels=2, channel_layout=stereo, format=8, sample_rate=44100
[2026-03-19 12:11:05.040] [info] [thread 28368] audio frame data pointers: data[0]=0x21916a5bb00, data[1]=0x21916f98e80
[2026-03-19 12:11:05.056] [info] [thread 31788] read_thread loop: ret=0, pkt->stream_index=1, audioq.size=23929, videoq.size=288729, eof=0
[2026-03-19 12:11:05.056] [info] [thread 31788] audio_stream: 1, video_stream: 0
[2026-03-19 12:11:05.057] [info] [thread 31788] audio packet pts: 854016, audio_pkt_size=387
[2026-03-19 12:11:05.057] [info] [thread 31788] read_thread loop: ret=0, pkt->stream_index=0, audioq.size=24436, videoq.size=288729, eof=0
[2026-03-19 12:11:05.057] [info] [thread 31788] audio_stream: 1, video_stream: 0
[2026-03-19 12:11:05.090] [info] [thread 31788] read_thread loop: ret=0, pkt->stream_index=0, audioq.size=24436, videoq.size=289909, eof=0
[2026-03-19 12:11:05.090] [info] [thread 28368] audio.nb_samples=1024, channels=2, channel_layout=stereo, format=8, sample_rate=44100
[2026-03-19 12:11:05.090] [info] [thread 31788] audio_stream: 1, video_stream: 0
[2026-03-19 12:11:05.090] [info] [thread 28368] audio frame data pointers: data[0]=0x21916a5db80, data[1]=0x2191427f980
[2026-03-19 12:11:05.121] [info] [thread 31788] read_thread loop: ret=0, pkt->stream_index=1, audioq.size=23924, videoq.size=290960, eof=0
[2026-03-19 12:11:05.121] [info] [thread 31788] audio_stream: 1, video_stream: 0
[2026-03-19 12:11:05.122] [info] [thread 31788] audio packet pts: 855040, audio_pkt_size=373
[2026-03-19 12:11:05.122] [info] [thread 31788] read_thread loop: ret=0, pkt->stream_index=0, audioq.size=24417, videoq.size=290960, eof=0
[2026-03-19 12:11:05.122] [info] [thread 31788] audio_stream: 1, video_stream: 0
[2026-03-19 12:11:05.130] [info] [thread 28368] audio.nb_samples=1024, channels=2, channel_layout=stereo, format=8, sample_rate=44100
[2026-03-19 12:11:05.130] [info] [thread 28368] audio frame data pointers: data[0]=0x21914279380, data[1]=0x2191427b580
[2026-03-19 12:11:05.163] [info] [thread 31788] read_thread loop: ret=0, pkt->stream_index=1, audioq.size=23898, videoq.size=300951, eof=0
[2026-03-19 12:11:05.163] [info] [thread 31788] audio_stream: 1, video_stream: 0
[2026-03-19 12:11:05.164] [info] [thread 31788] audio packet pts: 856064, audio_pkt_size=373
[2026-03-19 12:11:05.164] [info] [thread 31788] read_thread loop: ret=0, pkt->stream_index=0, audioq.size=24391, videoq.size=300951, eof=0
[2026-03-19 12:11:05.164] [info] [thread 31788] audio_stream: 1, video_stream: 0
[2026-03-19 12:11:05.180] [info] [thread 28368] audio.nb_samples=1024, channels=2, channel_layout=stereo, format=8, sample_rate=44100
[2026-03-19 12:11:05.180] [info] [thread 28368] audio frame data pointers: data[0]=0x21914281bc0, data[1]=0x21914283dc0
[2026-03-19 12:11:05.196] [info] [thread 31788] read_thread loop: ret=0, pkt->stream_index=1, audioq.size=23904, videoq.size=301768, eof=0
[2026-03-19 12:11:05.196] [info] [thread 31788] audio_stream: 1, video_stream: 0
[2026-03-19 12:11:05.197] [info] [thread 31788] audio packet pts: 857088, audio_pkt_size=383
[2026-03-19 12:11:05.197] [info] [thread 31788] read_thread loop: ret=0, pkt->stream_index=0, audioq.size=24407, videoq.size=301768, eof=0
[2026-03-19 12:11:05.197] [info] [thread 31788] audio_stream: 1, video_stream: 0
[2026-03-19 12:11:05.220] [info] [thread 28368] audio.nb_samples=1024, channels=2, channel_layout=stereo, format=8, sample_rate=44100
[2026-03-19 12:11:05.220] [info] [thread 28368] audio frame data pointers: data[0]=0x2191427d780, data[1]=0x21914285fc0
[2026-03-19 12:11:05.229] [info] [thread 31788] read_thread loop: ret=0, pkt->stream_index=0, audioq.size=23944, videoq.size=303360, eof=0
[2026-03-19 12:11:05.230] [info] [thread 31788] audio_stream: 1, video_stream: 0
[2026-03-19 12:11:05.262] [info] [thread 31788] read_thread loop: ret=0, pkt->stream_index=1, audioq.size=23944, videoq.size=304927, eof=0
[2026-03-19 12:11:05.262] [info] [thread 31788] audio_stream: 1, video_stream: 0
[2026-03-19 12:11:05.263] [info] [thread 31788] audio packet pts: 858112, audio_pkt_size=389
[2026-03-19 12:11:05.263] [info] [thread 31788] read_thread loop: ret=0, pkt->stream_index=0, audioq.size=24453, videoq.size=304927, eof=0
[2026-03-19 12:11:05.264] [info] [thread 31788] audio_stream: 1, video_stream: 0
[2026-03-19 12:11:05.270] [info] [thread 28368] audio.nb_samples=1024, channels=2, channel_layout=stereo, format=8, sample_rate=44100
[2026-03-19 12:11:05.270] [info] [thread 28368] audio frame data pointers: data[0]=0x219142881c0, data[1]=0x2191428c600
[2026-03-19 12:11:05.306] [info] [thread 31788] read_thread loop: ret=0, pkt->stream_index=1, audioq.size=23980, videoq.size=312001, eof=0
[2026-03-19 12:11:05.307] [info] [thread 31788] audio_stream: 1, video_stream: 0
[2026-03-19 12:11:05.307] [info] [thread 31788] audio packet pts: 859136, audio_pkt_size=394
[2026-03-19 12:11:05.307] [info] [thread 31788] read_thread loop: ret=0, pkt->stream_index=0, audioq.size=24494, videoq.size=312001, eof=0
[2026-03-19 12:11:05.308] [info] [thread 31788] audio_stream: 1, video_stream: 0
[2026-03-19 12:11:05.320] [info] [thread 28368] audio.nb_samples=1024, channels=2, channel_layout=stereo, format=8, sample_rate=44100
[2026-03-19 12:11:05.320] [info] [thread 28368] audio frame data pointers: data[0]=0x2191428a400, data[1]=0x21914290a00
[2026-03-19 12:11:05.340] [info] [thread 31788] read_thread loop: ret=0, pkt->stream_index=0, audioq.size=24025, videoq.size=312222, eof=0
[2026-03-19 12:11:05.340] [info] [thread 31788] audio_stream: 1, video_stream: 0
[2026-03-19 12:11:05.360] [info] [thread 28368] audio.nb_samples=1024, channels=2, channel_layout=stereo, format=8, sample_rate=44100
[2026-03-19 12:11:05.360] [info] [thread 28368] audio frame data pointers: data[0]=0x2191478a0c0, data[1]=0x21914788040
[2026-03-19 12:11:05.371] [info] [thread 31788] read_thread loop: ret=0, pkt->stream_index=1, audioq.size=23549, videoq.size=313142, eof=0
[2026-03-19 12:11:05.372] [info] [thread 31788] audio_stream: 1, video_stream: 0
[2026-03-19 12:11:05.372] [info] [thread 31788] audio packet pts: 860160, audio_pkt_size=447
[2026-03-19 12:11:05.373] [info] [thread 31788] read_thread loop: ret=0, pkt->stream_index=0, audioq.size=24116, videoq.size=313142, eof=0
[2026-03-19 12:11:05.373] [info] [thread 31788] audio_stream: 1, video_stream: 0
[2026-03-19 12:11:05.394] [info] [thread 31788] read_thread loop: ret=0, pkt->stream_index=1, audioq.size=24116, videoq.size=312000, eof=0
[2026-03-19 12:11:05.395] [info] [thread 31788] audio_stream: 1, video_stream: 0
[2026-03-19 12:11:05.395] [info] [thread 31788] audio packet pts: 861184, audio_pkt_size=356
[2026-03-19 12:11:05.396] [info] [thread 31788] read_thread loop: ret=0, pkt->stream_index=0, audioq.size=24592, videoq.size=312000, eof=0
[2026-03-19 12:11:05.396] [info] [thread 31788] audio_stream: 1, video_stream: 0
[2026-03-19 12:11:05.410] [info] [thread 28368] audio.nb_samples=1024, channels=2, channel_layout=stereo, format=8, sample_rate=44100
[2026-03-19 12:11:05.410] [info] [thread 28368] audio frame data pointers: data[0]=0x21916f92a00, data[1]=0x21916b27480
[2026-03-19 12:11:05.428] [info] [thread 31788] read_thread loop: ret=0, pkt->stream_index=1, audioq.size=24129, videoq.size=320840, eof=0
[2026-03-19 12:11:05.429] [info] [thread 31788] audio_stream: 1, video_stream: 0
[2026-03-19 12:11:05.429] [info] [thread 31788] audio packet pts: 862208, audio_pkt_size=445
[2026-03-19 12:11:05.430] [info] [thread 31788] read_thread loop: ret=0, pkt->stream_index=0, audioq.size=24694, videoq.size=320840, eof=0
[2026-03-19 12:11:05.430] [info] [thread 31788] audio_stream: 1, video_stream: 0
[2026-03-19 12:11:05.460] [info] [thread 28368] audio.nb_samples=1024, channels=2, channel_layout=stereo, format=8, sample_rate=44100
[2026-03-19 12:11:05.461] [info] [thread 28368] audio frame data pointers: data[0]=0x21916f9b500, data[1]=0x21916f96e40
[2026-03-19 12:11:05.463] [info] [thread 31788] read_thread loop: ret=0, pkt->stream_index=0, audioq.size=24216, videoq.size=324223, eof=0
[2026-03-19 12:11:05.463] [info] [thread 31788] audio_stream: 1, video_stream: 0
[2026-03-19 12:11:05.496] [info] [thread 31788] read_thread loop: ret=0, pkt->stream_index=1, audioq.size=24216, videoq.size=325592, eof=0
[2026-03-19 12:11:05.496] [info] [thread 31788] audio_stream: 1, video_stream: 0
[2026-03-19 12:11:05.497] [info] [thread 31788] audio packet pts: 863232, audio_pkt_size=322
[2026-03-19 12:11:05.497] [info] [thread 31788] read_thread loop: ret=0, pkt->stream_index=0, audioq.size=24658, videoq.size=325592, eof=0
[2026-03-19 12:11:05.497] [info] [thread 31788] audio_stream: 1, video_stream: 0
[2026-03-19 12:11:05.500] [info] [thread 28368] audio.nb_samples=1024, channels=2, channel_layout=stereo, format=8, sample_rate=44100
[2026-03-19 12:11:05.500] [info] [thread 28368] audio frame data pointers: data[0]=0x21916f98e80, data[1]=0x21916a5bb00
[2026-03-19 12:11:05.529] [info] [thread 31788] read_thread loop: ret=0, pkt->stream_index=1, audioq.size=24181, videoq.size=326595, eof=0
[2026-03-19 12:11:05.530] [info] [thread 31788] audio_stream: 1, video_stream: 0
[2026-03-19 12:11:05.530] [info] [thread 31788] audio packet pts: 864256, audio_pkt_size=339
[2026-03-19 12:11:05.530] [info] [thread 31788] read_thread loop: ret=0, pkt->stream_index=0, audioq.size=24640, videoq.size=326595, eof=0
[2026-03-19 12:11:05.531] [info] [thread 31788] audio_stream: 1, video_stream: 0
[2026-03-19 12:11:05.550] [info] [thread 28368] audio.nb_samples=1024, channels=2, channel_layout=stereo, format=8, sample_rate=44100
[2026-03-19 12:11:05.550] [info] [thread 28368] audio frame data pointers: data[0]=0x2191427f980, data[1]=0x21916a5db80
[2026-03-19 12:11:05.573] [info] [thread 31788] read_thread loop: ret=0, pkt->stream_index=0, audioq.size=24150, videoq.size=334786, eof=0
[2026-03-19 12:11:05.573] [info] [thread 31788] audio_stream: 1, video_stream: 0
[2026-03-19 12:11:05.600] [info] [thread 28368] audio.nb_samples=1024, channels=2, channel_layout=stereo, format=8, sample_rate=44100
[2026-03-19 12:11:05.600] [info] [thread 28368] audio frame data pointers: data[0]=0x2191427b580, data[1]=0x21914279380
[2026-03-19 12:11:05.605] [info] [thread 31788] read_thread loop: ret=0, pkt->stream_index=1, audioq.size=23674, videoq.size=335972, eof=0
[2026-03-19 12:11:05.606] [info] [thread 31788] audio_stream: 1, video_stream: 0
[2026-03-19 12:11:05.606] [info] [thread 31788] audio packet pts: 865280, audio_pkt_size=348
[2026-03-19 12:11:05.607] [info] [thread 31788] read_thread loop: ret=0, pkt->stream_index=0, audioq.size=24142, videoq.size=335972, eof=0
[2026-03-19 12:11:05.607] [info] [thread 31788] audio_stream: 1, video_stream: 0
[2026-03-19 12:11:05.638] [info] [thread 31788] read_thread loop: ret=0, pkt->stream_index=1, audioq.size=24142, videoq.size=338837, eof=0
[2026-03-19 12:11:05.638] [info] [thread 31788] audio_stream: 1, video_stream: 0
[2026-03-19 12:11:05.639] [info] [thread 31788] audio packet pts: 866304, audio_pkt_size=368
[2026-03-19 12:11:05.639] [info] [thread 31788] read_thread loop: ret=0, pkt->stream_index=0, audioq.size=24630, videoq.size=338837, eof=0
[2026-03-19 12:11:05.639] [info] [thread 31788] audio_stream: 1, video_stream: 0
[2026-03-19 12:11:05.640] [info] [thread 28368] audio.nb_samples=1024, channels=2, channel_layout=stereo, format=8, sample_rate=44100
[2026-03-19 12:11:05.640] [info] [thread 28368] audio frame data pointers: data[0]=0x21914283dc0, data[1]=0x21914281bc0
[2026-03-19 12:11:05.660] [info] [thread 31788] read_thread loop: ret=0, pkt->stream_index=1, audioq.size=24111, videoq.size=338808, eof=0
[2026-03-19 12:11:05.660] [info] [thread 31788] audio_stream: 1, video_stream: 0
[2026-03-19 12:11:05.661] [info] [thread 31788] audio packet pts: 867328, audio_pkt_size=358
[2026-03-19 12:11:05.661] [info] [thread 31788] read_thread loop: ret=0, pkt->stream_index=0, audioq.size=24589, videoq.size=338808, eof=0
[2026-03-19 12:11:05.662] [info] [thread 31788] audio_stream: 1, video_stream: 0
[2026-03-19 12:11:05.690] [info] [thread 28368] audio.nb_samples=1024, channels=2, channel_layout=stereo, format=8, sample_rate=44100
[2026-03-19 12:11:05.690] [info] [thread 28368] audio frame data pointers: data[0]=0x21914285fc0, data[1]=0x2191427d780
[2026-03-19 12:11:05.694] [info] [thread 31788] read_thread loop: ret=0, pkt->stream_index=0, audioq.size=24041, videoq.size=348598, eof=0
[2026-03-19 12:11:05.711] [info] [thread 31788] audio_stream: 1, video_stream: 0
[2026-03-19 12:11:05.732] [info] [thread 31788] read_thread loop: ret=0, pkt->stream_index=1, audioq.size=24041, videoq.size=352296, eof=0
[2026-03-19 12:11:05.740] [info] [thread 28368] audio.nb_samples=1024, channels=2, channel_layout=stereo, format=8, sample_rate=44100
[2026-03-19 12:11:05.786] [info] [thread 31788] audio_stream: 1, video_stream: 0
[2026-03-19 12:11:05.800] [info] [thread 28368] audio frame data pointers: data[0]=0x2191428c600, data[1]=0x219142881c0
[2026-03-19 12:11:05.840] [info] [thread 31788] audio packet pts: 868352, audio_pkt_size=377
[2026-03-19 12:11:05.863] [info] [thread 31788] read_thread loop: ret=0, pkt->stream_index=0, audioq.size=23984, videoq.size=341935, eof=0
[2026-03-19 12:11:05.864] [info] [thread 31788] audio_stream: 1, video_stream: 0
[2026-03-19 12:11:05.864] [info] [thread 31788] read_thread loop: ret=0, pkt->stream_index=1, audioq.size=23984, videoq.size=344021, eof=0
[2026-03-19 12:11:05.864] [info] [thread 31788] audio_stream: 1, video_stream: 0
[2026-03-19 12:11:05.865] [info] [thread 31788] audio packet pts: 869376, audio_pkt_size=363
[2026-03-19 12:11:05.865] [info] [thread 31788] read_thread loop: ret=0, pkt->stream_index=0, audioq.size=24467, videoq.size=344021, eof=0
[2026-03-19 12:11:05.866] [info] [thread 31788] audio_stream: 1, video_stream: 0
[2026-03-19 12:11:05.866] [info] [thread 31788] read_thread loop: ret=0, pkt->stream_index=0, audioq.size=24467, videoq.size=346961, eof=0
[2026-03-19 12:11:05.867] [info] [thread 31788] audio_stream: 1, video_stream: 0
[2026-03-19 12:11:05.867] [info] [thread 31788] read_thread loop: ret=0, pkt->stream_index=1, audioq.size=24467, videoq.size=368148, eof=0
[2026-03-19 12:11:05.867] [info] [thread 31788] audio_stream: 1, video_stream: 0
[2026-03-19 12:11:05.868] [info] [thread 31788] audio packet pts: 870400, audio_pkt_size=383
[2026-03-19 12:11:05.868] [info] [thread 31788] read_thread loop: ret=0, pkt->stream_index=0, audioq.size=24970, videoq.size=368148, eof=0
[2026-03-19 12:11:05.868] [info] [thread 31788] audio_stream: 1, video_stream: 0
[2026-03-19 12:11:05.868] [info] [thread 31788] read_thread loop: ret=0, pkt->stream_index=1, audioq.size=24970, videoq.size=376317, eof=0
[2026-03-19 12:11:05.869] [info] [thread 31788] audio_stream: 1, video_stream: 0
[2026-03-19 12:11:05.869] [info] [thread 31788] audio packet pts: 871424, audio_pkt_size=431
[2026-03-19 12:11:05.870] [info] [thread 28368] audio.nb_samples=1024, channels=2, channel_layout=stereo, format=8, sample_rate=44100
[2026-03-19 12:11:05.870] [info] [thread 28368] audio frame data pointers: data[0]=0x21914290a00, data[1]=0x2191428a400
[2026-03-19 12:11:05.870] [info] [thread 31788] read_thread loop: ret=0, pkt->stream_index=0, audioq.size=25000, videoq.size=376317, eof=0
[2026-03-19 12:11:05.871] [info] [thread 31788] audio_stream: 1, video_stream: 0
[2026-03-19 12:11:05.902] [info] [thread 31788] read_thread loop: ret=0, pkt->stream_index=1, audioq.size=25000, videoq.size=379380, eof=0
[2026-03-19 12:11:05.903] [info] [thread 31788] audio_stream: 1, video_stream: 0
[2026-03-19 12:11:05.904] [info] [thread 31788] audio packet pts: 872448, audio_pkt_size=410
[2026-03-19 12:11:05.904] [info] [thread 31788] read_thread loop: ret=0, pkt->stream_index=0, audioq.size=25530, videoq.size=379380, eof=0
[2026-03-19 12:11:05.904] [info] [thread 31788] audio_stream: 1, video_stream: 0
[2026-03-19 12:11:05.920] [info] [thread 28368] audio.nb_samples=1024, channels=2, channel_layout=stereo, format=8, sample_rate=44100
[2026-03-19 12:11:05.921] [info] [thread 28368] audio frame data pointers: data[0]=0x21914788040, data[1]=0x2191478a0c0
[2026-03-19 12:11:05.925] [info] [thread 31788] read_thread loop: ret=0, pkt->stream_index=0, audioq.size=25011, videoq.size=354416, eof=0
[2026-03-19 12:11:05.926] [info] [thread 31788] audio_stream: 1, video_stream: 0
[2026-03-19 12:11:05.957] [info] [thread 31788] read_thread loop: ret=0, pkt->stream_index=1, audioq.size=25011, videoq.size=366420, eof=0
[2026-03-19 12:11:05.958] [info] [thread 31788] audio_stream: 1, video_stream: 0
[2026-03-19 12:11:05.958] [info] [thread 31788] audio packet pts: 873472, audio_pkt_size=359
[2026-03-19 12:11:05.958] [info] [thread 31788] read_thread loop: ret=0, pkt->stream_index=0, audioq.size=25490, videoq.size=366420, eof=0
[2026-03-19 12:11:05.958] [info] [thread 31788] audio_stream: 1, video_stream: 0
[2026-03-19 12:11:05.960] [info] [thread 28368] audio.nb_samples=1024, channels=2, channel_layout=stereo, format=8, sample_rate=44100
[2026-03-19 12:11:05.960] [info] [thread 28368] audio frame data pointers: data[0]=0x21916b27480, data[1]=0x21916f92a00
[2026-03-19 12:11:06.010] [info] [thread 28368] audio.nb_samples=1024, channels=2, channel_layout=stereo, format=8, sample_rate=44100
[2026-03-19 12:11:06.010] [info] [thread 31788] read_thread loop: ret=0, pkt->stream_index=1, audioq.size=24438, videoq.size=393089, eof=0
[2026-03-19 12:11:06.010] [info] [thread 31788] audio_stream: 1, video_stream: 0
[2026-03-19 12:11:06.011] [info] [thread 31788] audio packet pts: 874496, audio_pkt_size=364
[2026-03-19 12:11:06.010] [info] [thread 28368] audio frame data pointers: data[0]=0x21916f96e40, data[1]=0x21916f9b500
[2026-03-19 12:11:06.011] [info] [thread 31788] read_thread loop: ret=0, pkt->stream_index=0, audioq.size=24922, videoq.size=393089, eof=0
[2026-03-19 12:11:06.012] [info] [thread 31788] audio_stream: 1, video_stream: 0
[2026-03-19 12:11:06.022] [info] [thread 31788] read_thread loop: ret=0, pkt->stream_index=1, audioq.size=24922, videoq.size=393708, eof=0
[2026-03-19 12:11:06.023] [info] [thread 31788] audio_stream: 1, video_stream: 0
[2026-03-19 12:11:06.023] [info] [thread 31788] audio packet pts: 875520, audio_pkt_size=353
[2026-03-19 12:11:06.023] [info] [thread 31788] read_thread loop: ret=0, pkt->stream_index=0, audioq.size=25395, videoq.size=393708, eof=0
[2026-03-19 12:11:06.024] [info] [thread 31788] audio_stream: 1, video_stream: 0
[2026-03-19 12:11:06.060] [info] [thread 28368] audio.nb_samples=1024, channels=2, channel_layout=stereo, format=8, sample_rate=44100
[2026-03-19 12:11:06.060] [info] [thread 28368] audio frame data pointers: data[0]=0x21916a5bb00, data[1]=0x21916f98e80
[2026-03-19 12:11:06.076] [info] [thread 31788] read_thread loop: ret=0, pkt->stream_index=0, audioq.size=24906, videoq.size=381221, eof=0
[2026-03-19 12:11:06.076] [info] [thread 31788] audio_stream: 1, video_stream: 0
[2026-03-19 12:11:06.097] [info] [thread 31788] read_thread loop: ret=0, pkt->stream_index=1, audioq.size=24906, videoq.size=387516, eof=0
[2026-03-19 12:11:06.098] [info] [thread 31788] audio_stream: 1, video_stream: 0
[2026-03-19 12:11:06.099] [info] [thread 31788] audio packet pts: 876544, audio_pkt_size=355
[2026-03-19 12:11:06.099] [info] [thread 31788] read_thread loop: ret=0, pkt->stream_index=0, audioq.size=25381, videoq.size=387516, eof=0
[2026-03-19 12:11:06.099] [info] [thread 31788] audio_stream: 1, video_stream: 0
[2026-03-19 12:11:06.100] [info] [thread 28368] audio.nb_samples=1024, channels=2, channel_layout=stereo, format=8, sample_rate=44100
[2026-03-19 12:11:06.100] [info] [thread 28368] audio frame data pointers: data[0]=0x21916a5db80, data[1]=0x2191427f980
[2026-03-19 12:11:06.131] [info] [thread 31788] read_thread loop: ret=0, pkt->stream_index=1, audioq.size=24915, videoq.size=386498, eof=0
[2026-03-19 12:11:06.131] [info] [thread 31788] audio_stream: 1, video_stream: 0
[2026-03-19 12:11:06.132] [info] [thread 31788] audio packet pts: 877568, audio_pkt_size=356
[2026-03-19 12:11:06.132] [info] [thread 31788] read_thread loop: ret=0, pkt->stream_index=0, audioq.size=25391, videoq.size=386498, eof=0
[2026-03-19 12:11:06.133] [info] [thread 31788] audio_stream: 1, video_stream: 0
[2026-03-19 12:11:06.150] [info] [thread 28368] audio.nb_samples=1024, channels=2, channel_layout=stereo, format=8, sample_rate=44100
[2026-03-19 12:11:06.150] [info] [thread 28368] audio frame data pointers: data[0]=0x21914279380, data[1]=0x2191427b580
[2026-03-19 12:11:06.164] [info] [thread 31788] read_thread loop: ret=0, pkt->stream_index=0, audioq.size=24932, videoq.size=385510, eof=0
[2026-03-19 12:11:06.165] [info] [thread 31788] audio_stream: 1, video_stream: 0
[2026-03-19 12:11:06.197] [info] [thread 31788] read_thread loop: ret=0, pkt->stream_index=1, audioq.size=24932, videoq.size=371655, eof=0
[2026-03-19 12:11:06.197] [info] [thread 31788] audio_stream: 1, video_stream: 0
[2026-03-19 12:11:06.198] [info] [thread 31788] audio packet pts: 878592, audio_pkt_size=412
[2026-03-19 12:11:06.198] [info] [thread 31788] read_thread loop: ret=0, pkt->stream_index=0, audioq.size=25464, videoq.size=371655, eof=0
[2026-03-19 12:11:06.198] [info] [thread 31788] audio_stream: 1, video_stream: 0
[2026-03-19 12:11:06.200] [info] [thread 28368] audio.nb_samples=1024, channels=2, channel_layout=stereo, format=8, sample_rate=44100
[2026-03-19 12:11:06.200] [info] [thread 28368] audio frame data pointers: data[0]=0x21914281bc0, data[1]=0x21914283dc0
[2026-03-19 12:11:06.229] [info] [thread 31788] read_thread loop: ret=0, pkt->stream_index=1, audioq.size=25005, videoq.size=376448, eof=0
[2026-03-19 12:11:06.229] [info] [thread 31788] audio_stream: 1, video_stream: 0
[2026-03-19 12:11:06.230] [info] [thread 31788] audio packet pts: 879616, audio_pkt_size=417
[2026-03-19 12:11:06.230] [info] [thread 31788] read_thread loop: ret=0, pkt->stream_index=0, audioq.size=25542, videoq.size=376448, eof=0
[2026-03-19 12:11:06.231] [info] [thread 31788] audio_stream: 1, video_stream: 0
[2026-03-19 12:11:06.240] [info] [thread 28368] audio.nb_samples=1024, channels=2, channel_layout=stereo, format=8, sample_rate=44100
[2026-03-19 12:11:06.240] [info] [thread 28368] audio frame data pointers: data[0]=0x2191427d780, data[1]=0x21914285fc0
[2026-03-19 12:11:06.261] [info] [thread 31788] read_thread loop: ret=0, pkt->stream_index=1, audioq.size=25079, videoq.size=376041, eof=0
[2026-03-19 12:11:06.262] [info] [thread 31788] audio_stream: 1, video_stream: 0
[2026-03-19 12:11:06.262] [info] [thread 31788] audio packet pts: 880640, audio_pkt_size=405
[2026-03-19 12:11:06.263] [info] [thread 31788] read_thread loop: ret=0, pkt->stream_index=0, audioq.size=25604, videoq.size=376041, eof=0
[2026-03-19 12:11:06.263] [info] [thread 31788] audio_stream: 1, video_stream: 0
[2026-03-19 12:11:06.290] [info] [thread 28368] audio.nb_samples=1024, channels=2, channel_layout=stereo, format=8, sample_rate=44100
[2026-03-19 12:11:06.290] [info] [thread 28368] audio frame data pointers: data[0]=0x219142881c0, data[1]=0x2191428c600
[2026-03-19 12:11:06.307] [info] [thread 31788] read_thread loop: ret=0, pkt->stream_index=0, audioq.size=25148, videoq.size=375686, eof=0
[2026-03-19 12:11:06.307] [info] [thread 31788] audio_stream: 1, video_stream: 0
[2026-03-19 12:11:06.340] [info] [thread 28368] audio.nb_samples=1024, channels=2, channel_layout=stereo, format=8, sample_rate=44100
[2026-03-19 12:11:06.340] [info] [thread 31788] read_thread loop: ret=0, pkt->stream_index=1, audioq.size=24673, videoq.size=358173, eof=0
[2026-03-19 12:11:06.340] [info] [thread 28368] audio frame data pointers: data[0]=0x2191428a400, data[1]=0x21914290a00
[2026-03-19 12:11:06.340] [info] [thread 31788] audio_stream: 1, video_stream: 0
[2026-03-19 12:11:06.341] [info] [thread 31788] audio packet pts: 881664, audio_pkt_size=428
[2026-03-19 12:11:06.342] [info] [thread 31788] read_thread loop: ret=0, pkt->stream_index=0, audioq.size=25221, videoq.size=358173, eof=0
[2026-03-19 12:11:06.342] [info] [thread 31788] audio_stream: 1, video_stream: 0
[2026-03-19 12:11:06.363] [info] [thread 31788] read_thread loop: ret=0, pkt->stream_index=1, audioq.size=25221, videoq.size=363551, eof=0
[2026-03-19 12:11:06.363] [info] [thread 31788] audio_stream: 1, video_stream: 0
[2026-03-19 12:11:06.364] [info] [thread 31788] audio packet pts: 882688, audio_pkt_size=389
[2026-03-19 12:11:06.364] [info] [thread 31788] read_thread loop: ret=0, pkt->stream_index=0, audioq.size=25730, videoq.size=363551, eof=0
[2026-03-19 12:11:06.365] [info] [thread 31788] audio_stream: 1, video_stream: 0
[2026-03-19 12:11:06.380] [info] [thread 28368] audio.nb_samples=1024, channels=2, channel_layout=stereo, format=8, sample_rate=44100
[2026-03-19 12:11:06.380] [info] [thread 28368] audio frame data pointers: data[0]=0x2191478a0c0, data[1]=0x21914788040
[2026-03-19 12:11:06.397] [info] [thread 31788] read_thread loop: ret=0, pkt->stream_index=0, audioq.size=25258, videoq.size=362972, eof=0
[2026-03-19 12:11:06.398] [info] [thread 31788] audio_stream: 1, video_stream: 0
[2026-03-19 12:11:06.429] [info] [thread 31788] read_thread loop: ret=0, pkt->stream_index=1, audioq.size=25258, videoq.size=361278, eof=0
[2026-03-19 12:11:06.430] [info] [thread 28368] audio.nb_samples=1024, channels=2, channel_layout=stereo, format=8, sample_rate=44100
[2026-03-19 12:11:06.430] [info] [thread 28368] audio frame data pointers: data[0]=0x21916f92a00, data[1]=0x21916b27480
[2026-03-19 12:11:06.430] [info] [thread 31788] audio_stream: 1, video_stream: 0
[2026-03-19 12:11:06.431] [info] [thread 31788] audio packet pts: 883712, audio_pkt_size=316
[2026-03-19 12:11:06.431] [info] [thread 31788] read_thread loop: ret=0, pkt->stream_index=0, audioq.size=25124, videoq.size=361278, eof=0
[2026-03-19 12:11:06.431] [info] [thread 31788] audio_stream: 1, video_stream: 0
[2026-03-19 12:11:06.463] [info] [thread 31788] read_thread loop: ret=0, pkt->stream_index=1, audioq.size=25124, videoq.size=344265, eof=0
[2026-03-19 12:11:06.464] [info] [thread 31788] audio_stream: 1, video_stream: 0
[2026-03-19 12:11:06.464] [info] [thread 31788] audio packet pts: 884736, audio_pkt_size=330
[2026-03-19 12:11:06.465] [info] [thread 31788] read_thread loop: ret=0, pkt->stream_index=0, audioq.size=25574, videoq.size=344265, eof=0
[2026-03-19 12:11:06.465] [info] [thread 31788] audio_stream: 1, video_stream: 0
[2026-03-19 12:11:06.480] [info] [thread 28368] audio.nb_samples=1024, channels=2, channel_layout=stereo, format=8, sample_rate=44100
[2026-03-19 12:11:06.481] [info] [thread 28368] audio frame data pointers: data[0]=0x21916f9b500, data[1]=0x21916f96e40
[2026-03-19 12:11:06.497] [info] [thread 31788] read_thread loop: ret=0, pkt->stream_index=1, audioq.size=25121, videoq.size=347430, eof=0
[2026-03-19 12:11:06.497] [info] [thread 31788] audio_stream: 1, video_stream: 0
[2026-03-19 12:11:06.498] [info] [thread 31788] audio packet pts: 885760, audio_pkt_size=335
[2026-03-19 12:11:06.498] [info] [thread 31788] read_thread loop: ret=0, pkt->stream_index=0, audioq.size=25576, videoq.size=347430, eof=0
[2026-03-19 12:11:06.498] [info] [thread 31788] audio_stream: 1, video_stream: 0
[2026-03-19 12:11:06.520] [info] [thread 28368] audio.nb_samples=1024, channels=2, channel_layout=stereo, format=8, sample_rate=44100
[2026-03-19 12:11:06.520] [info] [thread 28368] audio frame data pointers: data[0]=0x21916f98e80, data[1]=0x21916a5bb00
[2026-03-19 12:11:06.540] [info] [thread 31788] read_thread loop: ret=0, pkt->stream_index=0, audioq.size=25118, videoq.size=345074, eof=0
[2026-03-19 12:11:06.541] [info] [thread 31788] audio_stream: 1, video_stream: 0
[2026-03-19 12:11:06.570] [info] [thread 28368] audio.nb_samples=1024, channels=2, channel_layout=stereo, format=8, sample_rate=44100
[2026-03-19 12:11:06.571] [info] [thread 28368] audio frame data pointers: data[0]=0x2191427f980, data[1]=0x21916a5db80
[2026-03-19 12:11:06.573] [info] [thread 31788] read_thread loop: ret=0, pkt->stream_index=1, audioq.size=24651, videoq.size=343012, eof=0
[2026-03-19 12:11:06.574] [info] [thread 31788] audio_stream: 1, video_stream: 0
[2026-03-19 12:11:06.574] [info] [thread 31788] audio packet pts: 886784, audio_pkt_size=356
[2026-03-19 12:11:06.575] [info] [thread 31788] read_thread loop: ret=0, pkt->stream_index=0, audioq.size=25127, videoq.size=343012, eof=0
[2026-03-19 12:11:06.575] [info] [thread 31788] audio_stream: 1, video_stream: 0
[2026-03-19 12:11:06.607] [info] [thread 31788] read_thread loop: ret=0, pkt->stream_index=1, audioq.size=25127, videoq.size=327221, eof=0
[2026-03-19 12:11:06.608] [info] [thread 31788] audio_stream: 1, video_stream: 0
[2026-03-19 12:11:06.608] [info] [thread 31788] audio packet pts: 887808, audio_pkt_size=368
[2026-03-19 12:11:06.609] [info] [thread 31788] read_thread loop: ret=0, pkt->stream_index=0, audioq.size=25615, videoq.size=327221, eof=0
[2026-03-19 12:11:06.609] [info] [thread 31788] audio_stream: 1, video_stream: 0
[2026-03-19 12:11:06.610] [info] [thread 28368] audio.nb_samples=1024, channels=2, channel_layout=stereo, format=8, sample_rate=44100
[2026-03-19 12:11:06.610] [info] [thread 28368] audio frame data pointers: data[0]=0x2191427b580, data[1]=0x21914279380
[2026-03-19 12:11:06.630] [info] [thread 31788] read_thread loop: ret=0, pkt->stream_index=0, audioq.size=25139, videoq.size=326325, eof=0
[2026-03-19 12:11:06.631] [info] [thread 31788] audio_stream: 1, video_stream: 0
[2026-03-19 12:11:06.660] [info] [thread 28368] audio.nb_samples=1024, channels=2, channel_layout=stereo, format=8, sample_rate=44100
[2026-03-19 12:11:06.660] [info] [thread 28368] audio frame data pointers: data[0]=0x21914283dc0, data[1]=0x21914281bc0
[2026-03-19 12:11:06.662] [info] [thread 31788] read_thread loop: ret=0, pkt->stream_index=1, audioq.size=24669, videoq.size=323348, eof=0
[2026-03-19 12:11:06.663] [info] [thread 31788] audio_stream: 1, video_stream: 0
[2026-03-19 12:11:06.663] [info] [thread 31788] audio packet pts: 888832, audio_pkt_size=342
[2026-03-19 12:11:06.663] [info] [thread 31788] read_thread loop: ret=0, pkt->stream_index=0, audioq.size=25131, videoq.size=323348, eof=0
[2026-03-19 12:11:06.664] [info] [thread 31788] audio_stream: 1, video_stream: 0
[2026-03-19 12:11:06.695] [info] [thread 31788] read_thread loop: ret=0, pkt->stream_index=1, audioq.size=25131, videoq.size=319883, eof=0
[2026-03-19 12:11:06.696] [info] [thread 31788] audio_stream: 1, video_stream: 0
[2026-03-19 12:11:06.696] [info] [thread 31788] audio packet pts: 889856, audio_pkt_size=343
[2026-03-19 12:11:06.697] [info] [thread 31788] read_thread loop: ret=0, pkt->stream_index=0, audioq.size=25594, videoq.size=319883, eof=0
[2026-03-19 12:11:06.697] [info] [thread 31788] audio_stream: 1, video_stream: 0
[2026-03-19 12:11:06.710] [info] [thread 28368] audio.nb_samples=1024, channels=2, channel_layout=stereo, format=8, sample_rate=44100
[2026-03-19 12:11:06.710] [info] [thread 28368] audio frame data pointers: data[0]=0x21914285fc0, data[1]=0x2191427d780
[2026-03-19 12:11:06.728] [info] [thread 31788] read_thread loop: ret=0, pkt->stream_index=1, audioq.size=25129, videoq.size=304671, eof=0
[2026-03-19 12:11:06.728] [info] [thread 31788] audio_stream: 1, video_stream: 0
[2026-03-19 12:11:06.729] [info] [thread 31788] audio packet pts: 890880, audio_pkt_size=381
[2026-03-19 12:11:06.730] [info] [thread 31788] read_thread loop: ret=0, pkt->stream_index=0, audioq.size=25630, videoq.size=304671, eof=0
[2026-03-19 12:11:06.730] [info] [thread 31788] audio_stream: 1, video_stream: 0
[2026-03-19 12:11:06.750] [info] [thread 28368] audio.nb_samples=1024, channels=2, channel_layout=stereo, format=8, sample_rate=44100
[2026-03-19 12:11:06.750] [info] [thread 28368] audio frame data pointers: data[0]=0x2191428c600, data[1]=0x219142881c0
[2026-03-19 12:11:06.762] [info] [thread 31788] read_thread loop: ret=0, pkt->stream_index=0, audioq.size=25147, videoq.size=304533, eof=0
[2026-03-19 12:11:06.763] [info] [thread 31788] audio_stream: 1, video_stream: 0
[2026-03-19 12:11:06.800] [info] [thread 28368] audio.nb_samples=1024, channels=2, channel_layout=stereo, format=8, sample_rate=44100
[2026-03-19 12:11:06.800] [info] [thread 28368] audio frame data pointers: data[0]=0x21914290a00, data[1]=0x2191428a400
[2026-03-19 12:11:06.806] [info] [thread 31788] read_thread loop: ret=0, pkt->stream_index=1, audioq.size=24669, videoq.size=299905, eof=0
[2026-03-19 12:11:06.807] [info] [thread 31788] audio_stream: 1, video_stream: 0
[2026-03-19 12:11:06.807] [info] [thread 31788] audio packet pts: 891904, audio_pkt_size=434
[2026-03-19 12:11:06.808] [info] [thread 31788] read_thread loop: ret=0, pkt->stream_index=0, audioq.size=25223, videoq.size=299905, eof=0
[2026-03-19 12:11:06.808] [info] [thread 31788] audio_stream: 1, video_stream: 0
[2026-03-19 12:11:06.841] [info] [thread 31788] read_thread loop: ret=0, pkt->stream_index=1, audioq.size=25223, videoq.size=295218, eof=0
[2026-03-19 12:11:06.841] [info] [thread 31788] audio_stream: 1, video_stream: 0
[2026-03-19 12:11:06.842] [info] [thread 31788] audio packet pts: 892928, audio_pkt_size=494
[2026-03-19 12:11:06.842] [info] [thread 31788] read_thread loop: ret=0, pkt->stream_index=0, audioq.size=25837, videoq.size=295218, eof=0
[2026-03-19 12:11:06.842] [info] [thread 31788] audio_stream: 1, video_stream: 0
[2026-03-19 12:11:06.850] [info] [thread 28368] audio.nb_samples=1024, channels=2, channel_layout=stereo, format=8, sample_rate=44100
[2026-03-19 12:11:06.850] [info] [thread 28368] audio frame data pointers: data[0]=0x21914788040, data[1]=0x2191478a0c0
[2026-03-19 12:11:06.864] [info] [thread 31788] read_thread loop: ret=0, pkt->stream_index=0, audioq.size=25355, videoq.size=282783, eof=0
[2026-03-19 12:11:06.865] [info] [thread 31788] audio_stream: 1, video_stream: 0
[2026-03-19 12:11:06.890] [info] [thread 28368] audio.nb_samples=1024, channels=2, channel_layout=stereo, format=8, sample_rate=44100
[2026-03-19 12:11:06.890] [info] [thread 28368] audio frame data pointers: data[0]=0x21916b27480, data[1]=0x21916f92a00
[2026-03-19 12:11:06.897] [info] [thread 31788] read_thread loop: ret=0, pkt->stream_index=1, audioq.size=24863, videoq.size=285979, eof=0
[2026-03-19 12:11:06.897] [info] [thread 31788] audio_stream: 1, video_stream: 0
[2026-03-19 12:11:06.898] [info] [thread 31788] audio packet pts: 893952, audio_pkt_size=337
[2026-03-19 12:11:06.898] [info] [thread 31788] read_thread loop: ret=0, pkt->stream_index=0, audioq.size=25320, videoq.size=285979, eof=0
[2026-03-19 12:11:06.899] [info] [thread 31788] audio_stream: 1, video_stream: 0
[2026-03-19 12:11:06.931] [info] [thread 31788] read_thread loop: ret=0, pkt->stream_index=1, audioq.size=25320, videoq.size=283746, eof=0
[2026-03-19 12:11:06.932] [info] [thread 31788] audio_stream: 1, video_stream: 0
[2026-03-19 12:11:06.932] [info] [thread 31788] audio packet pts: 894976, audio_pkt_size=366
[2026-03-19 12:11:06.933] [info] [thread 31788] read_thread loop: ret=0, pkt->stream_index=0, audioq.size=25806, videoq.size=283746, eof=0
[2026-03-19 12:11:06.933] [info] [thread 31788] audio_stream: 1, video_stream: 0
[2026-03-19 12:11:06.940] [info] [thread 28368] audio.nb_samples=1024, channels=2, channel_layout=stereo, format=8, sample_rate=44100
[2026-03-19 12:11:06.940] [info] [thread 28368] audio frame data pointers: data[0]=0x21916f96e40, data[1]=0x21916f9b500
[2026-03-19 12:11:06.964] [info] [thread 31788] read_thread loop: ret=0, pkt->stream_index=1, audioq.size=25320, videoq.size=282670, eof=0
[2026-03-19 12:11:06.965] [info] [thread 31788] audio_stream: 1, video_stream: 0
[2026-03-19 12:11:06.965] [info] [thread 31788] audio packet pts: 896000, audio_pkt_size=339
[2026-03-19 12:11:06.965] [info] [thread 31788] read_thread loop: ret=0, pkt->stream_index=0, audioq.size=25779, videoq.size=282670, eof=0
[2026-03-19 12:11:06.965] [info] [thread 31788] audio_stream: 1, video_stream: 0
[2026-03-19 12:11:06.990] [info] [thread 28368] audio.nb_samples=1024, channels=2, channel_layout=stereo, format=8, sample_rate=44100
[2026-03-19 12:11:06.990] [info] [thread 28368] audio frame data pointers: data[0]=0x21916a5bb00, data[1]=0x21916f98e80
[2026-03-19 12:11:06.997] [info] [thread 31788] read_thread loop: ret=0, pkt->stream_index=0, audioq.size=25290, videoq.size=270924, eof=0
[2026-03-19 12:11:06.998] [info] [thread 31788] audio_stream: 1, video_stream: 0
[2026-03-19 12:11:07.029] [info] [thread 31788] read_thread loop: ret=0, pkt->stream_index=1, audioq.size=25290, videoq.size=269940, eof=0
[2026-03-19 12:11:07.030] [info] [thread 31788] audio_stream: 1, video_stream: 0
[2026-03-19 12:11:07.030] [info] [thread 28368] audio.nb_samples=1024, channels=2, channel_layout=stereo, format=8, sample_rate=44100
[2026-03-19 12:11:07.030] [info] [thread 31788] audio packet pts: 897024, audio_pkt_size=345
[2026-03-19 12:11:07.031] [info] [thread 31788] read_thread loop: ret=0, pkt->stream_index=0, audioq.size=25263, videoq.size=269940, eof=0
[2026-03-19 12:11:07.030] [info] [thread 28368] audio frame data pointers: data[0]=0x21916a5db80, data[1]=0x2191427f980
[2026-03-19 12:11:07.031] [info] [thread 31788] audio_stream: 1, video_stream: 0
[2026-03-19 12:11:07.074] [info] [thread 31788] read_thread loop: ret=0, pkt->stream_index=1, audioq.size=25263, videoq.size=268279, eof=0
[2026-03-19 12:11:07.075] [info] [thread 31788] audio_stream: 1, video_stream: 0
[2026-03-19 12:11:07.075] [info] [thread 31788] audio packet pts: 898048, audio_pkt_size=338
[2026-03-19 12:11:07.075] [info] [thread 31788] read_thread loop: ret=0, pkt->stream_index=0, audioq.size=25721, videoq.size=268279, eof=0
[2026-03-19 12:11:07.076] [info] [thread 31788] audio_stream: 1, video_stream: 0
[2026-03-19 12:11:07.080] [info] [thread 28368] audio.nb_samples=1024, channels=2, channel_layout=stereo, format=8, sample_rate=44100
[2026-03-19 12:11:07.080] [info] [thread 28368] audio frame data pointers: data[0]=0x21914279380, data[1]=0x2191427b580
[2026-03-19 12:11:07.108] [info] [thread 31788] read_thread loop: ret=0, pkt->stream_index=0, audioq.size=25238, videoq.size=268186, eof=0
[2026-03-19 12:11:07.108] [info] [thread 31788] audio_stream: 1, video_stream: 0
[2026-03-19 12:11:07.129] [info] [thread 31788] read_thread loop: ret=0, pkt->stream_index=1, audioq.size=25238, videoq.size=258217, eof=0
[2026-03-19 12:11:07.129] [info] [thread 31788] audio_stream: 1, video_stream: 0
[2026-03-19 12:11:07.130] [info] [thread 31788] audio packet pts: 899072, audio_pkt_size=361
[2026-03-19 12:11:07.130] [info] [thread 28368] audio.nb_samples=1024, channels=2, channel_layout=stereo, format=8, sample_rate=44100
[2026-03-19 12:11:07.130] [info] [thread 31788] read_thread loop: ret=0, pkt->stream_index=0, audioq.size=25240, videoq.size=258217, eof=0
[2026-03-19 12:11:07.130] [info] [thread 28368] audio frame data pointers: data[0]=0x21914281bc0, data[1]=0x21914283dc0
[2026-03-19 12:11:07.131] [info] [thread 31788] audio_stream: 1, video_stream: 0
[2026-03-19 12:11:07.163] [info] [thread 31788] read_thread loop: ret=0, pkt->stream_index=1, audioq.size=25240, videoq.size=256391, eof=0
[2026-03-19 12:11:07.163] [info] [thread 31788] audio_stream: 1, video_stream: 0
[2026-03-19 12:11:07.164] [info] [thread 31788] audio packet pts: 900096, audio_pkt_size=383
[2026-03-19 12:11:07.164] [info] [thread 31788] read_thread loop: ret=0, pkt->stream_index=0, audioq.size=25743, videoq.size=256391, eof=0
[2026-03-19 12:11:07.164] [info] [thread 31788] audio_stream: 1, video_stream: 0
[2026-03-19 12:11:07.170] [info] [thread 28368] audio.nb_samples=1024, channels=2, channel_layout=stereo, format=8, sample_rate=44100
[2026-03-19 12:11:07.170] [info] [thread 28368] audio frame data pointers: data[0]=0x2191427d780, data[1]=0x21914285fc0
[2026-03-19 12:11:07.196] [info] [thread 31788] read_thread loop: ret=0, pkt->stream_index=1, audioq.size=25255, videoq.size=254695, eof=0
[2026-03-19 12:11:07.197] [info] [thread 31788] audio_stream: 1, video_stream: 0
[2026-03-19 12:11:07.197] [info] [thread 31788] audio packet pts: 901120, audio_pkt_size=420
[2026-03-19 12:11:07.198] [info] [thread 31788] read_thread loop: ret=0, pkt->stream_index=0, audioq.size=25795, videoq.size=254695, eof=0
[2026-03-19 12:11:07.198] [info] [thread 31788] audio_stream: 1, video_stream: 0
[2026-03-19 12:11:07.220] [info] [thread 28368] audio.nb_samples=1024, channels=2, channel_layout=stereo, format=8, sample_rate=44100
[2026-03-19 12:11:07.220] [info] [thread 28368] audio frame data pointers: data[0]=0x219142881c0, data[1]=0x2191428c600
[2026-03-19 12:11:07.230] [info] [thread 31788] read_thread loop: ret=0, pkt->stream_index=0, audioq.size=25301, videoq.size=254296, eof=0
[2026-03-19 12:11:07.231] [info] [thread 31788] audio_stream: 1, video_stream: 0
[2026-03-19 12:11:07.260] [info] [thread 28368] audio.nb_samples=1024, channels=2, channel_layout=stereo, format=8, sample_rate=44100
[2026-03-19 12:11:07.260] [info] [thread 28368] audio frame data pointers: data[0]=0x2191428a400, data[1]=0x21914290a00
[2026-03-19 12:11:07.262] [info] [thread 31788] read_thread loop: ret=0, pkt->stream_index=1, audioq.size=24812, videoq.size=247376, eof=0
[2026-03-19 12:11:07.263] [info] [thread 31788] audio_stream: 1, video_stream: 0
[2026-03-19 12:11:07.263] [info] [thread 31788] audio packet pts: 902144, audio_pkt_size=356
[2026-03-19 12:11:07.264] [info] [thread 31788] read_thread loop: ret=0, pkt->stream_index=0, audioq.size=25288, videoq.size=247376, eof=0
[2026-03-19 12:11:07.264] [info] [thread 31788] audio_stream: 1, video_stream: 0
[2026-03-19 12:11:07.308] [info] [thread 31788] read_thread loop: ret=0, pkt->stream_index=1, audioq.size=25288, videoq.size=246364, eof=0
[2026-03-19 12:11:07.309] [info] [thread 31788] audio_stream: 1, video_stream: 0
[2026-03-19 12:11:07.309] [info] [thread 31788] audio packet pts: 903168, audio_pkt_size=334
[2026-03-19 12:11:07.310] [info] [thread 28368] audio.nb_samples=1024, channels=2, channel_layout=stereo, format=8, sample_rate=44100
[2026-03-19 12:11:07.310] [info] [thread 31788] read_thread loop: ret=0, pkt->stream_index=0, audioq.size=25236, videoq.size=246364, eof=0
[2026-03-19 12:11:07.311] [info] [thread 31788] audio_stream: 1, video_stream: 0
[2026-03-19 12:11:07.310] [info] [thread 28368] audio frame data pointers: data[0]=0x2191478a0c0, data[1]=0x21914788040
[2026-03-19 12:11:07.332] [info] [thread 31788] read_thread loop: ret=0, pkt->stream_index=1, audioq.size=25236, videoq.size=245446, eof=0
[2026-03-19 12:11:07.333] [info] [thread 31788] audio_stream: 1, video_stream: 0
[2026-03-19 12:11:07.333] [info] [thread 31788] audio packet pts: 904192, audio_pkt_size=342
[2026-03-19 12:11:07.334] [info] [thread 31788] read_thread loop: ret=0, pkt->stream_index=0, audioq.size=25698, videoq.size=245446, eof=0
[2026-03-19 12:11:07.334] [info] [thread 31788] audio_stream: 1, video_stream: 0
[2026-03-19 12:11:07.360] [info] [thread 28368] audio.nb_samples=1024, channels=2, channel_layout=stereo, format=8, sample_rate=44100
[2026-03-19 12:11:07.360] [info] [thread 28368] audio frame data pointers: data[0]=0x21916f92a00, data[1]=0x21916b27480
[2026-03-19 12:11:07.365] [info] [thread 31788] read_thread loop: ret=0, pkt->stream_index=0, audioq.size=25201, videoq.size=245035, eof=0
[2026-03-19 12:11:07.366] [info] [thread 31788] audio_stream: 1, video_stream: 0
[2026-03-19 12:11:07.398] [info] [thread 31788] read_thread loop: ret=0, pkt->stream_index=1, audioq.size=25201, videoq.size=235758, eof=0
[2026-03-19 12:11:07.399] [info] [thread 31788] audio_stream: 1, video_stream: 0
[2026-03-19 12:11:07.399] [info] [thread 31788] audio packet pts: 905216, audio_pkt_size=356
[2026-03-19 12:11:07.400] [info] [thread 28368] audio.nb_samples=1024, channels=2, channel_layout=stereo, format=8, sample_rate=44100
[2026-03-19 12:11:07.400] [info] [thread 28368] audio frame data pointers: data[0]=0x21916f9b500, data[1]=0x21916f96e40
[2026-03-19 12:11:07.400] [info] [thread 31788] read_thread loop: ret=0, pkt->stream_index=0, audioq.size=25180, videoq.size=235758, eof=0
[2026-03-19 12:11:07.401] [info] [thread 31788] audio_stream: 1, video_stream: 0
[2026-03-19 12:11:07.432] [info] [thread 31788] read_thread loop: ret=0, pkt->stream_index=1, audioq.size=25180, videoq.size=235461, eof=0
[2026-03-19 12:11:07.433] [info] [thread 31788] audio_stream: 1, video_stream: 0
[2026-03-19 12:11:07.433] [info] [thread 31788] audio packet pts: 906240, audio_pkt_size=382
[2026-03-19 12:11:07.434] [info] [thread 31788] read_thread loop: ret=0, pkt->stream_index=0, audioq.size=25682, videoq.size=235461, eof=0
[2026-03-19 12:11:07.434] [info] [thread 31788] audio_stream: 1, video_stream: 0
[2026-03-19 12:11:07.450] [info] [thread 28368] audio.nb_samples=1024, channels=2, channel_layout=stereo, format=8, sample_rate=44100
[2026-03-19 12:11:07.450] [info] [thread 28368] audio frame data pointers: data[0]=0x21916f98e80, data[1]=0x21916a5bb00
[2026-03-19 12:11:07.466] [info] [thread 31788] read_thread loop: ret=0, pkt->stream_index=0, audioq.size=25175, videoq.size=235012, eof=0
[2026-03-19 12:11:07.467] [info] [thread 31788] audio_stream: 1, video_stream: 0
[2026-03-19 12:11:07.500] [info] [thread 28368] audio.nb_samples=1024, channels=2, channel_layout=stereo, format=8, sample_rate=44100
[2026-03-19 12:11:07.500] [info] [thread 28368] audio frame data pointers: data[0]=0x2191427f980, data[1]=0x21916a5db80
[2026-03-19 12:11:07.510] [info] [thread 31788] read_thread loop: ret=0, pkt->stream_index=1, audioq.size=24682, videoq.size=232728, eof=0
[2026-03-19 12:11:07.510] [info] [thread 31788] audio_stream: 1, video_stream: 0
[2026-03-19 12:11:07.510] [info] [thread 31788] audio packet pts: 907264, audio_pkt_size=353
[2026-03-19 12:11:07.511] [info] [thread 31788] read_thread loop: ret=0, pkt->stream_index=0, audioq.size=25155, videoq.size=232728, eof=0
[2026-03-19 12:11:07.511] [info] [thread 31788] audio_stream: 1, video_stream: 0
[2026-03-19 12:11:07.540] [info] [thread 28368] audio.nb_samples=1024, channels=2, channel_layout=stereo, format=8, sample_rate=44100
[2026-03-19 12:11:07.540] [info] [thread 28368] audio frame data pointers: data[0]=0x2191427b580, data[1]=0x21914279380
[2026-03-19 12:11:07.541] [info] [thread 31788] read_thread loop: ret=0, pkt->stream_index=1, audioq.size=24662, videoq.size=225306, eof=0
[2026-03-19 12:11:07.542] [info] [thread 31788] audio_stream: 1, video_stream: 0
[2026-03-19 12:11:07.543] [info] [thread 31788] audio packet pts: 908288, audio_pkt_size=369
[2026-03-19 12:11:07.543] [info] [thread 31788] read_thread loop: ret=0, pkt->stream_index=0, audioq.size=25151, videoq.size=225306, eof=0
[2026-03-19 12:11:07.544] [info] [thread 31788] audio_stream: 1, video_stream: 0
[2026-03-19 12:11:07.576] [info] [thread 31788] read_thread loop: ret=0, pkt->stream_index=1, audioq.size=25151, videoq.size=276955, eof=0
[2026-03-19 12:11:07.576] [info] [thread 31788] audio_stream: 1, video_stream: 0
[2026-03-19 12:11:07.577] [info] [thread 31788] audio packet pts: 909312, audio_pkt_size=487
[2026-03-19 12:11:07.577] [info] [thread 31788] read_thread loop: ret=0, pkt->stream_index=0, audioq.size=25758, videoq.size=276955, eof=0
[2026-03-19 12:11:07.577] [info] [thread 31788] audio_stream: 1, video_stream: 0
[2026-03-19 12:11:07.590] [info] [thread 28368] audio.nb_samples=1024, channels=2, channel_layout=stereo, format=8, sample_rate=44100
[2026-03-19 12:11:07.590] [info] [thread 28368] audio frame data pointers: data[0]=0x21914283dc0, data[1]=0x21914281bc0
[2026-03-19 12:11:07.599] [info] [thread 31788] read_thread loop: ret=0, pkt->stream_index=0, audioq.size=25255, videoq.size=290450, eof=0
[2026-03-19 12:11:07.599] [info] [thread 31788] audio_stream: 1, video_stream: 0
[2026-03-19 12:11:07.630] [info] [thread 31788] read_thread loop: ret=0, pkt->stream_index=1, audioq.size=25255, videoq.size=296125, eof=0
[2026-03-19 12:11:07.631] [info] [thread 31788] audio_stream: 1, video_stream: 0
[2026-03-19 12:11:07.631] [info] [thread 31788] audio packet pts: 910336, audio_pkt_size=348
[2026-03-19 12:11:07.631] [info] [thread 31788] read_thread loop: ret=0, pkt->stream_index=0, audioq.size=25723, videoq.size=296125, eof=0
[2026-03-19 12:11:07.632] [info] [thread 31788] audio_stream: 1, video_stream: 0
[2026-03-19 12:11:07.640] [info] [thread 28368] audio.nb_samples=1024, channels=2, channel_layout=stereo, format=8, sample_rate=44100
[2026-03-19 12:11:07.641] [info] [thread 28368] audio frame data pointers: data[0]=0x21914285fc0, data[1]=0x2191427d780
[2026-03-19 12:11:07.663] [info] [thread 31788] read_thread loop: ret=0, pkt->stream_index=1, audioq.size=25214, videoq.size=290312, eof=0
[2026-03-19 12:11:07.663] [info] [thread 31788] audio_stream: 1, video_stream: 0
[2026-03-19 12:11:07.664] [info] [thread 31788] audio packet pts: 911360, audio_pkt_size=349
[2026-03-19 12:11:07.665] [info] [thread 31788] read_thread loop: ret=0, pkt->stream_index=0, audioq.size=25683, videoq.size=290312, eof=0
[2026-03-19 12:11:07.665] [info] [thread 31788] audio_stream: 1, video_stream: 0
[2026-03-19 12:11:07.680] [info] [thread 28368] audio.nb_samples=1024, channels=2, channel_layout=stereo, format=8, sample_rate=44100
[2026-03-19 12:11:07.680] [info] [thread 28368] audio frame data pointers: data[0]=0x2191428c600, data[1]=0x219142881c0
[2026-03-19 12:11:07.696] [info] [thread 31788] read_thread loop: ret=0, pkt->stream_index=0, audioq.size=25169, videoq.size=290148, eof=0
[2026-03-19 12:11:07.697] [info] [thread 31788] audio_stream: 1, video_stream: 0
[2026-03-19 12:11:07.730] [info] [thread 28368] audio.nb_samples=1024, channels=2, channel_layout=stereo, format=8, sample_rate=44100
[2026-03-19 12:11:07.730] [info] [thread 28368] audio frame data pointers: data[0]=0x21914290a00, data[1]=0x2191428a400
[2026-03-19 12:11:07.731] [info] [thread 31788] read_thread loop: ret=0, pkt->stream_index=1, audioq.size=24602, videoq.size=301963, eof=0
[2026-03-19 12:11:07.731] [info] [thread 31788] audio_stream: 1, video_stream: 0
[2026-03-19 12:11:07.732] [info] [thread 31788] audio packet pts: 912384, audio_pkt_size=363
[2026-03-19 12:11:07.732] [info] [thread 31788] read_thread loop: ret=0, pkt->stream_index=0, audioq.size=25085, videoq.size=301963, eof=0
[2026-03-19 12:11:07.732] [info] [thread 31788] audio_stream: 1, video_stream: 0
[2026-03-19 12:11:07.764] [info] [thread 31788] read_thread loop: ret=0, pkt->stream_index=1, audioq.size=25085, videoq.size=304071, eof=0
[2026-03-19 12:11:07.764] [info] [thread 31788] audio_stream: 1, video_stream: 0
[2026-03-19 12:11:07.765] [info] [thread 31788] audio packet pts: 913408, audio_pkt_size=382
[2026-03-19 12:11:07.765] [info] [thread 31788] read_thread loop: ret=0, pkt->stream_index=0, audioq.size=25587, videoq.size=304071, eof=0
[2026-03-19 12:11:07.765] [info] [thread 31788] audio_stream: 1, video_stream: 0
[2026-03-19 12:11:07.780] [info] [thread 28368] audio.nb_samples=1024, channels=2, channel_layout=stereo, format=8, sample_rate=44100
[2026-03-19 12:11:07.781] [info] [thread 28368] audio frame data pointers: data[0]=0x21914788040, data[1]=0x2191478a0c0
[2026-03-19 12:11:07.807] [info] [thread 31788] read_thread loop: ret=0, pkt->stream_index=1, audioq.size=25111, videoq.size=286045, eof=0
[2026-03-19 12:11:07.808] [info] [thread 31788] audio_stream: 1, video_stream: 0
[2026-03-19 12:11:07.808] [info] [thread 31788] audio packet pts: 914432, audio_pkt_size=377
[2026-03-19 12:11:07.809] [info] [thread 31788] read_thread loop: ret=0, pkt->stream_index=0, audioq.size=25608, videoq.size=286045, eof=0
[2026-03-19 12:11:07.809] [info] [thread 31788] audio_stream: 1, video_stream: 0
[2026-03-19 12:11:07.820] [info] [thread 28368] audio.nb_samples=1024, channels=2, channel_layout=stereo, format=8, sample_rate=44100
[2026-03-19 12:11:07.820] [info] [thread 28368] audio frame data pointers: data[0]=0x21916b27480, data[1]=0x21916f92a00
[2026-03-19 12:11:07.840] [info] [thread 31788] read_thread loop: ret=0, pkt->stream_index=0, audioq.size=25043, videoq.size=280402, eof=0
[2026-03-19 12:11:07.841] [info] [thread 31788] audio_stream: 1, video_stream: 0
[2026-03-19 12:11:07.863] [info] [thread 31788] read_thread loop: ret=0, pkt->stream_index=1, audioq.size=25043, videoq.size=288699, eof=0
[2026-03-19 12:11:07.863] [info] [thread 31788] audio_stream: 1, video_stream: 0
[2026-03-19 12:11:07.864] [info] [thread 31788] audio packet pts: 915456, audio_pkt_size=360
[2026-03-19 12:11:07.864] [info] [thread 31788] read_thread loop: ret=0, pkt->stream_index=0, audioq.size=25523, videoq.size=288699, eof=0
[2026-03-19 12:11:07.865] [info] [thread 31788] audio_stream: 1, video_stream: 0
[2026-03-19 12:11:07.870] [info] [thread 28368] audio.nb_samples=1024, channels=2, channel_layout=stereo, format=8, sample_rate=44100
[2026-03-19 12:11:07.870] [info] [thread 28368] audio frame data pointers: data[0]=0x21916f96e40, data[1]=0x21916f9b500
[2026-03-19 12:11:07.896] [info] [thread 31788] read_thread loop: ret=0, pkt->stream_index=1, audioq.size=25081, videoq.size=288563, eof=0
[2026-03-19 12:11:07.896] [info] [thread 31788] audio_stream: 1, video_stream: 0
[2026-03-19 12:11:07.897] [info] [thread 31788] audio packet pts: 916480, audio_pkt_size=318
[2026-03-19 12:11:07.897] [info] [thread 31788] read_thread loop: ret=0, pkt->stream_index=0, audioq.size=25519, videoq.size=288563, eof=0
[2026-03-19 12:11:07.898] [info] [thread 31788] audio_stream: 1, video_stream: 0
[2026-03-19 12:11:07.920] [info] [thread 28368] audio.nb_samples=1024, channels=2, channel_layout=stereo, format=8, sample_rate=44100
[2026-03-19 12:11:07.920] [info] [thread 28368] audio frame data pointers: data[0]=0x21916a5bb00, data[1]=0x21916f98e80
[2026-03-19 12:11:07.928] [info] [thread 31788] read_thread loop: ret=0, pkt->stream_index=0, audioq.size=25060, videoq.size=273653, eof=0
[2026-03-19 12:11:07.928] [info] [thread 31788] audio_stream: 1, video_stream: 0
[2026-03-19 12:11:07.960] [info] [thread 28368] audio.nb_samples=1024, channels=2, channel_layout=stereo, format=8, sample_rate=44100
[2026-03-19 12:11:07.960] [info] [thread 31788] read_thread loop: ret=0, pkt->stream_index=1, audioq.size=24592, videoq.size=247653, eof=0
[2026-03-19 12:11:07.960] [info] [thread 28368] audio frame data pointers: data[0]=0x21916a5db80, data[1]=0x2191427f980
[2026-03-19 12:11:07.960] [info] [thread 31788] audio_stream: 1, video_stream: 0
[2026-03-19 12:11:07.961] [info] [thread 31788] audio packet pts: 917504, audio_pkt_size=334
[2026-03-19 12:11:07.961] [info] [thread 31788] read_thread loop: ret=0, pkt->stream_index=0, audioq.size=25046, videoq.size=247653, eof=0
[2026-03-19 12:11:07.962] [info] [thread 31788] audio_stream: 1, video_stream: 0
[2026-03-19 12:11:07.993] [info] [thread 31788] read_thread loop: ret=0, pkt->stream_index=1, audioq.size=25046, videoq.size=257524, eof=0
[2026-03-19 12:11:07.994] [info] [thread 31788] audio_stream: 1, video_stream: 0
[2026-03-19 12:11:07.994] [info] [thread 31788] audio packet pts: 918528, audio_pkt_size=340
[2026-03-19 12:11:07.994] [info] [thread 31788] read_thread loop: ret=0, pkt->stream_index=0, audioq.size=25506, videoq.size=257524, eof=0
[2026-03-19 12:11:07.995] [info] [thread 31788] audio_stream: 1, video_stream: 0
[2026-03-19 12:11:08.010] [info] [thread 28368] audio.nb_samples=1024, channels=2, channel_layout=stereo, format=8, sample_rate=44100
[2026-03-19 12:11:08.010] [info] [thread 28368] audio frame data pointers: data[0]=0x21914279380, data[1]=0x2191427b580
[2026-03-19 12:11:08.027] [info] [thread 31788] read_thread loop: ret=0, pkt->stream_index=1, audioq.size=25018, videoq.size=261900, eof=0
[2026-03-19 12:11:08.028] [info] [thread 31788] audio_stream: 1, video_stream: 0
[2026-03-19 12:11:08.028] [info] [thread 31788] audio packet pts: 919552, audio_pkt_size=347
[2026-03-19 12:11:08.029] [info] [thread 31788] read_thread loop: ret=0, pkt->stream_index=0, audioq.size=25485, videoq.size=261900, eof=0
[2026-03-19 12:11:08.029] [info] [thread 31788] audio_stream: 1, video_stream: 0
[2026-03-19 12:11:08.050] [info] [thread 28368] audio.nb_samples=1024, channels=2, channel_layout=stereo, format=8, sample_rate=44100
[2026-03-19 12:11:08.050] [info] [thread 28368] audio frame data pointers: data[0]=0x21914281bc0, data[1]=0x21914283dc0
[2026-03-19 12:11:08.071] [info] [thread 31788] read_thread loop: ret=0, pkt->stream_index=0, audioq.size=25007, videoq.size=254544, eof=0
[2026-03-19 12:11:08.072] [info] [thread 31788] audio_stream: 1, video_stream: 0
[2026-03-19 12:11:08.100] [info] [thread 28368] audio.nb_samples=1024, channels=2, channel_layout=stereo, format=8, sample_rate=44100
[2026-03-19 12:11:08.101] [info] [thread 28368] audio frame data pointers: data[0]=0x2191427d780, data[1]=0x21914285fc0
[2026-03-19 12:11:08.105] [info] [thread 31788] read_thread loop: ret=0, pkt->stream_index=1, audioq.size=24510, videoq.size=256183, eof=0
[2026-03-19 12:11:08.106] [info] [thread 31788] audio_stream: 1, video_stream: 0
[2026-03-19 12:11:08.106] [info] [thread 31788] audio packet pts: 920576, audio_pkt_size=361
[2026-03-19 12:11:08.106] [info] [thread 31788] read_thread loop: ret=0, pkt->stream_index=0, audioq.size=24991, videoq.size=256183, eof=0
[2026-03-19 12:11:08.107] [info] [thread 31788] audio_stream: 1, video_stream: 0
[2026-03-19 12:11:08.138] [info] [thread 31788] read_thread loop: ret=0, pkt->stream_index=1, audioq.size=24991, videoq.size=268048, eof=0
[2026-03-19 12:11:08.139] [info] [thread 31788] audio_stream: 1, video_stream: 0
[2026-03-19 12:11:08.139] [info] [thread 31788] audio packet pts: 921600, audio_pkt_size=360
[2026-03-19 12:11:08.140] [info] [thread 31788] read_thread loop: ret=0, pkt->stream_index=0, audioq.size=25471, videoq.size=268048, eof=0
[2026-03-19 12:11:08.140] [info] [thread 31788] audio_stream: 1, video_stream: 0
[2026-03-19 12:11:08.150] [info] [thread 28368] audio.nb_samples=1024, channels=2, channel_layout=stereo, format=8, sample_rate=44100
[2026-03-19 12:11:08.150] [info] [thread 28368] audio frame data pointers: data[0]=0x219142881c0, data[1]=0x2191428c600
[2026-03-19 12:11:08.161] [info] [thread 31788] read_thread loop: ret=0, pkt->stream_index=0, audioq.size=24988, videoq.size=273437, eof=0
[2026-03-19 12:11:08.162] [info] [thread 31788] audio_stream: 1, video_stream: 0
[2026-03-19 12:11:08.190] [info] [thread 28368] audio.nb_samples=1024, channels=2, channel_layout=stereo, format=8, sample_rate=44100
[2026-03-19 12:11:08.190] [info] [thread 28368] audio frame data pointers: data[0]=0x2191428a400, data[1]=0x21914290a00
[2026-03-19 12:11:08.194] [info] [thread 31788] read_thread loop: ret=0, pkt->stream_index=1, audioq.size=24485, videoq.size=270169, eof=0
[2026-03-19 12:11:08.194] [info] [thread 31788] audio_stream: 1, video_stream: 0
[2026-03-19 12:11:08.195] [info] [thread 31788] audio packet pts: 922624, audio_pkt_size=385
[2026-03-19 12:11:08.195] [info] [thread 31788] read_thread loop: ret=0, pkt->stream_index=0, audioq.size=24990, videoq.size=270169, eof=0
[2026-03-19 12:11:08.195] [info] [thread 31788] audio_stream: 1, video_stream: 0
[2026-03-19 12:11:08.227] [info] [thread 31788] read_thread loop: ret=0, pkt->stream_index=1, audioq.size=24990, videoq.size=273018, eof=0
[2026-03-19 12:11:08.227] [info] [thread 31788] audio_stream: 1, video_stream: 0
[2026-03-19 12:11:08.228] [info] [thread 31788] audio packet pts: 923648, audio_pkt_size=425
[2026-03-19 12:11:08.228] [info] [thread 31788] read_thread loop: ret=0, pkt->stream_index=0, audioq.size=25535, videoq.size=273018, eof=0
[2026-03-19 12:11:08.229] [info] [thread 31788] audio_stream: 1, video_stream: 0
[2026-03-19 12:11:08.240] [info] [thread 28368] audio.nb_samples=1024, channels=2, channel_layout=stereo, format=8, sample_rate=44100
[2026-03-19 12:11:08.240] [info] [thread 28368] audio frame data pointers: data[0]=0x2191478a0c0, data[1]=0x21914788040
[2026-03-19 12:11:08.260] [info] [thread 31788] read_thread loop: ret=0, pkt->stream_index=1, audioq.size=24984, videoq.size=284164, eof=0
[2026-03-19 12:11:08.261] [info] [thread 31788] audio_stream: 1, video_stream: 0
[2026-03-19 12:11:08.261] [info] [thread 31788] audio packet pts: 924672, audio_pkt_size=429
[2026-03-19 12:11:08.262] [info] [thread 31788] read_thread loop: ret=0, pkt->stream_index=0, audioq.size=25533, videoq.size=284164, eof=0
[2026-03-19 12:11:08.262] [info] [thread 31788] audio_stream: 1, video_stream: 0
[2026-03-19 12:11:08.290] [info] [thread 28368] audio.nb_samples=1024, channels=2, channel_layout=stereo, format=8, sample_rate=44100
[2026-03-19 12:11:08.290] [info] [thread 28368] audio frame data pointers: data[0]=0x21916f92a00, data[1]=0x21916b27480
[2026-03-19 12:11:08.307] [info] [thread 31788] read_thread loop: ret=0, pkt->stream_index=0, audioq.size=25003, videoq.size=287747, eof=0
[2026-03-19 12:11:08.308] [info] [thread 31788] audio_stream: 1, video_stream: 0
[2026-03-19 12:11:08.330] [info] [thread 28368] audio.nb_samples=1024, channels=2, channel_layout=stereo, format=8, sample_rate=44100
[2026-03-19 12:11:08.331] [info] [thread 28368] audio frame data pointers: data[0]=0x21916f9b500, data[1]=0x21916f96e40
[2026-03-19 12:11:08.339] [info] [thread 31788] read_thread loop: ret=0, pkt->stream_index=1, audioq.size=24524, videoq.size=279440, eof=0
[2026-03-19 12:11:08.339] [info] [thread 31788] audio_stream: 1, video_stream: 0
[2026-03-19 12:11:08.340] [info] [thread 31788] audio packet pts: 925696, audio_pkt_size=415
[2026-03-19 12:11:08.340] [info] [thread 31788] read_thread loop: ret=0, pkt->stream_index=0, audioq.size=25059, videoq.size=279440, eof=0
[2026-03-19 12:11:08.340] [info] [thread 31788] audio_stream: 1, video_stream: 0
[2026-03-19 12:11:08.372] [info] [thread 31788] read_thread loop: ret=0, pkt->stream_index=1, audioq.size=25059, videoq.size=278479, eof=0
[2026-03-19 12:11:08.373] [info] [thread 31788] audio_stream: 1, video_stream: 0
[2026-03-19 12:11:08.373] [info] [thread 31788] audio packet pts: 926720, audio_pkt_size=402
[2026-03-19 12:11:08.374] [info] [thread 31788] read_thread loop: ret=0, pkt->stream_index=0, audioq.size=25581, videoq.size=278479, eof=0
[2026-03-19 12:11:08.374] [info] [thread 31788] audio_stream: 1, video_stream: 0
[2026-03-19 12:11:08.380] [info] [thread 28368] audio.nb_samples=1024, channels=2, channel_layout=stereo, format=8, sample_rate=44100
[2026-03-19 12:11:08.380] [info] [thread 28368] audio frame data pointers: data[0]=0x21916f98e80, data[1]=0x21916a5bb00
[2026-03-19 12:11:08.395] [info] [thread 31788] read_thread loop: ret=0, pkt->stream_index=1, audioq.size=25097, videoq.size=286700, eof=0
[2026-03-19 12:11:08.396] [info] [thread 31788] audio_stream: 1, video_stream: 0
[2026-03-19 12:11:08.396] [info] [thread 31788] audio packet pts: 927744, audio_pkt_size=413
[2026-03-19 12:11:08.397] [info] [thread 31788] read_thread loop: ret=0, pkt->stream_index=0, audioq.size=25630, videoq.size=286700, eof=0
[2026-03-19 12:11:08.398] [info] [thread 31788] audio_stream: 1, video_stream: 0
[2026-03-19 12:11:08.430] [info] [thread 28368] audio.nb_samples=1024, channels=2, channel_layout=stereo, format=8, sample_rate=44100
[2026-03-19 12:11:08.430] [info] [thread 31788] read_thread loop: ret=0, pkt->stream_index=0, audioq.size=25157, videoq.size=288304, eof=0
[2026-03-19 12:11:08.430] [info] [thread 28368] audio frame data pointers: data[0]=0x2191427f980, data[1]=0x21916a5db80
[2026-03-19 12:11:08.431] [info] [thread 31788] audio_stream: 1, video_stream: 0
[2026-03-19 12:11:08.464] [info] [thread 31788] read_thread loop: ret=0, pkt->stream_index=1, audioq.size=25157, videoq.size=282268, eof=0
[2026-03-19 12:11:08.464] [info] [thread 31788] audio_stream: 1, video_stream: 0
[2026-03-19 12:11:08.465] [info] [thread 31788] audio packet pts: 928768, audio_pkt_size=420
[2026-03-19 12:11:08.465] [info] [thread 31788] read_thread loop: ret=0, pkt->stream_index=0, audioq.size=25697, videoq.size=282268, eof=0
[2026-03-19 12:11:08.466] [info] [thread 31788] audio_stream: 1, video_stream: 0
[2026-03-19 12:11:08.470] [info] [thread 28368] audio.nb_samples=1024, channels=2, channel_layout=stereo, format=8, sample_rate=44100
[2026-03-19 12:11:08.470] [info] [thread 28368] audio frame data pointers: data[0]=0x2191427b580, data[1]=0x21914279380
[2026-03-19 12:11:08.497] [info] [thread 31788] read_thread loop: ret=0, pkt->stream_index=1, audioq.size=25222, videoq.size=282343, eof=0
[2026-03-19 12:11:08.498] [info] [thread 31788] audio_stream: 1, video_stream: 0
[2026-03-19 12:11:08.498] [info] [thread 31788] audio packet pts: 929792, audio_pkt_size=350
[2026-03-19 12:11:08.499] [info] [thread 31788] read_thread loop: ret=0, pkt->stream_index=0, audioq.size=25692, videoq.size=282343, eof=0
[2026-03-19 12:11:08.499] [info] [thread 31788] audio_stream: 1, video_stream: 0
[2026-03-19 12:11:08.520] [info] [thread 28368] audio.nb_samples=1024, channels=2, channel_layout=stereo, format=8, sample_rate=44100
[2026-03-19 12:11:08.520] [info] [thread 28368] audio frame data pointers: data[0]=0x21914283dc0, data[1]=0x21914281bc0
[2026-03-19 12:11:08.541] [info] [thread 31788] read_thread loop: ret=0, pkt->stream_index=0, audioq.size=25216, videoq.size=291618, eof=0
[2026-03-19 12:11:08.542] [info] [thread 31788] audio_stream: 1, video_stream: 0
[2026-03-19 12:11:08.570] [info] [thread 28368] audio.nb_samples=1024, channels=2, channel_layout=stereo, format=8, sample_rate=44100
[2026-03-19 12:11:08.570] [info] [thread 28368] audio frame data pointers: data[0]=0x21914285fc0, data[1]=0x2191427d780
[2026-03-19 12:11:08.574] [info] [thread 31788] read_thread loop: ret=0, pkt->stream_index=1, audioq.size=24684, videoq.size=294663, eof=0
[2026-03-19 12:11:08.575] [info] [thread 31788] audio_stream: 1, video_stream: 0
[2026-03-19 12:11:08.575] [info] [thread 31788] audio packet pts: 930816, audio_pkt_size=360
[2026-03-19 12:11:08.576] [info] [thread 31788] read_thread loop: ret=0, pkt->stream_index=0, audioq.size=25164, videoq.size=294663, eof=0
[2026-03-19 12:11:08.576] [info] [thread 31788] audio_stream: 1, video_stream: 0
[2026-03-19 12:11:08.597] [info] [thread 31788] read_thread loop: ret=0, pkt->stream_index=1, audioq.size=25164, videoq.size=290605, eof=0
[2026-03-19 12:11:08.597] [info] [thread 31788] audio_stream: 1, video_stream: 0
[2026-03-19 12:11:08.598] [info] [thread 31788] audio packet pts: 931840, audio_pkt_size=364
[2026-03-19 12:11:08.598] [info] [thread 31788] read_thread loop: ret=0, pkt->stream_index=0, audioq.size=25648, videoq.size=290605, eof=0
[2026-03-19 12:11:08.599] [info] [thread 31788] audio_stream: 1, video_stream: 0
[2026-03-19 12:11:08.610] [info] [thread 28368] audio.nb_samples=1024, channels=2, channel_layout=stereo, format=8, sample_rate=44100
[2026-03-19 12:11:08.610] [info] [thread 28368] audio frame data pointers: data[0]=0x2191428c600, data[1]=0x219142881c0
[2026-03-19 12:11:08.629] [info] [thread 31788] read_thread loop: ret=0, pkt->stream_index=1, audioq.size=25111, videoq.size=292408, eof=0
[2026-03-19 12:11:08.630] [info] [thread 31788] audio_stream: 1, video_stream: 0
[2026-03-19 12:11:08.630] [info] [thread 31788] audio packet pts: 932864, audio_pkt_size=372
[2026-03-19 12:11:08.631] [info] [thread 31788] read_thread loop: ret=0, pkt->stream_index=0, audioq.size=25603, videoq.size=292408, eof=0
[2026-03-19 12:11:08.631] [info] [thread 31788] audio_stream: 1, video_stream: 0
[2026-03-19 12:11:08.660] [info] [thread 28368] audio.nb_samples=1024, channels=2, channel_layout=stereo, format=8, sample_rate=44100
[2026-03-19 12:11:08.660] [info] [thread 28368] audio frame data pointers: data[0]=0x21914290a00, data[1]=0x2191428a400
[2026-03-19 12:11:08.662] [info] [thread 31788] read_thread loop: ret=0, pkt->stream_index=0, audioq.size=25078, videoq.size=304362, eof=0
[2026-03-19 12:11:08.662] [info] [thread 31788] audio_stream: 1, video_stream: 0
[2026-03-19 12:11:08.695] [info] [thread 31788] read_thread loop: ret=0, pkt->stream_index=1, audioq.size=25078, videoq.size=309140, eof=0
[2026-03-19 12:11:08.696] [info] [thread 31788] audio_stream: 1, video_stream: 0
[2026-03-19 12:11:08.696] [info] [thread 31788] audio packet pts: 933888, audio_pkt_size=377
[2026-03-19 12:11:08.697] [info] [thread 31788] read_thread loop: ret=0, pkt->stream_index=0, audioq.size=25575, videoq.size=309140, eof=0
[2026-03-19 12:11:08.697] [info] [thread 31788] audio_stream: 1, video_stream: 0
[2026-03-19 12:11:08.700] [info] [thread 28368] audio.nb_samples=1024, channels=2, channel_layout=stereo, format=8, sample_rate=44100
[2026-03-19 12:11:08.700] [info] [thread 28368] audio frame data pointers: data[0]=0x21914788040, data[1]=0x2191478a0c0
[2026-03-19 12:11:08.729] [info] [thread 31788] read_thread loop: ret=0, pkt->stream_index=1, audioq.size=25027, videoq.size=305134, eof=0
[2026-03-19 12:11:08.729] [info] [thread 31788] audio_stream: 1, video_stream: 0
[2026-03-19 12:11:08.730] [info] [thread 31788] audio packet pts: 934912, audio_pkt_size=338
[2026-03-19 12:11:08.730] [info] [thread 31788] read_thread loop: ret=0, pkt->stream_index=0, audioq.size=25485, videoq.size=305134, eof=0
[2026-03-19 12:11:08.731] [info] [thread 31788] audio_stream: 1, video_stream: 0
[2026-03-19 12:11:08.750] [info] [thread 28368] audio.nb_samples=1024, channels=2, channel_layout=stereo, format=8, sample_rate=44100
[2026-03-19 12:11:08.750] [info] [thread 28368] audio frame data pointers: data[0]=0x21916b27480, data[1]=0x21916f92a00
[2026-03-19 12:11:08.762] [info] [thread 31788] read_thread loop: ret=0, pkt->stream_index=0, audioq.size=24976, videoq.size=307785, eof=0
[2026-03-19 12:11:08.762] [info] [thread 31788] audio_stream: 1, video_stream: 0
[2026-03-19 12:11:08.794] [info] [thread 31788] read_thread loop: ret=0, pkt->stream_index=1, audioq.size=24976, videoq.size=325051, eof=0
[2026-03-19 12:11:08.794] [info] [thread 31788] audio_stream: 1, video_stream: 0
[2026-03-19 12:11:08.795] [info] [thread 31788] audio packet pts: 935936, audio_pkt_size=329
[2026-03-19 12:11:08.795] [info] [thread 31788] read_thread loop: ret=0, pkt->stream_index=0, audioq.size=25425, videoq.size=325051, eof=0
[2026-03-19 12:11:08.795] [info] [thread 31788] audio_stream: 1, video_stream: 0
[2026-03-19 12:11:08.800] [info] [thread 28368] audio.nb_samples=1024, channels=2, channel_layout=stereo, format=8, sample_rate=44100
[2026-03-19 12:11:08.800] [info] [thread 28368] audio frame data pointers: data[0]=0x21916f96e40, data[1]=0x21916f9b500
[2026-03-19 12:11:08.826] [info] [thread 31788] read_thread loop: ret=0, pkt->stream_index=1, audioq.size=24989, videoq.size=330879, eof=0
[2026-03-19 12:11:08.827] [info] [thread 31788] audio_stream: 1, video_stream: 0
[2026-03-19 12:11:08.827] [info] [thread 31788] audio packet pts: 936960, audio_pkt_size=330
[2026-03-19 12:11:08.828] [info] [thread 31788] read_thread loop: ret=0, pkt->stream_index=0, audioq.size=25439, videoq.size=330879, eof=0
[2026-03-19 12:11:08.828] [info] [thread 31788] audio_stream: 1, video_stream: 0
[2026-03-19 12:11:08.840] [info] [thread 28368] audio.nb_samples=1024, channels=2, channel_layout=stereo, format=8, sample_rate=44100
[2026-03-19 12:11:08.840] [info] [thread 28368] audio frame data pointers: data[0]=0x21916a5bb00, data[1]=0x21916f98e80
[2026-03-19 12:11:08.870] [info] [thread 31788] read_thread loop: ret=0, pkt->stream_index=1, audioq.size=24989, videoq.size=327488, eof=0
[2026-03-19 12:11:08.870] [info] [thread 31788] audio_stream: 1, video_stream: 0
[2026-03-19 12:11:08.871] [info] [thread 31788] audio packet pts: 937984, audio_pkt_size=334
[2026-03-19 12:11:08.871] [info] [thread 31788] read_thread loop: ret=0, pkt->stream_index=0, audioq.size=25443, videoq.size=327488, eof=0
[2026-03-19 12:11:08.871] [info] [thread 31788] audio_stream: 1, video_stream: 0
[2026-03-19 12:11:08.890] [info] [thread 28368] audio.nb_samples=1024, channels=2, channel_layout=stereo, format=8, sample_rate=44100
[2026-03-19 12:11:08.890] [info] [thread 28368] audio frame data pointers: data[0]=0x21916a5db80, data[1]=0x2191427f980
[2026-03-19 12:11:08.902] [info] [thread 31788] read_thread loop: ret=0, pkt->stream_index=0, audioq.size=24988, videoq.size=331516, eof=0
[2026-03-19 12:11:08.902] [info] [thread 31788] audio_stream: 1, video_stream: 0
[2026-03-19 12:11:08.935] [info] [thread 31788] read_thread loop: ret=0, pkt->stream_index=1, audioq.size=24988, videoq.size=344562, eof=0
[2026-03-19 12:11:08.935] [info] [thread 31788] audio_stream: 1, video_stream: 0
[2026-03-19 12:11:08.936] [info] [thread 31788] audio packet pts: 939008, audio_pkt_size=347
[2026-03-19 12:11:08.936] [info] [thread 31788] read_thread loop: ret=0, pkt->stream_index=0, audioq.size=25455, videoq.size=344562, eof=0
[2026-03-19 12:11:08.936] [info] [thread 31788] audio_stream: 1, video_stream: 0
[2026-03-19 12:11:08.940] [info] [thread 28368] audio.nb_samples=1024, channels=2, channel_layout=stereo, format=8, sample_rate=44100
[2026-03-19 12:11:08.940] [info] [thread 28368] audio frame data pointers: data[0]=0x21914279380, data[1]=0x2191427b580
[2026-03-19 12:11:08.978] [info] [thread 31788] read_thread loop: ret=0, pkt->stream_index=1, audioq.size=24979, videoq.size=349441, eof=0
[2026-03-19 12:11:08.978] [info] [thread 31788] audio_stream: 1, video_stream: 0
[2026-03-19 12:11:08.978] [info] [thread 31788] audio packet pts: 940032, audio_pkt_size=359
[2026-03-19 12:11:08.979] [info] [thread 31788] read_thread loop: ret=0, pkt->stream_index=0, audioq.size=25458, videoq.size=349441, eof=0
[2026-03-19 12:11:08.979] [info] [thread 31788] audio_stream: 1, video_stream: 0
[2026-03-19 12:11:08.980] [info] [thread 28368] audio.nb_samples=1024, channels=2, channel_layout=stereo, format=8, sample_rate=44100
[2026-03-19 12:11:08.980] [info] [thread 28368] audio frame data pointers: data[0]=0x21914281bc0, data[1]=0x21914283dc0
[2026-03-19 12:11:09.009] [info] [thread 31788] read_thread loop: ret=0, pkt->stream_index=0, audioq.size=24970, videoq.size=351363, eof=0
[2026-03-19 12:11:09.010] [info] [thread 31788] audio_stream: 1, video_stream: 0
[2026-03-19 12:11:09.030] [info] [thread 28368] audio.nb_samples=1024, channels=2, channel_layout=stereo, format=8, sample_rate=44100
[2026-03-19 12:11:09.030] [info] [thread 28368] audio frame data pointers: data[0]=0x2191427d780, data[1]=0x21914285fc0
[2026-03-19 12:11:09.041] [info] [thread 31788] read_thread loop: ret=0, pkt->stream_index=1, audioq.size=24508, videoq.size=353694, eof=0
[2026-03-19 12:11:09.042] [info] [thread 31788] audio_stream: 1, video_stream: 0
[2026-03-19 12:11:09.042] [info] [thread 31788] audio packet pts: 941056, audio_pkt_size=387
[2026-03-19 12:11:09.043] [info] [thread 31788] read_thread loop: ret=0, pkt->stream_index=0, audioq.size=25015, videoq.size=353694, eof=0
[2026-03-19 12:11:09.043] [info] [thread 31788] audio_stream: 1, video_stream: 0
[2026-03-19 12:11:09.074] [info] [thread 31788] read_thread loop: ret=0, pkt->stream_index=1, audioq.size=25015, videoq.size=363171, eof=0
[2026-03-19 12:11:09.075] [info] [thread 31788] audio_stream: 1, video_stream: 0
[2026-03-19 12:11:09.075] [info] [thread 31788] audio packet pts: 942080, audio_pkt_size=417
[2026-03-19 12:11:09.075] [info] [thread 31788] read_thread loop: ret=0, pkt->stream_index=0, audioq.size=25552, videoq.size=363171, eof=0
[2026-03-19 12:11:09.075] [info] [thread 31788] audio_stream: 1, video_stream: 0
[2026-03-19 12:11:09.080] [info] [thread 28368] audio.nb_samples=1024, channels=2, channel_layout=stereo, format=8, sample_rate=44100
[2026-03-19 12:11:09.083] [info] [thread 28368] audio frame data pointers: data[0]=0x219142881c0, data[1]=0x2191428c600
[2026-03-19 12:11:09.107] [info] [thread 31788] read_thread loop: ret=0, pkt->stream_index=1, audioq.size=25089, videoq.size=367606, eof=0
[2026-03-19 12:11:09.107] [info] [thread 31788] audio_stream: 1, video_stream: 0
[2026-03-19 12:11:09.108] [info] [thread 31788] audio packet pts: 943104, audio_pkt_size=516
[2026-03-19 12:11:09.108] [info] [thread 31788] read_thread loop: ret=0, pkt->stream_index=0, audioq.size=25725, videoq.size=367606, eof=0
[2026-03-19 12:11:09.108] [info] [thread 31788] audio_stream: 1, video_stream: 0
[2026-03-19 12:11:09.120] [info] [thread 28368] audio.nb_samples=1024, channels=2, channel_layout=stereo, format=8, sample_rate=44100
[2026-03-19 12:11:09.120] [info] [thread 28368] audio frame data pointers: data[0]=0x2191428a400, data[1]=0x21914290a00
[2026-03-19 12:11:09.129] [info] [thread 31788] read_thread loop: ret=0, pkt->stream_index=0, audioq.size=25224, videoq.size=369072, eof=0
[2026-03-19 12:11:09.129] [info] [thread 31788] audio_stream: 1, video_stream: 0
[2026-03-19 12:11:09.162] [info] [thread 31788] read_thread loop: ret=0, pkt->stream_index=1, audioq.size=25224, videoq.size=371528, eof=0
[2026-03-19 12:11:09.162] [info] [thread 31788] audio_stream: 1, video_stream: 0
[2026-03-19 12:11:09.162] [info] [thread 31788] audio packet pts: 944128, audio_pkt_size=371
[2026-03-19 12:11:09.162] [info] [thread 31788] read_thread loop: ret=0, pkt->stream_index=0, audioq.size=25715, videoq.size=371528, eof=0
[2026-03-19 12:11:09.163] [info] [thread 31788] audio_stream: 1, video_stream: 0
[2026-03-19 12:11:09.170] [info] [thread 28368] audio.nb_samples=1024, channels=2, channel_layout=stereo, format=8, sample_rate=44100
[2026-03-19 12:11:09.170] [info] [thread 28368] audio frame data pointers: data[0]=0x2191478a0c0, data[1]=0x21914788040
[2026-03-19 12:11:09.194] [info] [thread 31788] read_thread loop: ret=0, pkt->stream_index=1, audioq.size=25161, videoq.size=381864, eof=0
[2026-03-19 12:11:09.195] [info] [thread 31788] audio_stream: 1, video_stream: 0
[2026-03-19 12:11:09.195] [info] [thread 31788] audio packet pts: 945152, audio_pkt_size=320
[2026-03-19 12:11:09.195] [info] [thread 31788] read_thread loop: ret=0, pkt->stream_index=0, audioq.size=25601, videoq.size=381864, eof=0
[2026-03-19 12:11:09.196] [info] [thread 31788] audio_stream: 1, video_stream: 0
[2026-03-19 12:11:09.220] [info] [thread 28368] audio.nb_samples=1024, channels=2, channel_layout=stereo, format=8, sample_rate=44100
[2026-03-19 12:11:09.220] [info] [thread 28368] audio frame data pointers: data[0]=0x21916f92a00, data[1]=0x21916b27480
[2026-03-19 12:11:09.226] [info] [thread 31788] read_thread loop: ret=0, pkt->stream_index=0, audioq.size=24987, videoq.size=386806, eof=0
[2026-03-19 12:11:09.227] [info] [thread 31788] audio_stream: 1, video_stream: 0
[2026-03-19 12:11:09.260] [info] [thread 31788] read_thread loop: ret=0, pkt->stream_index=1, audioq.size=24987, videoq.size=388526, eof=0
[2026-03-19 12:11:09.260] [info] [thread 28368] audio.nb_samples=1024, channels=2, channel_layout=stereo, format=8, sample_rate=44100
[2026-03-19 12:11:09.260] [info] [thread 31788] audio_stream: 1, video_stream: 0
[2026-03-19 12:11:09.260] [info] [thread 28368] audio frame data pointers: data[0]=0x21916f9b500, data[1]=0x21916f96e40
[2026-03-19 12:11:09.261] [info] [thread 31788] audio packet pts: 946176, audio_pkt_size=326
[2026-03-19 12:11:09.262] [info] [thread 31788] read_thread loop: ret=0, pkt->stream_index=0, audioq.size=24976, videoq.size=388526, eof=0
[2026-03-19 12:11:09.262] [info] [thread 31788] audio_stream: 1, video_stream: 0
[2026-03-19 12:11:09.293] [info] [thread 31788] read_thread loop: ret=0, pkt->stream_index=1, audioq.size=24976, videoq.size=391686, eof=0
[2026-03-19 12:11:09.293] [info] [thread 31788] audio_stream: 1, video_stream: 0
[2026-03-19 12:11:09.294] [info] [thread 31788] audio packet pts: 947200, audio_pkt_size=346
[2026-03-19 12:11:09.294] [info] [thread 31788] read_thread loop: ret=0, pkt->stream_index=0, audioq.size=25442, videoq.size=391686, eof=0
[2026-03-19 12:11:09.294] [info] [thread 31788] audio_stream: 1, video_stream: 0
[2026-03-19 12:11:09.310] [info] [thread 28368] audio.nb_samples=1024, channels=2, channel_layout=stereo, format=8, sample_rate=44100
[2026-03-19 12:11:09.310] [info] [thread 28368] audio frame data pointers: data[0]=0x21916f98e80, data[1]=0x21916a5bb00
[2026-03-19 12:11:09.325] [info] [thread 31788] read_thread loop: ret=0, pkt->stream_index=1, audioq.size=24956, videoq.size=409184, eof=0
[2026-03-19 12:11:09.326] [info] [thread 31788] audio_stream: 1, video_stream: 0
[2026-03-19 12:11:09.327] [info] [thread 31788] audio packet pts: 948224, audio_pkt_size=351
[2026-03-19 12:11:09.327] [info] [thread 31788] read_thread loop: ret=0, pkt->stream_index=0, audioq.size=25427, videoq.size=409184, eof=0
[2026-03-19 12:11:09.328] [info] [thread 31788] audio_stream: 1, video_stream: 0
[2026-03-19 12:11:09.350] [info] [thread 28368] audio.nb_samples=1024, channels=2, channel_layout=stereo, format=8, sample_rate=44100
[2026-03-19 12:11:09.350] [info] [thread 28368] audio frame data pointers: data[0]=0x2191427f980, data[1]=0x21916a5db80
[2026-03-19 12:11:09.370] [info] [thread 31788] read_thread loop: ret=0, pkt->stream_index=0, audioq.size=24968, videoq.size=414396, eof=0
[2026-03-19 12:11:09.371] [info] [thread 31788] audio_stream: 1, video_stream: 0
[2026-03-19 12:11:09.400] [info] [thread 28368] audio.nb_samples=1024, channels=2, channel_layout=stereo, format=8, sample_rate=44100
[2026-03-19 12:11:09.400] [info] [thread 28368] audio frame data pointers: data[0]=0x2191427b580, data[1]=0x21914279380
[2026-03-19 12:11:09.403] [info] [thread 31788] read_thread loop: ret=0, pkt->stream_index=1, audioq.size=24503, videoq.size=421074, eof=0
[2026-03-19 12:11:09.404] [info] [thread 31788] audio_stream: 1, video_stream: 0
[2026-03-19 12:11:09.405] [info] [thread 31788] audio packet pts: 949248, audio_pkt_size=344
[2026-03-19 12:11:09.405] [info] [thread 31788] read_thread loop: ret=0, pkt->stream_index=0, audioq.size=24967, videoq.size=421074, eof=0
[2026-03-19 12:11:09.405] [info] [thread 31788] audio_stream: 1, video_stream: 0
[2026-03-19 12:11:09.426] [info] [thread 31788] read_thread loop: ret=0, pkt->stream_index=1, audioq.size=24967, videoq.size=437758, eof=0
[2026-03-19 12:11:09.427] [info] [thread 31788] audio_stream: 1, video_stream: 0
[2026-03-19 12:11:09.427] [info] [thread 31788] audio packet pts: 950272, audio_pkt_size=352
[2026-03-19 12:11:09.427] [info] [thread 31788] read_thread loop: ret=0, pkt->stream_index=0, audioq.size=25439, videoq.size=437758, eof=0
[2026-03-19 12:11:09.428] [info] [thread 31788] audio_stream: 1, video_stream: 0
[2026-03-19 12:11:09.450] [info] [thread 28368] audio.nb_samples=1024, channels=2, channel_layout=stereo, format=8, sample_rate=44100
[2026-03-19 12:11:09.450] [info] [thread 28368] audio frame data pointers: data[0]=0x21914283dc0, data[1]=0x21914281bc0
[2026-03-19 12:11:09.461] [info] [thread 31788] read_thread loop: ret=0, pkt->stream_index=1, audioq.size=24981, videoq.size=468901, eof=0
[2026-03-19 12:11:09.461] [info] [thread 31788] audio_stream: 1, video_stream: 0
[2026-03-19 12:11:09.462] [info] [thread 31788] audio packet pts: 951296, audio_pkt_size=368
[2026-03-19 12:11:09.462] [info] [thread 31788] read_thread loop: ret=0, pkt->stream_index=0, audioq.size=25469, videoq.size=468901, eof=0
[2026-03-19 12:11:09.463] [info] [thread 31788] audio_stream: 1, video_stream: 0
[2026-03-19 12:11:09.490] [info] [thread 28368] audio.nb_samples=1024, channels=2, channel_layout=stereo, format=8, sample_rate=44100
[2026-03-19 12:11:09.490] [info] [thread 28368] audio frame data pointers: data[0]=0x21914285fc0, data[1]=0x2191427d780
[2026-03-19 12:11:09.494] [info] [thread 31788] read_thread loop: ret=0, pkt->stream_index=0, audioq.size=24988, videoq.size=471277, eof=0
[2026-03-19 12:11:09.494] [info] [thread 31788] audio_stream: 1, video_stream: 0
[2026-03-19 12:11:09.526] [info] [thread 31788] read_thread loop: ret=0, pkt->stream_index=1, audioq.size=24988, videoq.size=418871, eof=0
[2026-03-19 12:11:09.526] [info] [thread 31788] audio_stream: 1, video_stream: 0
[2026-03-19 12:11:09.527] [info] [thread 31788] audio packet pts: 952320, audio_pkt_size=350
[2026-03-19 12:11:09.527] [info] [thread 31788] read_thread loop: ret=0, pkt->stream_index=0, audioq.size=25458, videoq.size=418871, eof=0
[2026-03-19 12:11:09.527] [info] [thread 31788] audio_stream: 1, video_stream: 0
[2026-03-19 12:11:09.540] [info] [thread 28368] audio.nb_samples=1024, channels=2, channel_layout=stereo, format=8, sample_rate=44100
[2026-03-19 12:11:09.540] [info] [thread 28368] audio frame data pointers: data[0]=0x2191428c600, data[1]=0x219142881c0
[2026-03-19 12:11:09.559] [info] [thread 31788] read_thread loop: ret=0, pkt->stream_index=1, audioq.size=24955, videoq.size=403681, eof=0
[2026-03-19 12:11:09.559] [info] [thread 31788] audio_stream: 1, video_stream: 0
[2026-03-19 12:11:09.559] [info] [thread 31788] audio packet pts: 953344, audio_pkt_size=360
[2026-03-19 12:11:09.560] [info] [thread 31788] read_thread loop: ret=0, pkt->stream_index=0, audioq.size=25435, videoq.size=403681, eof=0
[2026-03-19 12:11:09.560] [info] [thread 31788] audio_stream: 1, video_stream: 0
[2026-03-19 12:11:09.590] [info] [thread 28368] audio.nb_samples=1024, channels=2, channel_layout=stereo, format=8, sample_rate=44100
[2026-03-19 12:11:09.590] [info] [thread 28368] audio frame data pointers: data[0]=0x21914290a00, data[1]=0x2191428a400
[2026-03-19 12:11:09.591] [info] [thread 31788] read_thread loop: ret=0, pkt->stream_index=0, audioq.size=24895, videoq.size=405890, eof=0
[2026-03-19 12:11:09.591] [info] [thread 31788] audio_stream: 1, video_stream: 0
[2026-03-19 12:11:09.630] [info] [thread 28368] audio.nb_samples=1024, channels=2, channel_layout=stereo, format=8, sample_rate=44100
[2026-03-19 12:11:09.630] [info] [thread 28368] audio frame data pointers: data[0]=0x21914788040, data[1]=0x2191478a0c0
[2026-03-19 12:11:09.634] [info] [thread 31788] read_thread loop: ret=0, pkt->stream_index=1, audioq.size=24419, videoq.size=403895, eof=0
[2026-03-19 12:11:09.635] [info] [thread 31788] audio_stream: 1, video_stream: 0
[2026-03-19 12:11:09.635] [info] [thread 31788] audio packet pts: 954368, audio_pkt_size=402
[2026-03-19 12:11:09.635] [info] [thread 31788] read_thread loop: ret=0, pkt->stream_index=0, audioq.size=24941, videoq.size=403895, eof=0
[2026-03-19 12:11:09.636] [info] [thread 31788] audio_stream: 1, video_stream: 0
[2026-03-19 12:11:09.666] [info] [thread 31788] read_thread loop: ret=0, pkt->stream_index=1, audioq.size=24941, videoq.size=401818, eof=0
[2026-03-19 12:11:09.667] [info] [thread 31788] audio_stream: 1, video_stream: 0
[2026-03-19 12:11:09.668] [info] [thread 31788] audio packet pts: 955392, audio_pkt_size=450
[2026-03-19 12:11:09.668] [info] [thread 31788] read_thread loop: ret=0, pkt->stream_index=0, audioq.size=25511, videoq.size=401818, eof=0
[2026-03-19 12:11:09.668] [info] [thread 31788] audio_stream: 1, video_stream: 0
[2026-03-19 12:11:09.680] [info] [thread 28368] audio.nb_samples=1024, channels=2, channel_layout=stereo, format=8, sample_rate=44100
[2026-03-19 12:11:09.680] [info] [thread 28368] audio frame data pointers: data[0]=0x21916b27480, data[1]=0x21916f92a00
[2026-03-19 12:11:09.700] [info] [thread 31788] read_thread loop: ret=0, pkt->stream_index=1, audioq.size=25057, videoq.size=389459, eof=0
[2026-03-19 12:11:09.700] [info] [thread 31788] audio_stream: 1, video_stream: 0
[2026-03-19 12:11:09.701] [info] [thread 31788] audio packet pts: 956416, audio_pkt_size=400
[2026-03-19 12:11:09.701] [info] [thread 31788] read_thread loop: ret=0, pkt->stream_index=0, audioq.size=25577, videoq.size=389459, eof=0
[2026-03-19 12:11:09.702] [info] [thread 31788] audio_stream: 1, video_stream: 0
[2026-03-19 12:11:09.730] [info] [thread 28368] audio.nb_samples=1024, channels=2, channel_layout=stereo, format=8, sample_rate=44100
[2026-03-19 12:11:09.730] [info] [thread 28368] audio frame data pointers: data[0]=0x21916f96e40, data[1]=0x21916f9b500
[2026-03-19 12:11:09.746] [info] [thread 31788] read_thread loop: ret=0, pkt->stream_index=0, audioq.size=25115, videoq.size=395219, eof=0
[2026-03-19 12:11:09.746] [info] [thread 31788] audio_stream: 1, video_stream: 0
[2026-03-19 12:11:09.770] [info] [thread 28368] audio.nb_samples=1024, channels=2, channel_layout=stereo, format=8, sample_rate=44100
[2026-03-19 12:11:09.770] [info] [thread 28368] audio frame data pointers: data[0]=0x21916a5bb00, data[1]=0x21916f98e80
[2026-03-19 12:11:09.778] [info] [thread 31788] read_thread loop: ret=0, pkt->stream_index=1, audioq.size=24639, videoq.size=394562, eof=0
[2026-03-19 12:11:09.778] [info] [thread 31788] audio_stream: 1, video_stream: 0
[2026-03-19 12:11:09.778] [info] [thread 31788] audio packet pts: 957440, audio_pkt_size=401
[2026-03-19 12:11:09.778] [info] [thread 31788] read_thread loop: ret=0, pkt->stream_index=0, audioq.size=25160, videoq.size=394562, eof=0
[2026-03-19 12:11:09.779] [info] [thread 31788] audio_stream: 1, video_stream: 0
[2026-03-19 12:11:09.810] [info] [thread 31788] read_thread loop: ret=0, pkt->stream_index=1, audioq.size=25160, videoq.size=393391, eof=0
[2026-03-19 12:11:09.810] [info] [thread 31788] audio_stream: 1, video_stream: 0
[2026-03-19 12:11:09.810] [info] [thread 31788] audio packet pts: 958464, audio_pkt_size=353
[2026-03-19 12:11:09.811] [info] [thread 31788] read_thread loop: ret=0, pkt->stream_index=0, audioq.size=25633, videoq.size=393391, eof=0
[2026-03-19 12:11:09.811] [info] [thread 31788] audio_stream: 1, video_stream: 0
[2026-03-19 12:11:09.820] [info] [thread 28368] audio.nb_samples=1024, channels=2, channel_layout=stereo, format=8, sample_rate=44100
[2026-03-19 12:11:09.820] [info] [thread 28368] audio frame data pointers: data[0]=0x21916a5db80, data[1]=0x2191427f980
[2026-03-19 12:11:09.832] [info] [thread 31788] read_thread loop: ret=0, pkt->stream_index=0, audioq.size=25131, videoq.size=381671, eof=0
[2026-03-19 12:11:09.833] [info] [thread 31788] audio_stream: 1, video_stream: 0
[2026-03-19 12:11:09.866] [info] [thread 31788] read_thread loop: ret=0, pkt->stream_index=1, audioq.size=25131, videoq.size=388290, eof=0
[2026-03-19 12:11:09.866] [info] [thread 31788] audio_stream: 1, video_stream: 0
[2026-03-19 12:11:09.866] [info] [thread 31788] audio packet pts: 959488, audio_pkt_size=339
[2026-03-19 12:11:09.867] [info] [thread 31788] read_thread loop: ret=0, pkt->stream_index=0, audioq.size=25590, videoq.size=388290, eof=0
[2026-03-19 12:11:09.867] [info] [thread 31788] audio_stream: 1, video_stream: 0
[2026-03-19 12:11:09.870] [info] [thread 28368] audio.nb_samples=1024, channels=2, channel_layout=stereo, format=8, sample_rate=44100
[2026-03-19 12:11:09.870] [info] [thread 28368] audio frame data pointers: data[0]=0x21914279380, data[1]=0x2191427b580
[2026-03-19 12:11:09.899] [info] [thread 31788] read_thread loop: ret=0, pkt->stream_index=1, audioq.size=25117, videoq.size=386963, eof=0
[2026-03-19 12:11:09.899] [info] [thread 31788] audio_stream: 1, video_stream: 0
[2026-03-19 12:11:09.899] [info] [thread 31788] audio packet pts: 960512, audio_pkt_size=339
[2026-03-19 12:11:09.900] [info] [thread 31788] read_thread loop: ret=0, pkt->stream_index=0, audioq.size=25576, videoq.size=386963, eof=0
[2026-03-19 12:11:09.900] [info] [thread 31788] audio_stream: 1, video_stream: 0
[2026-03-19 12:11:09.910] [info] [thread 28368] audio.nb_samples=1024, channels=2, channel_layout=stereo, format=8, sample_rate=44100
[2026-03-19 12:11:09.910] [info] [thread 28368] audio frame data pointers: data[0]=0x21914281bc0, data[1]=0x21914283dc0
[2026-03-19 12:11:09.931] [info] [thread 31788] read_thread loop: ret=0, pkt->stream_index=1, audioq.size=25087, videoq.size=385834, eof=0
[2026-03-19 12:11:09.932] [info] [thread 31788] audio_stream: 1, video_stream: 0
[2026-03-19 12:11:09.932] [info] [thread 31788] audio packet pts: 961536, audio_pkt_size=345
[2026-03-19 12:11:09.932] [info] [thread 31788] read_thread loop: ret=0, pkt->stream_index=0, audioq.size=25552, videoq.size=385834, eof=0
[2026-03-19 12:11:09.932] [info] [thread 31788] audio_stream: 1, video_stream: 0
[2026-03-19 12:11:09.960] [info] [thread 28368] audio.nb_samples=1024, channels=2, channel_layout=stereo, format=8, sample_rate=44100
[2026-03-19 12:11:09.960] [info] [thread 28368] audio frame data pointers: data[0]=0x2191427d780, data[1]=0x21914285fc0
[2026-03-19 12:11:09.964] [info] [thread 31788] read_thread loop: ret=0, pkt->stream_index=0, audioq.size=24945, videoq.size=373607, eof=0
[2026-03-19 12:11:09.964] [info] [thread 31788] audio_stream: 1, video_stream: 0
[2026-03-19 12:11:09.995] [info] [thread 31788] read_thread loop: ret=0, pkt->stream_index=1, audioq.size=24945, videoq.size=380194, eof=0
[2026-03-19 12:11:09.995] [info] [thread 31788] audio_stream: 1, video_stream: 0
[2026-03-19 12:11:09.996] [info] [thread 31788] audio packet pts: 962560, audio_pkt_size=353
[2026-03-19 12:11:09.997] [info] [thread 31788] read_thread loop: ret=0, pkt->stream_index=0, audioq.size=25418, videoq.size=380194, eof=0
[2026-03-19 12:11:09.997] [info] [thread 31788] audio_stream: 1, video_stream: 0
[2026-03-19 12:11:10.000] [info] [thread 28368] audio.nb_samples=1024, channels=2, channel_layout=stereo, format=8, sample_rate=44100
[2026-03-19 12:11:10.000] [info] [thread 28368] audio frame data pointers: data[0]=0x219142881c0, data[1]=0x2191428c600
[2026-03-19 12:11:10.029] [info] [thread 31788] read_thread loop: ret=0, pkt->stream_index=1, audioq.size=24950, videoq.size=379005, eof=0
[2026-03-19 12:11:10.029] [info] [thread 31788] audio_stream: 1, video_stream: 0
[2026-03-19 12:11:10.030] [info] [thread 31788] audio packet pts: 963584, audio_pkt_size=335
[2026-03-19 12:11:10.030] [info] [thread 31788] read_thread loop: ret=0, pkt->stream_index=0, audioq.size=25405, videoq.size=379005, eof=0
[2026-03-19 12:11:10.030] [info] [thread 31788] audio_stream: 1, video_stream: 0
[2026-03-19 12:11:10.050] [info] [thread 28368] audio.nb_samples=1024, channels=2, channel_layout=stereo, format=8, sample_rate=44100
[2026-03-19 12:11:10.050] [info] [thread 28368] audio frame data pointers: data[0]=0x2191428a400, data[1]=0x21914290a00
[2026-03-19 12:11:10.071] [info] [thread 31788] read_thread loop: ret=0, pkt->stream_index=0, audioq.size=24936, videoq.size=376708, eof=0
[2026-03-19 12:11:10.072] [info] [thread 31788] audio_stream: 1, video_stream: 0
[2026-03-19 12:11:10.100] [info] [thread 28368] audio.nb_samples=1024, channels=2, channel_layout=stereo, format=8, sample_rate=44100
[2026-03-19 12:11:10.100] [info] [thread 28368] audio frame data pointers: data[0]=0x2191478a0c0, data[1]=0x21914788040
[2026-03-19 12:11:10.103] [info] [thread 31788] read_thread loop: ret=0, pkt->stream_index=1, audioq.size=24453, videoq.size=364541, eof=0
[2026-03-19 12:11:10.103] [info] [thread 31788] audio_stream: 1, video_stream: 0
[2026-03-19 12:11:10.104] [info] [thread 31788] audio packet pts: 964608, audio_pkt_size=341
[2026-03-19 12:11:10.104] [info] [thread 31788] read_thread loop: ret=0, pkt->stream_index=0, audioq.size=24914, videoq.size=364541, eof=0
[2026-03-19 12:11:10.105] [info] [thread 31788] audio_stream: 1, video_stream: 0
[2026-03-19 12:11:10.136] [info] [thread 31788] read_thread loop: ret=0, pkt->stream_index=1, audioq.size=24914, videoq.size=370218, eof=0
[2026-03-19 12:11:10.136] [info] [thread 31788] audio_stream: 1, video_stream: 0
[2026-03-19 12:11:10.137] [info] [thread 31788] audio packet pts: 965632, audio_pkt_size=353
[2026-03-19 12:11:10.137] [info] [thread 31788] read_thread loop: ret=0, pkt->stream_index=0, audioq.size=25387, videoq.size=370218, eof=0
[2026-03-19 12:11:10.138] [info] [thread 31788] audio_stream: 1, video_stream: 0
[2026-03-19 12:11:10.140] [info] [thread 28368] audio.nb_samples=1024, channels=2, channel_layout=stereo, format=8, sample_rate=44100
[2026-03-19 12:11:10.140] [info] [thread 28368] audio frame data pointers: data[0]=0x21916f92a00, data[1]=0x21916b27480
[2026-03-19 12:11:10.169] [info] [thread 31788] read_thread loop: ret=0, pkt->stream_index=1, audioq.size=24885, videoq.size=365855, eof=0
[2026-03-19 12:11:10.170] [info] [thread 31788] audio_stream: 1, video_stream: 0
[2026-03-19 12:11:10.170] [info] [thread 31788] audio packet pts: 966656, audio_pkt_size=362
[2026-03-19 12:11:10.171] [info] [thread 31788] read_thread loop: ret=0, pkt->stream_index=0, audioq.size=25367, videoq.size=365855, eof=0
[2026-03-19 12:11:10.171] [info] [thread 31788] audio_stream: 1, video_stream: 0
[2026-03-19 12:11:10.190] [info] [thread 28368] audio.nb_samples=1024, channels=2, channel_layout=stereo, format=8, sample_rate=44100
[2026-03-19 12:11:10.190] [info] [thread 28368] audio frame data pointers: data[0]=0x21916f9b500, data[1]=0x21916f96e40
[2026-03-19 12:11:10.200] [info] [thread 31788] read_thread loop: ret=0, pkt->stream_index=0, audioq.size=24870, videoq.size=361806, eof=0
[2026-03-19 12:11:10.201] [info] [thread 31788] audio_stream: 1, video_stream: 0
[2026-03-19 12:11:10.240] [info] [thread 28368] audio.nb_samples=1024, channels=2, channel_layout=stereo, format=8, sample_rate=44100
[2026-03-19 12:11:10.240] [info] [thread 28368] audio frame data pointers: data[0]=0x21916f98e80, data[1]=0x21916a5bb00
[2026-03-19 12:11:10.244] [info] [thread 31788] read_thread loop: ret=0, pkt->stream_index=1, audioq.size=24390, videoq.size=349759, eof=0
[2026-03-19 12:11:10.244] [info] [thread 31788] audio_stream: 1, video_stream: 0
[2026-03-19 12:11:10.245] [info] [thread 31788] audio packet pts: 967680, audio_pkt_size=352
[2026-03-19 12:11:10.245] [info] [thread 31788] read_thread loop: ret=0, pkt->stream_index=0, audioq.size=24862, videoq.size=349759, eof=0
[2026-03-19 12:11:10.246] [info] [thread 31788] audio_stream: 1, video_stream: 0
[2026-03-19 12:11:10.277] [info] [thread 31788] read_thread loop: ret=0, pkt->stream_index=1, audioq.size=24862, videoq.size=349546, eof=0
[2026-03-19 12:11:10.278] [info] [thread 31788] audio_stream: 1, video_stream: 0
[2026-03-19 12:11:10.278] [info] [thread 31788] audio packet pts: 968704, audio_pkt_size=359
[2026-03-19 12:11:10.279] [info] [thread 31788] read_thread loop: ret=0, pkt->stream_index=0, audioq.size=25341, videoq.size=349546, eof=0
[2026-03-19 12:11:10.280] [info] [thread 28368] audio.nb_samples=1024, channels=2, channel_layout=stereo, format=8, sample_rate=44100
[2026-03-19 12:11:10.280] [info] [thread 31788] audio_stream: 1, video_stream: 0
[2026-03-19 12:11:10.280] [info] [thread 28368] audio frame data pointers: data[0]=0x2191427f980, data[1]=0x21916a5db80
[2026-03-19 12:11:10.302] [info] [thread 31788] read_thread loop: ret=0, pkt->stream_index=0, audioq.size=24903, videoq.size=347146, eof=0
[2026-03-19 12:11:10.302] [info] [thread 31788] audio_stream: 1, video_stream: 0
[2026-03-19 12:11:10.330] [info] [thread 28368] audio.nb_samples=1024, channels=2, channel_layout=stereo, format=8, sample_rate=44100
[2026-03-19 12:11:10.330] [info] [thread 28368] audio frame data pointers: data[0]=0x2191427b580, data[1]=0x21914279380
[2026-03-19 12:11:10.334] [info] [thread 31788] read_thread loop: ret=0, pkt->stream_index=1, audioq.size=24449, videoq.size=345464, eof=0
[2026-03-19 12:11:10.335] [info] [thread 31788] audio_stream: 1, video_stream: 0
[2026-03-19 12:11:10.336] [info] [thread 31788] audio packet pts: 969728, audio_pkt_size=364
[2026-03-19 12:11:10.336] [info] [thread 31788] read_thread loop: ret=0, pkt->stream_index=0, audioq.size=24933, videoq.size=345464, eof=0
[2026-03-19 12:11:10.336] [info] [thread 31788] audio_stream: 1, video_stream: 0
[2026-03-19 12:11:10.369] [info] [thread 31788] read_thread loop: ret=0, pkt->stream_index=1, audioq.size=24933, videoq.size=335537, eof=0
[2026-03-19 12:11:10.370] [info] [thread 31788] audio_stream: 1, video_stream: 0
[2026-03-19 12:11:10.371] [info] [thread 31788] audio packet pts: 970752, audio_pkt_size=368
[2026-03-19 12:11:10.371] [info] [thread 31788] read_thread loop: ret=0, pkt->stream_index=0, audioq.size=25421, videoq.size=335537, eof=0
[2026-03-19 12:11:10.371] [info] [thread 31788] audio_stream: 1, video_stream: 0
[2026-03-19 12:11:10.380] [info] [thread 28368] audio.nb_samples=1024, channels=2, channel_layout=stereo, format=8, sample_rate=44100
[2026-03-19 12:11:10.380] [info] [thread 28368] audio frame data pointers: data[0]=0x21914283dc0, data[1]=0x21914281bc0
[2026-03-19 12:11:10.402] [info] [thread 31788] read_thread loop: ret=0, pkt->stream_index=1, audioq.size=24961, videoq.size=336219, eof=0
[2026-03-19 12:11:10.403] [info] [thread 31788] audio_stream: 1, video_stream: 0
[2026-03-19 12:11:10.404] [info] [thread 31788] audio packet pts: 971776, audio_pkt_size=368
[2026-03-19 12:11:10.404] [info] [thread 31788] read_thread loop: ret=0, pkt->stream_index=0, audioq.size=25449, videoq.size=336219, eof=0
[2026-03-19 12:11:10.405] [info] [thread 31788] audio_stream: 1, video_stream: 0
[2026-03-19 12:11:10.420] [info] [thread 28368] audio.nb_samples=1024, channels=2, channel_layout=stereo, format=8, sample_rate=44100
[2026-03-19 12:11:10.421] [info] [thread 28368] audio frame data pointers: data[0]=0x21914285fc0, data[1]=0x2191427d780
[2026-03-19 12:11:10.447] [info] [thread 31788] read_thread loop: ret=0, pkt->stream_index=0, audioq.size=24982, videoq.size=335239, eof=0
[2026-03-19 12:11:10.448] [info] [thread 31788] audio_stream: 1, video_stream: 0
[2026-03-19 12:11:10.470] [info] [thread 28368] audio.nb_samples=1024, channels=2, channel_layout=stereo, format=8, sample_rate=44100
[2026-03-19 12:11:10.470] [info] [thread 28368] audio frame data pointers: data[0]=0x2191428c600, data[1]=0x219142881c0
[2026-03-19 12:11:10.479] [info] [thread 31788] read_thread loop: ret=0, pkt->stream_index=1, audioq.size=24501, videoq.size=333851, eof=0
[2026-03-19 12:11:10.479] [info] [thread 31788] audio_stream: 1, video_stream: 0
[2026-03-19 12:11:10.480] [info] [thread 31788] audio packet pts: 972800, audio_pkt_size=406
[2026-03-19 12:11:10.480] [info] [thread 31788] read_thread loop: ret=0, pkt->stream_index=0, audioq.size=25027, videoq.size=333851, eof=0
[2026-03-19 12:11:10.481] [info] [thread 31788] audio_stream: 1, video_stream: 0
[2026-03-19 12:11:10.512] [info] [thread 31788] read_thread loop: ret=0, pkt->stream_index=1, audioq.size=25027, videoq.size=324193, eof=0
[2026-03-19 12:11:10.512] [info] [thread 31788] audio_stream: 1, video_stream: 0
[2026-03-19 12:11:10.512] [info] [thread 31788] audio packet pts: 973824, audio_pkt_size=361
[2026-03-19 12:11:10.513] [info] [thread 31788] read_thread loop: ret=0, pkt->stream_index=0, audioq.size=25508, videoq.size=324193, eof=0
[2026-03-19 12:11:10.513] [info] [thread 31788] audio_stream: 1, video_stream: 0
[2026-03-19 12:11:10.520] [info] [thread 28368] audio.nb_samples=1024, channels=2, channel_layout=stereo, format=8, sample_rate=44100
[2026-03-19 12:11:10.520] [info] [thread 28368] audio frame data pointers: data[0]=0x21914290a00, data[1]=0x2191428a400
[2026-03-19 12:11:10.544] [info] [thread 31788] read_thread loop: ret=0, pkt->stream_index=1, audioq.size=25028, videoq.size=323938, eof=0
[2026-03-19 12:11:10.545] [info] [thread 31788] audio_stream: 1, video_stream: 0
[2026-03-19 12:11:10.545] [info] [thread 31788] audio packet pts: 974848, audio_pkt_size=365
[2026-03-19 12:11:10.546] [info] [thread 31788] read_thread loop: ret=0, pkt->stream_index=0, audioq.size=25513, videoq.size=323938, eof=0
[2026-03-19 12:11:10.546] [info] [thread 31788] audio_stream: 1, video_stream: 0
[2026-03-19 12:11:10.560] [info] [thread 28368] audio.nb_samples=1024, channels=2, channel_layout=stereo, format=8, sample_rate=44100
[2026-03-19 12:11:10.560] [info] [thread 28368] audio frame data pointers: data[0]=0x21914788040, data[1]=0x2191478a0c0
[2026-03-19 12:11:10.567] [info] [thread 31788] read_thread loop: ret=0, pkt->stream_index=0, audioq.size=25008, videoq.size=322405, eof=0
[2026-03-19 12:11:10.568] [info] [thread 31788] audio_stream: 1, video_stream: 0
[2026-03-19 12:11:10.598] [info] [thread 31788] read_thread loop: ret=0, pkt->stream_index=1, audioq.size=25008, videoq.size=320649, eof=0
[2026-03-19 12:11:10.598] [info] [thread 31788] audio_stream: 1, video_stream: 0
[2026-03-19 12:11:10.599] [info] [thread 31788] audio packet pts: 975872, audio_pkt_size=374
[2026-03-19 12:11:10.599] [info] [thread 31788] read_thread loop: ret=0, pkt->stream_index=0, audioq.size=25502, videoq.size=320649, eof=0
[2026-03-19 12:11:10.600] [info] [thread 31788] audio_stream: 1, video_stream: 0
[2026-03-19 12:11:10.610] [info] [thread 28368] audio.nb_samples=1024, channels=2, channel_layout=stereo, format=8, sample_rate=44100
[2026-03-19 12:11:10.610] [info] [thread 28368] audio frame data pointers: data[0]=0x21916b27480, data[1]=0x21916f92a00
[2026-03-19 12:11:10.631] [info] [thread 31788] read_thread loop: ret=0, pkt->stream_index=1, audioq.size=24957, videoq.size=308032, eof=0
[2026-03-19 12:11:10.631] [info] [thread 31788] audio_stream: 1, video_stream: 0
[2026-03-19 12:11:10.632] [info] [thread 31788] audio packet pts: 976896, audio_pkt_size=392
[2026-03-19 12:11:10.632] [info] [thread 31788] read_thread loop: ret=0, pkt->stream_index=0, audioq.size=25469, videoq.size=308032, eof=0
[2026-03-19 12:11:10.633] [info] [thread 31788] audio_stream: 1, video_stream: 0
[2026-03-19 12:11:10.660] [info] [thread 28368] audio.nb_samples=1024, channels=2, channel_layout=stereo, format=8, sample_rate=44100
[2026-03-19 12:11:10.660] [info] [thread 28368] audio frame data pointers: data[0]=0x21916f96e40, data[1]=0x21916f9b500
[2026-03-19 12:11:10.665] [info] [thread 31788] read_thread loop: ret=0, pkt->stream_index=0, audioq.size=24920, videoq.size=307126, eof=0
[2026-03-19 12:11:10.666] [info] [thread 31788] audio_stream: 1, video_stream: 0
[2026-03-19 12:11:10.697] [info] [thread 31788] read_thread loop: ret=0, pkt->stream_index=1, audioq.size=24920, videoq.size=305673, eof=0
[2026-03-19 12:11:10.698] [info] [thread 31788] audio_stream: 1, video_stream: 0
[2026-03-19 12:11:10.699] [info] [thread 31788] audio packet pts: 977920, audio_pkt_size=380
[2026-03-19 12:11:10.699] [info] [thread 31788] read_thread loop: ret=0, pkt->stream_index=0, audioq.size=25420, videoq.size=305673, eof=0
[2026-03-19 12:11:10.700] [info] [thread 31788] audio_stream: 1, video_stream: 0
[2026-03-19 12:11:10.700] [info] [thread 28368] audio.nb_samples=1024, channels=2, channel_layout=stereo, format=8, sample_rate=44100
[2026-03-19 12:11:10.700] [info] [thread 28368] audio frame data pointers: data[0]=0x21916a5bb00, data[1]=0x21916f98e80
[2026-03-19 12:11:10.730] [info] [thread 31788] read_thread loop: ret=0, pkt->stream_index=1, audioq.size=24885, videoq.size=303139, eof=0
[2026-03-19 12:11:10.731] [info] [thread 31788] audio_stream: 1, video_stream: 0
[2026-03-19 12:11:10.731] [info] [thread 31788] audio packet pts: 978944, audio_pkt_size=364
[2026-03-19 12:11:10.732] [info] [thread 31788] read_thread loop: ret=0, pkt->stream_index=0, audioq.size=25369, videoq.size=303139, eof=0
[2026-03-19 12:11:10.732] [info] [thread 31788] audio_stream: 1, video_stream: 0
[2026-03-19 12:11:10.750] [info] [thread 28368] audio.nb_samples=1024, channels=2, channel_layout=stereo, format=8, sample_rate=44100
[2026-03-19 12:11:10.750] [info] [thread 28368] audio frame data pointers: data[0]=0x21916a5db80, data[1]=0x2191427f980
[2026-03-19 12:11:10.763] [info] [thread 31788] read_thread loop: ret=0, pkt->stream_index=1, audioq.size=24847, videoq.size=286199, eof=0
[2026-03-19 12:11:10.764] [info] [thread 31788] audio_stream: 1, video_stream: 0
[2026-03-19 12:11:10.764] [info] [thread 31788] audio packet pts: 979968, audio_pkt_size=360
[2026-03-19 12:11:10.764] [info] [thread 31788] read_thread loop: ret=0, pkt->stream_index=0, audioq.size=25327, videoq.size=286199, eof=0
[2026-03-19 12:11:10.765] [info] [thread 31788] audio_stream: 1, video_stream: 0
[2026-03-19 12:11:10.790] [info] [thread 28368] audio.nb_samples=1024, channels=2, channel_layout=stereo, format=8, sample_rate=44100
[2026-03-19 12:11:10.790] [info] [thread 28368] audio frame data pointers: data[0]=0x21914279380, data[1]=0x2191427b580
[2026-03-19 12:11:10.807] [info] [thread 31788] read_thread loop: ret=0, pkt->stream_index=0, audioq.size=24794, videoq.size=284426, eof=0
[2026-03-19 12:11:10.807] [info] [thread 31788] audio_stream: 1, video_stream: 0
[2026-03-19 12:11:10.839] [info] [thread 31788] read_thread loop: ret=0, pkt->stream_index=1, audioq.size=24794, videoq.size=281884, eof=0
[2026-03-19 12:11:10.839] [info] [thread 31788] audio_stream: 1, video_stream: 0
[2026-03-19 12:11:10.839] [info] [thread 31788] audio packet pts: 980992, audio_pkt_size=383
[2026-03-19 12:11:10.840] [info] [thread 28368] audio.nb_samples=1024, channels=2, channel_layout=stereo, format=8, sample_rate=44100
[2026-03-19 12:11:10.840] [info] [thread 31788] read_thread loop: ret=0, pkt->stream_index=0, audioq.size=24757, videoq.size=281884, eof=0
[2026-03-19 12:11:10.840] [info] [thread 28368] audio frame data pointers: data[0]=0x21914281bc0, data[1]=0x21914283dc0
[2026-03-19 12:11:10.840] [info] [thread 31788] audio_stream: 1, video_stream: 0
[2026-03-19 12:11:10.872] [info] [thread 31788] read_thread loop: ret=0, pkt->stream_index=1, audioq.size=24757, videoq.size=278036, eof=0
[2026-03-19 12:11:10.872] [info] [thread 31788] audio_stream: 1, video_stream: 0
[2026-03-19 12:11:10.873] [info] [thread 31788] audio packet pts: 982016, audio_pkt_size=379
[2026-03-19 12:11:10.873] [info] [thread 31788] read_thread loop: ret=0, pkt->stream_index=0, audioq.size=25256, videoq.size=278036, eof=0
[2026-03-19 12:11:10.873] [info] [thread 31788] audio_stream: 1, video_stream: 0
[2026-03-19 12:11:10.890] [info] [thread 28368] audio.nb_samples=1024, channels=2, channel_layout=stereo, format=8, sample_rate=44100
[2026-03-19 12:11:10.890] [info] [thread 28368] audio frame data pointers: data[0]=0x2191427d780, data[1]=0x21914285fc0
[2026-03-19 12:11:10.894] [info] [thread 31788] read_thread loop: ret=0, pkt->stream_index=0, audioq.size=24786, videoq.size=264677, eof=0
[2026-03-19 12:11:10.895] [info] [thread 31788] audio_stream: 1, video_stream: 0
[2026-03-19 12:11:10.927] [info] [thread 31788] read_thread loop: ret=0, pkt->stream_index=1, audioq.size=24786, videoq.size=262061, eof=0
[2026-03-19 12:11:10.928] [info] [thread 31788] audio_stream: 1, video_stream: 0
[2026-03-19 12:11:10.928] [info] [thread 31788] audio packet pts: 983040, audio_pkt_size=414
[2026-03-19 12:11:10.928] [info] [thread 31788] read_thread loop: ret=0, pkt->stream_index=0, audioq.size=25320, videoq.size=262061, eof=0
[2026-03-19 12:11:10.929] [info] [thread 31788] audio_stream: 1, video_stream: 0
[2026-03-19 12:11:10.930] [info] [thread 28368] audio.nb_samples=1024, channels=2, channel_layout=stereo, format=8, sample_rate=44100
[2026-03-19 12:11:10.930] [info] [thread 28368] audio frame data pointers: data[0]=0x219142881c0, data[1]=0x2191428c600
[2026-03-19 12:11:10.961] [info] [thread 31788] read_thread loop: ret=0, pkt->stream_index=1, audioq.size=24840, videoq.size=259301, eof=0
[2026-03-19 12:11:10.961] [info] [thread 31788] audio_stream: 1, video_stream: 0
[2026-03-19 12:11:10.962] [info] [thread 31788] audio packet pts: 984064, audio_pkt_size=446
[2026-03-19 12:11:10.962] [info] [thread 31788] read_thread loop: ret=0, pkt->stream_index=0, audioq.size=25406, videoq.size=259301, eof=0
[2026-03-19 12:11:10.962] [info] [thread 31788] audio_stream: 1, video_stream: 0
[2026-03-19 12:11:10.980] [info] [thread 28368] audio.nb_samples=1024, channels=2, channel_layout=stereo, format=8, sample_rate=44100
[2026-03-19 12:11:10.980] [info] [thread 28368] audio frame data pointers: data[0]=0x2191428a400, data[1]=0x21914290a00
[2026-03-19 12:11:10.994] [info] [thread 31788] read_thread loop: ret=0, pkt->stream_index=1, audioq.size=24922, videoq.size=257070, eof=0
[2026-03-19 12:11:10.995] [info] [thread 31788] audio_stream: 1, video_stream: 0
[2026-03-19 12:11:10.995] [info] [thread 31788] audio packet pts: 985088, audio_pkt_size=338
[2026-03-19 12:11:10.996] [info] [thread 31788] read_thread loop: ret=0, pkt->stream_index=0, audioq.size=25380, videoq.size=257070, eof=0
[2026-03-19 12:11:10.996] [info] [thread 31788] audio_stream: 1, video_stream: 0
[2026-03-19 12:11:11.027] [info] [thread 31788] read_thread loop: ret=0, pkt->stream_index=0, audioq.size=25380, videoq.size=246902, eof=0
[2026-03-19 12:11:11.028] [info] [thread 31788] audio_stream: 1, video_stream: 0
[2026-03-19 12:11:11.030] [info] [thread 28368] audio.nb_samples=1024, channels=2, channel_layout=stereo, format=8, sample_rate=44100
[2026-03-19 12:11:11.030] [info] [thread 28368] audio frame data pointers: data[0]=0x2191478a0c0, data[1]=0x21914788040
[2026-03-19 12:11:11.059] [info] [thread 31788] read_thread loop: ret=0, pkt->stream_index=1, audioq.size=24888, videoq.size=246479, eof=0
[2026-03-19 12:11:11.059] [info] [thread 31788] audio_stream: 1, video_stream: 0
[2026-03-19 12:11:11.059] [info] [thread 31788] audio packet pts: 986112, audio_pkt_size=345
[2026-03-19 12:11:11.059] [info] [thread 31788] read_thread loop: ret=0, pkt->stream_index=0, audioq.size=25353, videoq.size=246479, eof=0
[2026-03-19 12:11:11.060] [info] [thread 31788] audio_stream: 1, video_stream: 0
[2026-03-19 12:11:11.070] [info] [thread 28368] audio.nb_samples=1024, channels=2, channel_layout=stereo, format=8, sample_rate=44100
[2026-03-19 12:11:11.071] [info] [thread 28368] audio frame data pointers: data[0]=0x21916f92a00, data[1]=0x21916b27480
[2026-03-19 12:11:11.103] [info] [thread 31788] read_thread loop: ret=0, pkt->stream_index=1, audioq.size=24856, videoq.size=245219, eof=0
[2026-03-19 12:11:11.104] [info] [thread 31788] audio_stream: 1, video_stream: 0
[2026-03-19 12:11:11.104] [info] [thread 31788] audio packet pts: 987136, audio_pkt_size=342
[2026-03-19 12:11:11.104] [info] [thread 31788] read_thread loop: ret=0, pkt->stream_index=0, audioq.size=25318, videoq.size=245219, eof=0
[2026-03-19 12:11:11.105] [info] [thread 31788] audio_stream: 1, video_stream: 0
[2026-03-19 12:11:11.120] [info] [thread 28368] audio.nb_samples=1024, channels=2, channel_layout=stereo, format=8, sample_rate=44100
[2026-03-19 12:11:11.120] [info] [thread 28368] audio frame data pointers: data[0]=0x21916f9b500, data[1]=0x21916f96e40
[2026-03-19 12:11:11.136] [info] [thread 31788] read_thread loop: ret=0, pkt->stream_index=0, audioq.size=24860, videoq.size=243405, eof=0
[2026-03-19 12:11:11.137] [info] [thread 31788] audio_stream: 1, video_stream: 0
[2026-03-19 12:11:11.168] [info] [thread 31788] read_thread loop: ret=0, pkt->stream_index=1, audioq.size=24860, videoq.size=232603, eof=0
[2026-03-19 12:11:11.169] [info] [thread 31788] audio_stream: 1, video_stream: 0
[2026-03-19 12:11:11.170] [info] [thread 31788] audio packet pts: 988160, audio_pkt_size=350
[2026-03-19 12:11:11.170] [info] [thread 28368] audio.nb_samples=1024, channels=2, channel_layout=stereo, format=8, sample_rate=44100
[2026-03-19 12:11:11.170] [info] [thread 28368] audio frame data pointers: data[0]=0x21916f98e80, data[1]=0x21916a5bb00
[2026-03-19 12:11:11.170] [info] [thread 31788] read_thread loop: ret=0, pkt->stream_index=0, audioq.size=24881, videoq.size=232603, eof=0
[2026-03-19 12:11:11.171] [info] [thread 31788] audio_stream: 1, video_stream: 0
[2026-03-19 12:11:11.202] [info] [thread 31788] read_thread loop: ret=0, pkt->stream_index=1, audioq.size=24881, videoq.size=233303, eof=0
[2026-03-19 12:11:11.202] [info] [thread 31788] audio_stream: 1, video_stream: 0
[2026-03-19 12:11:11.203] [info] [thread 31788] audio packet pts: 989184, audio_pkt_size=352
[2026-03-19 12:11:11.203] [info] [thread 31788] read_thread loop: ret=0, pkt->stream_index=0, audioq.size=25353, videoq.size=233303, eof=0
[2026-03-19 12:11:11.204] [info] [thread 31788] audio_stream: 1, video_stream: 0
[2026-03-19 12:11:11.210] [info] [thread 28368] audio.nb_samples=1024, channels=2, channel_layout=stereo, format=8, sample_rate=44100
[2026-03-19 12:11:11.210] [info] [thread 28368] audio frame data pointers: data[0]=0x2191427f980, data[1]=0x21916a5db80
[2026-03-19 12:11:11.244] [info] [thread 31788] read_thread loop: ret=0, pkt->stream_index=1, audioq.size=24903, videoq.size=232949, eof=0
[2026-03-19 12:11:11.245] [info] [thread 31788] audio_stream: 1, video_stream: 0
[2026-03-19 12:11:11.245] [info] [thread 31788] audio packet pts: 990208, audio_pkt_size=360
[2026-03-19 12:11:11.245] [info] [thread 31788] read_thread loop: ret=0, pkt->stream_index=0, audioq.size=25383, videoq.size=232949, eof=0
[2026-03-19 12:11:11.246] [info] [thread 31788] audio_stream: 1, video_stream: 0
[2026-03-19 12:11:11.260] [info] [thread 28368] audio.nb_samples=1024, channels=2, channel_layout=stereo, format=8, sample_rate=44100
[2026-03-19 12:11:11.260] [info] [thread 28368] audio frame data pointers: data[0]=0x2191427b580, data[1]=0x21914279380
[2026-03-19 12:11:11.276] [info] [thread 31788] read_thread loop: ret=0, pkt->stream_index=0, audioq.size=24929, videoq.size=230958, eof=0
[2026-03-19 12:11:11.277] [info] [thread 31788] audio_stream: 1, video_stream: 0
[2026-03-19 12:11:11.309] [info] [thread 31788] read_thread loop: ret=0, pkt->stream_index=1, audioq.size=24929, videoq.size=214357, eof=0
[2026-03-19 12:11:11.310] [info] [thread 31788] audio_stream: 1, video_stream: 0
[2026-03-19 12:11:11.310] [info] [thread 28368] audio.nb_samples=1024, channels=2, channel_layout=stereo, format=8, sample_rate=44100
[2026-03-19 12:11:11.310] [info] [thread 31788] audio packet pts: 991232, audio_pkt_size=365
[2026-03-19 12:11:11.311] [info] [thread 28368] audio frame data pointers: data[0]=0x21914283dc0, data[1]=0x21914281bc0
[2026-03-19 12:11:11.311] [info] [thread 31788] read_thread loop: ret=0, pkt->stream_index=0, audioq.size=24947, videoq.size=214357, eof=0
[2026-03-19 12:11:11.312] [info] [thread 31788] audio_stream: 1, video_stream: 0
[2026-03-19 12:11:11.332] [info] [thread 31788] read_thread loop: ret=0, pkt->stream_index=1, audioq.size=24947, videoq.size=216984, eof=0
[2026-03-19 12:11:11.333] [info] [thread 31788] audio_stream: 1, video_stream: 0
[2026-03-19 12:11:11.333] [info] [thread 31788] audio packet pts: 992256, audio_pkt_size=364
[2026-03-19 12:11:11.334] [info] [thread 31788] read_thread loop: ret=0, pkt->stream_index=0, audioq.size=25431, videoq.size=216984, eof=0
[2026-03-19 12:11:11.334] [info] [thread 31788] audio_stream: 1, video_stream: 0
[2026-03-19 12:11:11.350] [info] [thread 28368] audio.nb_samples=1024, channels=2, channel_layout=stereo, format=8, sample_rate=44100
[2026-03-19 12:11:11.350] [info] [thread 28368] audio frame data pointers: data[0]=0x21914285fc0, data[1]=0x2191427d780
[2026-03-19 12:11:11.367] [info] [thread 31788] read_thread loop: ret=0, pkt->stream_index=0, audioq.size=24952, videoq.size=211412, eof=0
[2026-03-19 12:11:11.368] [info] [thread 31788] audio_stream: 1, video_stream: 0
[2026-03-19 12:11:11.400] [info] [thread 28368] audio.nb_samples=1024, channels=2, channel_layout=stereo, format=8, sample_rate=44100
[2026-03-19 12:11:11.400] [info] [thread 31788] read_thread loop: ret=0, pkt->stream_index=1, audioq.size=24445, videoq.size=195997, eof=0
[2026-03-19 12:11:11.400] [info] [thread 28368] audio frame data pointers: data[0]=0x2191428c600, data[1]=0x219142881c0
[2026-03-19 12:11:11.401] [info] [thread 31788] audio_stream: 1, video_stream: 0
[2026-03-19 12:11:11.401] [info] [thread 31788] audio packet pts: 993280, audio_pkt_size=390
[2026-03-19 12:11:11.401] [info] [thread 31788] read_thread loop: ret=0, pkt->stream_index=0, audioq.size=24955, videoq.size=195997, eof=0
[2026-03-19 12:11:11.402] [info] [thread 31788] audio_stream: 1, video_stream: 0
[2026-03-19 12:11:11.433] [info] [thread 31788] read_thread loop: ret=0, pkt->stream_index=1, audioq.size=24955, videoq.size=168015, eof=0
[2026-03-19 12:11:11.434] [info] [thread 31788] audio_stream: 1, video_stream: 0
[2026-03-19 12:11:11.434] [info] [thread 31788] audio packet pts: 994304, audio_pkt_size=416
[2026-03-19 12:11:11.435] [info] [thread 31788] read_thread loop: ret=0, pkt->stream_index=0, audioq.size=25491, videoq.size=168015, eof=0
[2026-03-19 12:11:11.435] [info] [thread 31788] audio_stream: 1, video_stream: 0
[2026-03-19 12:11:11.440] [info] [thread 28368] audio.nb_samples=1024, channels=2, channel_layout=stereo, format=8, sample_rate=44100
[2026-03-19 12:11:11.440] [info] [thread 28368] audio frame data pointers: data[0]=0x21914290a00, data[1]=0x2191428a400
[2026-03-19 12:11:11.477] [info] [thread 31788] read_thread loop: ret=0, pkt->stream_index=1, audioq.size=24954, videoq.size=191199, eof=0
[2026-03-19 12:11:11.478] [info] [thread 31788] audio_stream: 1, video_stream: 0
[2026-03-19 12:11:11.479] [info] [thread 31788] audio packet pts: 995328, audio_pkt_size=357
[2026-03-19 12:11:11.479] [info] [thread 31788] read_thread loop: ret=0, pkt->stream_index=0, audioq.size=25431, videoq.size=191199, eof=0
[2026-03-19 12:11:11.479] [info] [thread 31788] audio_stream: 1, video_stream: 0
[2026-03-19 12:11:11.490] [info] [thread 28368] audio.nb_samples=1024, channels=2, channel_layout=stereo, format=8, sample_rate=44100
[2026-03-19 12:11:11.490] [info] [thread 28368] audio frame data pointers: data[0]=0x21914788040, data[1]=0x2191478a0c0
[2026-03-19 12:11:11.510] [info] [thread 31788] read_thread loop: ret=0, pkt->stream_index=0, audioq.size=24795, videoq.size=214987, eof=0
[2026-03-19 12:11:11.510] [info] [thread 31788] audio_stream: 1, video_stream: 0
[2026-03-19 12:11:11.540] [info] [thread 28368] audio.nb_samples=1024, channels=2, channel_layout=stereo, format=8, sample_rate=44100
[2026-03-19 12:11:11.540] [info] [thread 28368] audio frame data pointers: data[0]=0x21916b27480, data[1]=0x21916f92a00
[2026-03-19 12:11:11.542] [info] [thread 31788] read_thread loop: ret=0, pkt->stream_index=1, audioq.size=24304, videoq.size=227652, eof=0
[2026-03-19 12:11:11.543] [info] [thread 31788] audio_stream: 1, video_stream: 0
[2026-03-19 12:11:11.544] [info] [thread 31788] audio packet pts: 996352, audio_pkt_size=516
[2026-03-19 12:11:11.544] [info] [thread 31788] read_thread loop: ret=0, pkt->stream_index=0, audioq.size=24940, videoq.size=227652, eof=0
[2026-03-19 12:11:11.544] [info] [thread 31788] audio_stream: 1, video_stream: 0
[2026-03-19 12:11:11.566] [info] [thread 31788] read_thread loop: ret=0, pkt->stream_index=1, audioq.size=24940, videoq.size=227048, eof=0
[2026-03-19 12:11:11.566] [info] [thread 31788] audio_stream: 1, video_stream: 0
[2026-03-19 12:11:11.567] [info] [thread 31788] audio packet pts: 997376, audio_pkt_size=373
[2026-03-19 12:11:11.567] [info] [thread 31788] read_thread loop: ret=0, pkt->stream_index=0, audioq.size=25433, videoq.size=227048, eof=0
[2026-03-19 12:11:11.568] [info] [thread 31788] audio_stream: 1, video_stream: 0
[2026-03-19 12:11:11.580] [info] [thread 28368] audio.nb_samples=1024, channels=2, channel_layout=stereo, format=8, sample_rate=44100
[2026-03-19 12:11:11.580] [info] [thread 28368] audio frame data pointers: data[0]=0x21916f96e40, data[1]=0x21916f9b500
[2026-03-19 12:11:11.600] [info] [thread 31788] read_thread loop: ret=0, pkt->stream_index=0, audioq.size=24993, videoq.size=228732, eof=0
[2026-03-19 12:11:11.600] [info] [thread 31788] audio_stream: 1, video_stream: 0
[2026-03-19 12:11:11.630] [info] [thread 28368] audio.nb_samples=1024, channels=2, channel_layout=stereo, format=8, sample_rate=44100
[2026-03-19 12:11:11.631] [info] [thread 28368] audio frame data pointers: data[0]=0x21916a5bb00, data[1]=0x21916f98e80
[2026-03-19 12:11:11.633] [info] [thread 31788] read_thread loop: ret=0, pkt->stream_index=1, audioq.size=24547, videoq.size=242672, eof=0
[2026-03-19 12:11:11.633] [info] [thread 31788] audio_stream: 1, video_stream: 0
[2026-03-19 12:11:11.634] [info] [thread 31788] audio packet pts: 998400, audio_pkt_size=372
[2026-03-19 12:11:11.634] [info] [thread 31788] read_thread loop: ret=0, pkt->stream_index=0, audioq.size=25039, videoq.size=242672, eof=0
[2026-03-19 12:11:11.635] [info] [thread 31788] audio_stream: 1, video_stream: 0
[2026-03-19 12:11:11.667] [info] [thread 31788] read_thread loop: ret=0, pkt->stream_index=1, audioq.size=25039, videoq.size=246875, eof=0
[2026-03-19 12:11:11.667] [info] [thread 31788] audio_stream: 1, video_stream: 0
[2026-03-19 12:11:11.668] [info] [thread 31788] audio packet pts: 999424, audio_pkt_size=426
[2026-03-19 12:11:11.668] [info] [thread 31788] read_thread loop: ret=0, pkt->stream_index=0, audioq.size=25585, videoq.size=246875, eof=0
[2026-03-19 12:11:11.669] [info] [thread 31788] audio_stream: 1, video_stream: 0
[2026-03-19 12:11:11.680] [info] [thread 28368] audio.nb_samples=1024, channels=2, channel_layout=stereo, format=8, sample_rate=44100
[2026-03-19 12:11:11.680] [info] [thread 28368] audio frame data pointers: data[0]=0x21916a5db80, data[1]=0x2191427f980
[2026-03-19 12:11:11.700] [info] [thread 31788] read_thread loop: ret=0, pkt->stream_index=1, audioq.size=25119, videoq.size=255257, eof=0
[2026-03-19 12:11:11.701] [info] [thread 31788] audio_stream: 1, video_stream: 0
[2026-03-19 12:11:11.701] [info] [thread 31788] audio packet pts: 1000448, audio_pkt_size=394
[2026-03-19 12:11:11.701] [info] [thread 31788] read_thread loop: ret=0, pkt->stream_index=0, audioq.size=25633, videoq.size=255257, eof=0
[2026-03-19 12:11:11.702] [info] [thread 31788] audio_stream: 1, video_stream: 0
[2026-03-19 12:11:11.720] [info] [thread 28368] audio.nb_samples=1024, channels=2, channel_layout=stereo, format=8, sample_rate=44100
[2026-03-19 12:11:11.720] [info] [thread 28368] audio frame data pointers: data[0]=0x21914279380, data[1]=0x2191427b580
[2026-03-19 12:11:11.745] [info] [thread 31788] read_thread loop: ret=0, pkt->stream_index=0, audioq.size=25162, videoq.size=259444, eof=0
[2026-03-19 12:11:11.745] [info] [thread 31788] audio_stream: 1, video_stream: 0
[2026-03-19 12:11:11.770] [info] [thread 28368] audio.nb_samples=1024, channels=2, channel_layout=stereo, format=8, sample_rate=44100
[2026-03-19 12:11:11.770] [info] [thread 28368] audio frame data pointers: data[0]=0x21914281bc0, data[1]=0x21914283dc0
[2026-03-19 12:11:11.776] [info] [thread 31788] read_thread loop: ret=0, pkt->stream_index=1, audioq.size=24698, videoq.size=263173, eof=0
[2026-03-19 12:11:11.777] [info] [thread 31788] audio_stream: 1, video_stream: 0
[2026-03-19 12:11:11.777] [info] [thread 31788] audio packet pts: 1001472, audio_pkt_size=364
[2026-03-19 12:11:11.777] [info] [thread 31788] read_thread loop: ret=0, pkt->stream_index=0, audioq.size=25182, videoq.size=263173, eof=0
[2026-03-19 12:11:11.778] [info] [thread 31788] audio_stream: 1, video_stream: 0
[2026-03-19 12:11:11.810] [info] [thread 31788] read_thread loop: ret=0, pkt->stream_index=1, audioq.size=25182, videoq.size=265036, eof=0
[2026-03-19 12:11:11.811] [info] [thread 31788] audio_stream: 1, video_stream: 0
[2026-03-19 12:11:11.811] [info] [thread 31788] audio packet pts: 1002496, audio_pkt_size=330
[2026-03-19 12:11:11.811] [info] [thread 31788] read_thread loop: ret=0, pkt->stream_index=0, audioq.size=25632, videoq.size=265036, eof=0
[2026-03-19 12:11:11.811] [info] [thread 31788] audio_stream: 1, video_stream: 0
[2026-03-19 12:11:11.820] [info] [thread 28368] audio.nb_samples=1024, channels=2, channel_layout=stereo, format=8, sample_rate=44100
[2026-03-19 12:11:11.820] [info] [thread 28368] audio frame data pointers: data[0]=0x2191427d780, data[1]=0x21914285fc0
[2026-03-19 12:11:11.833] [info] [thread 31788] read_thread loop: ret=0, pkt->stream_index=1, audioq.size=25160, videoq.size=277647, eof=0
[2026-03-19 12:11:11.834] [info] [thread 31788] audio_stream: 1, video_stream: 0
[2026-03-19 12:11:11.834] [info] [thread 31788] audio packet pts: 1003520, audio_pkt_size=346
[2026-03-19 12:11:11.835] [info] [thread 31788] read_thread loop: ret=0, pkt->stream_index=0, audioq.size=25626, videoq.size=277647, eof=0
[2026-03-19 12:11:11.835] [info] [thread 31788] audio_stream: 1, video_stream: 0
[2026-03-19 12:11:11.860] [info] [thread 28368] audio.nb_samples=1024, channels=2, channel_layout=stereo, format=8, sample_rate=44100
[2026-03-19 12:11:11.860] [info] [thread 28368] audio frame data pointers: data[0]=0x219142881c0, data[1]=0x2191428c600
[2026-03-19 12:11:11.867] [info] [thread 31788] read_thread loop: ret=0, pkt->stream_index=0, audioq.size=25138, videoq.size=282895, eof=0
[2026-03-19 12:11:11.868] [info] [thread 31788] audio_stream: 1, video_stream: 0
[2026-03-19 12:11:11.899] [info] [thread 31788] read_thread loop: ret=0, pkt->stream_index=1, audioq.size=25138, videoq.size=285405, eof=0
[2026-03-19 12:11:11.900] [info] [thread 31788] audio_stream: 1, video_stream: 0
[2026-03-19 12:11:11.901] [info] [thread 31788] audio packet pts: 1004544, audio_pkt_size=335
[2026-03-19 12:11:11.901] [info] [thread 31788] read_thread loop: ret=0, pkt->stream_index=0, audioq.size=25593, videoq.size=285405, eof=0
[2026-03-19 12:11:11.902] [info] [thread 31788] audio_stream: 1, video_stream: 0
[2026-03-19 12:11:11.910] [info] [thread 28368] audio.nb_samples=1024, channels=2, channel_layout=stereo, format=8, sample_rate=44100
[2026-03-19 12:11:11.910] [info] [thread 28368] audio frame data pointers: data[0]=0x2191428a400, data[1]=0x21914290a00
[2026-03-19 12:11:11.933] [info] [thread 31788] read_thread loop: ret=0, pkt->stream_index=1, audioq.size=25123, videoq.size=288738, eof=0
[2026-03-19 12:11:11.934] [info] [thread 31788] audio_stream: 1, video_stream: 0
[2026-03-19 12:11:11.934] [info] [thread 31788] audio packet pts: 1005568, audio_pkt_size=360
[2026-03-19 12:11:11.935] [info] [thread 31788] read_thread loop: ret=0, pkt->stream_index=0, audioq.size=25603, videoq.size=288738, eof=0
[2026-03-19 12:11:11.935] [info] [thread 31788] audio_stream: 1, video_stream: 0
[2026-03-19 12:11:11.960] [info] [thread 28368] audio.nb_samples=1024, channels=2, channel_layout=stereo, format=8, sample_rate=44100
[2026-03-19 12:11:11.960] [info] [thread 28368] audio frame data pointers: data[0]=0x2191478a0c0, data[1]=0x21914788040
[2026-03-19 12:11:11.966] [info] [thread 31788] read_thread loop: ret=0, pkt->stream_index=0, audioq.size=25123, videoq.size=293892, eof=0
[2026-03-19 12:11:11.967] [info] [thread 31788] audio_stream: 1, video_stream: 0
[2026-03-19 12:11:12.000] [info] [thread 28368] audio.nb_samples=1024, channels=2, channel_layout=stereo, format=8, sample_rate=44100
[2026-03-19 12:11:12.000] [info] [thread 28368] audio frame data pointers: data[0]=0x21916f92a00, data[1]=0x21916b27480
[2026-03-19 12:11:12.009] [info] [thread 31788] read_thread loop: ret=0, pkt->stream_index=1, audioq.size=24601, videoq.size=300098, eof=0
[2026-03-19 12:11:12.010] [info] [thread 31788] audio_stream: 1, video_stream: 0
[2026-03-19 12:11:12.010] [info] [thread 31788] audio packet pts: 1006592, audio_pkt_size=362
[2026-03-19 12:11:12.010] [info] [thread 31788] read_thread loop: ret=0, pkt->stream_index=0, audioq.size=25083, videoq.size=300098, eof=0
[2026-03-19 12:11:12.011] [info] [thread 31788] audio_stream: 1, video_stream: 0
[2026-03-19 12:11:12.043] [info] [thread 31788] read_thread loop: ret=0, pkt->stream_index=1, audioq.size=25083, videoq.size=303386, eof=0
[2026-03-19 12:11:12.043] [info] [thread 31788] audio_stream: 1, video_stream: 0
[2026-03-19 12:11:12.044] [info] [thread 31788] audio packet pts: 1007616, audio_pkt_size=351
[2026-03-19 12:11:12.044] [info] [thread 31788] read_thread loop: ret=0, pkt->stream_index=0, audioq.size=25554, videoq.size=303386, eof=0
[2026-03-19 12:11:12.045] [info] [thread 31788] audio_stream: 1, video_stream: 0
[2026-03-19 12:11:12.050] [info] [thread 28368] audio.nb_samples=1024, channels=2, channel_layout=stereo, format=8, sample_rate=44100
[2026-03-19 12:11:12.050] [info] [thread 28368] audio frame data pointers: data[0]=0x21916f9b500, data[1]=0x21916f96e40
[2026-03-19 12:11:12.075] [info] [thread 31788] read_thread loop: ret=0, pkt->stream_index=1, audioq.size=24984, videoq.size=307812, eof=0
[2026-03-19 12:11:12.076] [info] [thread 31788] audio_stream: 1, video_stream: 0
[2026-03-19 12:11:12.077] [info] [thread 31788] audio packet pts: 1008640, audio_pkt_size=364
[2026-03-19 12:11:12.077] [info] [thread 31788] read_thread loop: ret=0, pkt->stream_index=0, audioq.size=25468, videoq.size=307812, eof=0
[2026-03-19 12:11:12.077] [info] [thread 31788] audio_stream: 1, video_stream: 0
[2026-03-19 12:11:12.090] [info] [thread 28368] audio.nb_samples=1024, channels=2, channel_layout=stereo, format=8, sample_rate=44100
[2026-03-19 12:11:12.090] [info] [thread 28368] audio frame data pointers: data[0]=0x21916f98e80, data[1]=0x21916a5bb00
[2026-03-19 12:11:12.098] [info] [thread 31788] read_thread loop: ret=0, pkt->stream_index=0, audioq.size=24948, videoq.size=312568, eof=0
[2026-03-19 12:11:12.099] [info] [thread 31788] audio_stream: 1, video_stream: 0
[2026-03-19 12:11:12.130] [info] [thread 31788] read_thread loop: ret=0, pkt->stream_index=1, audioq.size=24948, videoq.size=318608, eof=0
[2026-03-19 12:11:12.130] [info] [thread 31788] audio_stream: 1, video_stream: 0
[2026-03-19 12:11:12.131] [info] [thread 31788] audio packet pts: 1009664, audio_pkt_size=357
[2026-03-19 12:11:12.131] [info] [thread 31788] read_thread loop: ret=0, pkt->stream_index=0, audioq.size=25425, videoq.size=318608, eof=0
[2026-03-19 12:11:12.132] [info] [thread 31788] audio_stream: 1, video_stream: 0
[2026-03-19 12:11:12.140] [info] [thread 28368] audio.nb_samples=1024, channels=2, channel_layout=stereo, format=8, sample_rate=44100
[2026-03-19 12:11:12.140] [info] [thread 28368] audio frame data pointers: data[0]=0x2191427f980, data[1]=0x21916a5db80
[2026-03-19 12:11:12.163] [info] [thread 31788] read_thread loop: ret=0, pkt->stream_index=1, audioq.size=24904, videoq.size=322564, eof=0
[2026-03-19 12:11:12.164] [info] [thread 31788] audio_stream: 1, video_stream: 0
[2026-03-19 12:11:12.164] [info] [thread 31788] audio packet pts: 1010688, audio_pkt_size=360
[2026-03-19 12:11:12.165] [info] [thread 31788] read_thread loop: ret=0, pkt->stream_index=0, audioq.size=25384, videoq.size=322564, eof=0
[2026-03-19 12:11:12.165] [info] [thread 31788] audio_stream: 1, video_stream: 0
[2026-03-19 12:11:12.190] [info] [thread 28368] audio.nb_samples=1024, channels=2, channel_layout=stereo, format=8, sample_rate=44100
[2026-03-19 12:11:12.190] [info] [thread 28368] audio frame data pointers: data[0]=0x2191427b580, data[1]=0x21914279380
[2026-03-19 12:11:12.197] [info] [thread 31788] read_thread loop: ret=0, pkt->stream_index=0, audioq.size=24911, videoq.size=325263, eof=0
[2026-03-19 12:11:12.197] [info] [thread 31788] audio_stream: 1, video_stream: 0
[2026-03-19 12:11:12.229] [info] [thread 31788] read_thread loop: ret=0, pkt->stream_index=1, audioq.size=24911, videoq.size=335240, eof=0
[2026-03-19 12:11:12.230] [info] [thread 31788] audio_stream: 1, video_stream: 0
[2026-03-19 12:11:12.230] [info] [thread 28368] audio.nb_samples=1024, channels=2, channel_layout=stereo, format=8, sample_rate=44100
[2026-03-19 12:11:12.230] [info] [thread 28368] audio frame data pointers: data[0]=0x21914283dc0, data[1]=0x21914281bc0
[2026-03-19 12:11:12.230] [info] [thread 31788] audio packet pts: 1011712, audio_pkt_size=361
[2026-03-19 12:11:12.231] [info] [thread 31788] read_thread loop: ret=0, pkt->stream_index=0, audioq.size=24933, videoq.size=335240, eof=0
[2026-03-19 12:11:12.231] [info] [thread 31788] audio_stream: 1, video_stream: 0
[2026-03-19 12:11:12.262] [info] [thread 31788] read_thread loop: ret=0, pkt->stream_index=1, audioq.size=24933, videoq.size=339873, eof=0
[2026-03-19 12:11:12.263] [info] [thread 31788] audio_stream: 1, video_stream: 0
[2026-03-19 12:11:12.264] [info] [thread 31788] audio packet pts: 1012736, audio_pkt_size=366
[2026-03-19 12:11:12.264] [info] [thread 31788] read_thread loop: ret=0, pkt->stream_index=0, audioq.size=25419, videoq.size=339873, eof=0
[2026-03-19 12:11:12.264] [info] [thread 31788] audio_stream: 1, video_stream: 0
[2026-03-19 12:11:12.280] [info] [thread 28368] audio.nb_samples=1024, channels=2, channel_layout=stereo, format=8, sample_rate=44100
[2026-03-19 12:11:12.280] [info] [thread 28368] audio frame data pointers: data[0]=0x21914285fc0, data[1]=0x2191427d780
[2026-03-19 12:11:12.307] [info] [thread 31788] read_thread loop: ret=0, pkt->stream_index=1, audioq.size=24960, videoq.size=342390, eof=0
[2026-03-19 12:11:12.307] [info] [thread 31788] audio_stream: 1, video_stream: 0
[2026-03-19 12:11:12.308] [info] [thread 31788] audio packet pts: 1013760, audio_pkt_size=393
[2026-03-19 12:11:12.308] [info] [thread 31788] read_thread loop: ret=0, pkt->stream_index=0, audioq.size=25473, videoq.size=342390, eof=0
[2026-03-19 12:11:12.308] [info] [thread 31788] audio_stream: 1, video_stream: 0
[2026-03-19 12:11:12.330] [info] [thread 28368] audio.nb_samples=1024, channels=2, channel_layout=stereo, format=8, sample_rate=44100
[2026-03-19 12:11:12.330] [info] [thread 28368] audio frame data pointers: data[0]=0x2191428c600, data[1]=0x219142881c0
[2026-03-19 12:11:12.331] [info] [thread 31788] read_thread loop: ret=0, pkt->stream_index=0, audioq.size=25008, videoq.size=345108, eof=0
[2026-03-19 12:11:12.332] [info] [thread 31788] audio_stream: 1, video_stream: 0
[2026-03-19 12:11:12.363] [info] [thread 31788] read_thread loop: ret=0, pkt->stream_index=1, audioq.size=25008, videoq.size=356115, eof=0
[2026-03-19 12:11:12.364] [info] [thread 31788] audio_stream: 1, video_stream: 0
[2026-03-19 12:11:12.365] [info] [thread 31788] audio packet pts: 1014784, audio_pkt_size=375
[2026-03-19 12:11:12.365] [info] [thread 31788] read_thread loop: ret=0, pkt->stream_index=0, audioq.size=25503, videoq.size=356115, eof=0
[2026-03-19 12:11:12.366] [info] [thread 31788] audio_stream: 1, video_stream: 0
[2026-03-19 12:11:12.370] [info] [thread 28368] audio.nb_samples=1024, channels=2, channel_layout=stereo, format=8, sample_rate=44100
[2026-03-19 12:11:12.370] [info] [thread 28368] audio frame data pointers: data[0]=0x21914290a00, data[1]=0x2191428a400
[2026-03-19 12:11:12.397] [info] [thread 31788] read_thread loop: ret=0, pkt->stream_index=1, audioq.size=25030, videoq.size=359684, eof=0
[2026-03-19 12:11:12.398] [info] [thread 31788] audio_stream: 1, video_stream: 0
[2026-03-19 12:11:12.399] [info] [thread 31788] audio packet pts: 1015808, audio_pkt_size=384
[2026-03-19 12:11:12.399] [info] [thread 31788] read_thread loop: ret=0, pkt->stream_index=0, audioq.size=25534, videoq.size=359684, eof=0
[2026-03-19 12:11:12.400] [info] [thread 31788] audio_stream: 1, video_stream: 0
[2026-03-19 12:11:12.420] [info] [thread 28368] audio.nb_samples=1024, channels=2, channel_layout=stereo, format=8, sample_rate=44100
[2026-03-19 12:11:12.420] [info] [thread 28368] audio frame data pointers: data[0]=0x21914788040, data[1]=0x2191478a0c0
[2026-03-19 12:11:12.433] [info] [thread 31788] read_thread loop: ret=0, pkt->stream_index=0, audioq.size=25079, videoq.size=361960, eof=0
[2026-03-19 12:11:12.434] [info] [thread 31788] audio_stream: 1, video_stream: 0
[2026-03-19 12:11:12.470] [info] [thread 28368] audio.nb_samples=1024, channels=2, channel_layout=stereo, format=8, sample_rate=44100
[2026-03-19 12:11:12.470] [info] [thread 28368] audio frame data pointers: data[0]=0x21916b27480, data[1]=0x21916f92a00
[2026-03-19 12:11:12.480] [info] [thread 31788] read_thread loop: ret=0, pkt->stream_index=1, audioq.size=24618, videoq.size=364179, eof=0
[2026-03-19 12:11:12.480] [info] [thread 31788] audio_stream: 1, video_stream: 0
[2026-03-19 12:11:12.481] [info] [thread 31788] audio packet pts: 1016832, audio_pkt_size=390
[2026-03-19 12:11:12.481] [info] [thread 31788] read_thread loop: ret=0, pkt->stream_index=0, audioq.size=25128, videoq.size=364179, eof=0
[2026-03-19 12:11:12.482] [info] [thread 31788] audio_stream: 1, video_stream: 0
[2026-03-19 12:11:12.503] [info] [thread 31788] read_thread loop: ret=0, pkt->stream_index=1, audioq.size=25128, videoq.size=378589, eof=0
[2026-03-19 12:11:12.504] [info] [thread 31788] audio_stream: 1, video_stream: 0
[2026-03-19 12:11:12.505] [info] [thread 31788] audio packet pts: 1017856, audio_pkt_size=361
[2026-03-19 12:11:12.505] [info] [thread 31788] read_thread loop: ret=0, pkt->stream_index=0, audioq.size=25609, videoq.size=378589, eof=0
[2026-03-19 12:11:12.505] [info] [thread 31788] audio_stream: 1, video_stream: 0
[2026-03-19 12:11:12.510] [info] [thread 28368] audio.nb_samples=1024, channels=2, channel_layout=stereo, format=8, sample_rate=44100
[2026-03-19 12:11:12.510] [info] [thread 28368] audio frame data pointers: data[0]=0x21916f96e40, data[1]=0x21916f9b500
[2026-03-19 12:11:12.537] [info] [thread 31788] read_thread loop: ret=0, pkt->stream_index=1, audioq.size=25136, videoq.size=383254, eof=0
[2026-03-19 12:11:12.537] [info] [thread 31788] audio_stream: 1, video_stream: 0
[2026-03-19 12:11:12.538] [info] [thread 31788] audio packet pts: 1018880, audio_pkt_size=363
[2026-03-19 12:11:12.538] [info] [thread 31788] read_thread loop: ret=0, pkt->stream_index=0, audioq.size=25619, videoq.size=383254, eof=0
[2026-03-19 12:11:12.539] [info] [thread 31788] audio_stream: 1, video_stream: 0
[2026-03-19 12:11:12.560] [info] [thread 28368] audio.nb_samples=1024, channels=2, channel_layout=stereo, format=8, sample_rate=44100
[2026-03-19 12:11:12.560] [info] [thread 28368] audio frame data pointers: data[0]=0x21916a5bb00, data[1]=0x21916f98e80
[2026-03-19 12:11:12.561] [info] [thread 31788] read_thread loop: ret=0, pkt->stream_index=0, audioq.size=25137, videoq.size=385678, eof=0
[2026-03-19 12:11:12.561] [info] [thread 31788] audio_stream: 1, video_stream: 0
[2026-03-19 12:11:12.602] [info] [thread 31788] read_thread loop: ret=0, pkt->stream_index=1, audioq.size=25137, videoq.size=389192, eof=0
[2026-03-19 12:11:12.603] [info] [thread 31788] audio_stream: 1, video_stream: 0
[2026-03-19 12:11:12.603] [info] [thread 31788] audio packet pts: 1019904, audio_pkt_size=365
[2026-03-19 12:11:12.603] [info] [thread 31788] read_thread loop: ret=0, pkt->stream_index=0, audioq.size=25622, videoq.size=389192, eof=0
[2026-03-19 12:11:12.604] [info] [thread 31788] audio_stream: 1, video_stream: 0
[2026-03-19 12:11:12.610] [info] [thread 28368] audio.nb_samples=1024, channels=2, channel_layout=stereo, format=8, sample_rate=44100
[2026-03-19 12:11:12.610] [info] [thread 28368] audio frame data pointers: data[0]=0x21916a5db80, data[1]=0x2191427f980
[2026-03-19 12:11:12.634] [info] [thread 31788] read_thread loop: ret=0, pkt->stream_index=1, audioq.size=25150, videoq.size=402571, eof=0
[2026-03-19 12:11:12.635] [info] [thread 31788] audio_stream: 1, video_stream: 0
[2026-03-19 12:11:12.635] [info] [thread 31788] audio packet pts: 1020928, audio_pkt_size=360
[2026-03-19 12:11:12.637] [info] [thread 31788] read_thread loop: ret=0, pkt->stream_index=0, audioq.size=25630, videoq.size=402571, eof=0
[2026-03-19 12:11:12.637] [info] [thread 31788] audio_stream: 1, video_stream: 0
[2026-03-19 12:11:12.650] [info] [thread 28368] audio.nb_samples=1024, channels=2, channel_layout=stereo, format=8, sample_rate=44100
[2026-03-19 12:11:12.650] [info] [thread 28368] audio frame data pointers: data[0]=0x21914279380, data[1]=0x2191427b580
[2026-03-19 12:11:12.668] [info] [thread 31788] read_thread loop: ret=0, pkt->stream_index=0, audioq.size=25151, videoq.size=407657, eof=0
[2026-03-19 12:11:12.669] [info] [thread 31788] audio_stream: 1, video_stream: 0
[2026-03-19 12:11:12.700] [info] [thread 28368] audio.nb_samples=1024, channels=2, channel_layout=stereo, format=8, sample_rate=44100
[2026-03-19 12:11:12.700] [info] [thread 28368] audio frame data pointers: data[0]=0x21914281bc0, data[1]=0x21914283dc0
[2026-03-19 12:11:12.711] [info] [thread 31788] read_thread loop: ret=0, pkt->stream_index=1, audioq.size=24667, videoq.size=410553, eof=0
[2026-03-19 12:11:12.712] [info] [thread 31788] audio_stream: 1, video_stream: 0
[2026-03-19 12:11:12.713] [info] [thread 31788] audio packet pts: 1021952, audio_pkt_size=365
[2026-03-19 12:11:12.713] [info] [thread 31788] read_thread loop: ret=0, pkt->stream_index=0, audioq.size=25152, videoq.size=410553, eof=0
[2026-03-19 12:11:12.714] [info] [thread 31788] audio_stream: 1, video_stream: 0
[2026-03-19 12:11:12.740] [info] [thread 28368] audio.nb_samples=1024, channels=2, channel_layout=stereo, format=8, sample_rate=44100
[2026-03-19 12:11:12.740] [info] [thread 28368] audio frame data pointers: data[0]=0x2191427d780, data[1]=0x21914285fc0
[2026-03-19 12:11:12.747] [info] [thread 31788] read_thread loop: ret=0, pkt->stream_index=1, audioq.size=24664, videoq.size=413989, eof=0
[2026-03-19 12:11:12.748] [info] [thread 31788] audio_stream: 1, video_stream: 0
[2026-03-19 12:11:12.748] [info] [thread 31788] audio packet pts: 1022976, audio_pkt_size=363
[2026-03-19 12:11:12.748] [info] [thread 31788] read_thread loop: ret=0, pkt->stream_index=0, audioq.size=25147, videoq.size=413989, eof=0
[2026-03-19 12:11:12.749] [info] [thread 31788] audio_stream: 1, video_stream: 0
[2026-03-19 12:11:12.769] [info] [thread 31788] read_thread loop: ret=0, pkt->stream_index=1, audioq.size=25147, videoq.size=421013, eof=0
[2026-03-19 12:11:12.769] [info] [thread 31788] audio_stream: 1, video_stream: 0
[2026-03-19 12:11:12.770] [info] [thread 31788] audio packet pts: 1024000, audio_pkt_size=361
[2026-03-19 12:11:12.770] [info] [thread 31788] read_thread loop: ret=0, pkt->stream_index=0, audioq.size=25628, videoq.size=421013, eof=0
[2026-03-19 12:11:12.771] [info] [thread 31788] audio_stream: 1, video_stream: 0
[2026-03-19 12:11:12.790] [info] [thread 28368] audio.nb_samples=1024, channels=2, channel_layout=stereo, format=8, sample_rate=44100
[2026-03-19 12:11:12.790] [info] [thread 28368] audio frame data pointers: data[0]=0x219142881c0, data[1]=0x2191428c600
[2026-03-19 12:11:12.801] [info] [thread 31788] read_thread loop: ret=0, pkt->stream_index=0, audioq.size=25140, videoq.size=424543, eof=0
[2026-03-19 12:11:12.802] [info] [thread 31788] audio_stream: 1, video_stream: 0
[2026-03-19 12:11:12.835] [info] [thread 31788] read_thread loop: ret=0, pkt->stream_index=1, audioq.size=25140, videoq.size=427271, eof=0
[2026-03-19 12:11:12.835] [info] [thread 31788] audio_stream: 1, video_stream: 0
[2026-03-19 12:11:12.836] [info] [thread 31788] audio packet pts: 1025024, audio_pkt_size=431
[2026-03-19 12:11:12.836] [info] [thread 31788] read_thread loop: ret=0, pkt->stream_index=0, audioq.size=25691, videoq.size=427271, eof=0
[2026-03-19 12:11:12.837] [info] [thread 31788] audio_stream: 1, video_stream: 0
[2026-03-19 12:11:12.840] [info] [thread 28368] audio.nb_samples=1024, channels=2, channel_layout=stereo, format=8, sample_rate=44100
[2026-03-19 12:11:12.840] [info] [thread 28368] audio frame data pointers: data[0]=0x2191428a400, data[1]=0x21914290a00
[2026-03-19 12:11:12.869] [info] [thread 31788] read_thread loop: ret=0, pkt->stream_index=1, audioq.size=25165, videoq.size=429166, eof=0
[2026-03-19 12:11:12.869] [info] [thread 31788] audio_stream: 1, video_stream: 0
[2026-03-19 12:11:12.870] [info] [thread 31788] audio packet pts: 1026048, audio_pkt_size=331
[2026-03-19 12:11:12.870] [info] [thread 31788] read_thread loop: ret=0, pkt->stream_index=0, audioq.size=25616, videoq.size=429166, eof=0
[2026-03-19 12:11:12.870] [info] [thread 31788] audio_stream: 1, video_stream: 0
[2026-03-19 12:11:12.880] [info] [thread 28368] audio.nb_samples=1024, channels=2, channel_layout=stereo, format=8, sample_rate=44100
[2026-03-19 12:11:12.880] [info] [thread 28368] audio frame data pointers: data[0]=0x2191478a0c0, data[1]=0x21914788040
[2026-03-19 12:11:12.902] [info] [thread 31788] read_thread loop: ret=0, pkt->stream_index=1, audioq.size=25135, videoq.size=437917, eof=0
[2026-03-19 12:11:12.903] [info] [thread 31788] audio_stream: 1, video_stream: 0
[2026-03-19 12:11:12.903] [info] [thread 31788] audio packet pts: 1027072, audio_pkt_size=346
[2026-03-19 12:11:12.904] [info] [thread 31788] read_thread loop: ret=0, pkt->stream_index=0, audioq.size=25601, videoq.size=437917, eof=0
[2026-03-19 12:11:12.904] [info] [thread 31788] audio_stream: 1, video_stream: 0
[2026-03-19 12:11:12.930] [info] [thread 28368] audio.nb_samples=1024, channels=2, channel_layout=stereo, format=8, sample_rate=44100
[2026-03-19 12:11:12.930] [info] [thread 28368] audio frame data pointers: data[0]=0x21916f92a00, data[1]=0x21916b27480
[2026-03-19 12:11:12.935] [info] [thread 31788] read_thread loop: ret=0, pkt->stream_index=0, audioq.size=25116, videoq.size=442242, eof=0
[2026-03-19 12:11:12.935] [info] [thread 31788] audio_stream: 1, video_stream: 0
[2026-03-19 12:11:12.967] [info] [thread 31788] read_thread loop: ret=0, pkt->stream_index=1, audioq.size=25116, videoq.size=444993, eof=0
[2026-03-19 12:11:12.968] [info] [thread 31788] audio_stream: 1, video_stream: 0
[2026-03-19 12:11:12.968] [info] [thread 31788] audio packet pts: 1028096, audio_pkt_size=387
[2026-03-19 12:11:12.969] [info] [thread 31788] read_thread loop: ret=0, pkt->stream_index=0, audioq.size=25623, videoq.size=444993, eof=0
[2026-03-19 12:11:12.969] [info] [thread 31788] audio_stream: 1, video_stream: 0
[2026-03-19 12:11:12.980] [info] [thread 28368] audio.nb_samples=1024, channels=2, channel_layout=stereo, format=8, sample_rate=44100
[2026-03-19 12:11:12.981] [info] [thread 28368] audio frame data pointers: data[0]=0x21916f9b500, data[1]=0x21916f96e40
[2026-03-19 12:11:13.013] [info] [thread 31788] read_thread loop: ret=0, pkt->stream_index=1, audioq.size=25129, videoq.size=447943, eof=0
[2026-03-19 12:11:13.014] [info] [thread 31788] audio_stream: 1, video_stream: 0
[2026-03-19 12:11:13.014] [info] [thread 31788] audio packet pts: 1029120, audio_pkt_size=370
[2026-03-19 12:11:13.014] [info] [thread 31788] read_thread loop: ret=0, pkt->stream_index=0, audioq.size=25619, videoq.size=447943, eof=0
[2026-03-19 12:11:13.015] [info] [thread 31788] audio_stream: 1, video_stream: 0
[2026-03-19 12:11:13.020] [info] [thread 28368] audio.nb_samples=1024, channels=2, channel_layout=stereo, format=8, sample_rate=44100
[2026-03-19 12:11:13.020] [info] [thread 28368] audio frame data pointers: data[0]=0x21916f98e80, data[1]=0x21916a5bb00
[2026-03-19 12:11:13.037] [info] [thread 31788] read_thread loop: ret=0, pkt->stream_index=0, audioq.size=25107, videoq.size=461914, eof=0
[2026-03-19 12:11:13.037] [info] [thread 31788] audio_stream: 1, video_stream: 0
[2026-03-19 12:11:13.067] [info] [thread 31788] read_thread loop: ret=0, pkt->stream_index=1, audioq.size=25107, videoq.size=467381, eof=0
[2026-03-19 12:11:13.067] [info] [thread 31788] audio_stream: 1, video_stream: 0
[2026-03-19 12:11:13.068] [info] [thread 31788] audio packet pts: 1030144, audio_pkt_size=379
[2026-03-19 12:11:13.068] [info] [thread 31788] read_thread loop: ret=0, pkt->stream_index=0, audioq.size=25606, videoq.size=467381, eof=0
[2026-03-19 12:11:13.068] [info] [thread 31788] audio_stream: 1, video_stream: 0
[2026-03-19 12:11:13.070] [info] [thread 28368] audio.nb_samples=1024, channels=2, channel_layout=stereo, format=8, sample_rate=44100
[2026-03-19 12:11:13.070] [info] [thread 28368] audio frame data pointers: data[0]=0x2191427f980, data[1]=0x21916a5db80
[2026-03-19 12:11:13.100] [info] [thread 31788] read_thread loop: ret=0, pkt->stream_index=1, audioq.size=25106, videoq.size=471595, eof=0
[2026-03-19 12:11:13.101] [info] [thread 31788] audio_stream: 1, video_stream: 0
[2026-03-19 12:11:13.101] [info] [thread 31788] audio packet pts: 1031168, audio_pkt_size=371
[2026-03-19 12:11:13.102] [info] [thread 31788] read_thread loop: ret=0, pkt->stream_index=0, audioq.size=25597, videoq.size=471595, eof=0
[2026-03-19 12:11:13.102] [info] [thread 31788] audio_stream: 1, video_stream: 0
[2026-03-19 12:11:13.120] [info] [thread 28368] audio.nb_samples=1024, channels=2, channel_layout=stereo, format=8, sample_rate=44100
[2026-03-19 12:11:13.120] [info] [thread 28368] audio frame data pointers: data[0]=0x2191427b580, data[1]=0x21914279380
[2026-03-19 12:11:13.134] [info] [thread 31788] read_thread loop: ret=0, pkt->stream_index=1, audioq.size=25113, videoq.size=475075, eof=0
[2026-03-19 12:11:13.134] [info] [thread 31788] audio_stream: 1, video_stream: 0
[2026-03-19 12:11:13.135] [info] [thread 31788] audio packet pts: 1032192, audio_pkt_size=359
[2026-03-19 12:11:13.135] [info] [thread 31788] read_thread loop: ret=0, pkt->stream_index=0, audioq.size=25592, videoq.size=475075, eof=0
[2026-03-19 12:11:13.135] [info] [thread 31788] audio_stream: 1, video_stream: 0
[2026-03-19 12:11:13.160] [info] [thread 28368] audio.nb_samples=1024, channels=2, channel_layout=stereo, format=8, sample_rate=44100
[2026-03-19 12:11:13.160] [info] [thread 28368] audio frame data pointers: data[0]=0x21914283dc0, data[1]=0x21914281bc0
[2026-03-19 12:11:13.166] [info] [thread 31788] read_thread loop: ret=0, pkt->stream_index=0, audioq.size=25112, videoq.size=484244, eof=0
[2026-03-19 12:11:13.166] [info] [thread 31788] audio_stream: 1, video_stream: 0
[2026-03-19 12:11:13.197] [info] [thread 31788] read_thread loop: ret=0, pkt->stream_index=1, audioq.size=25112, videoq.size=488028, eof=0
[2026-03-19 12:11:13.198] [info] [thread 31788] audio_stream: 1, video_stream: 0
[2026-03-19 12:11:13.198] [info] [thread 31788] audio packet pts: 1033216, audio_pkt_size=365
[2026-03-19 12:11:13.199] [info] [thread 31788] read_thread loop: ret=0, pkt->stream_index=0, audioq.size=25597, videoq.size=488028, eof=0
[2026-03-19 12:11:13.199] [info] [thread 31788] audio_stream: 1, video_stream: 0
[2026-03-19 12:11:13.210] [info] [thread 28368] audio.nb_samples=1024, channels=2, channel_layout=stereo, format=8, sample_rate=44100
[2026-03-19 12:11:13.210] [info] [thread 28368] audio frame data pointers: data[0]=0x21914285fc0, data[1]=0x2191427d780
[2026-03-19 12:11:13.231] [info] [thread 31788] read_thread loop: ret=0, pkt->stream_index=1, audioq.size=25094, videoq.size=490802, eof=0
[2026-03-19 12:11:13.231] [info] [thread 31788] audio_stream: 1, video_stream: 0
[2026-03-19 12:11:13.232] [info] [thread 31788] audio packet pts: 1034240, audio_pkt_size=402
[2026-03-19 12:11:13.232] [info] [thread 31788] read_thread loop: ret=0, pkt->stream_index=0, audioq.size=25616, videoq.size=490802, eof=0
[2026-03-19 12:11:13.233] [info] [thread 31788] audio_stream: 1, video_stream: 0
[2026-03-19 12:11:13.260] [info] [thread 28368] audio.nb_samples=1024, channels=2, channel_layout=stereo, format=8, sample_rate=44100
[2026-03-19 12:11:13.260] [info] [thread 28368] audio frame data pointers: data[0]=0x2191428c600, data[1]=0x219142881c0
[2026-03-19 12:11:13.275] [info] [thread 31788] read_thread loop: ret=0, pkt->stream_index=0, audioq.size=25117, videoq.size=493326, eof=0
[2026-03-19 12:11:13.276] [info] [thread 31788] audio_stream: 1, video_stream: 0
[2026-03-19 12:11:13.300] [info] [thread 28368] audio.nb_samples=1024, channels=2, channel_layout=stereo, format=8, sample_rate=44100
[2026-03-19 12:11:13.300] [info] [thread 28368] audio frame data pointers: data[0]=0x21914290a00, data[1]=0x2191428a400
[2026-03-19 12:11:13.306] [info] [thread 31788] read_thread loop: ret=0, pkt->stream_index=1, audioq.size=24583, videoq.size=500352, eof=0
[2026-03-19 12:11:13.307] [info] [thread 31788] audio_stream: 1, video_stream: 0
[2026-03-19 12:11:13.307] [info] [thread 31788] audio packet pts: 1035264, audio_pkt_size=442
[2026-03-19 12:11:13.308] [info] [thread 31788] read_thread loop: ret=0, pkt->stream_index=0, audioq.size=25145, videoq.size=500352, eof=0
[2026-03-19 12:11:13.308] [info] [thread 31788] audio_stream: 1, video_stream: 0
[2026-03-19 12:11:13.340] [info] [thread 31788] read_thread loop: ret=0, pkt->stream_index=1, audioq.size=25145, videoq.size=503419, eof=0
[2026-03-19 12:11:13.340] [info] [thread 31788] audio_stream: 1, video_stream: 0
[2026-03-19 12:11:13.341] [info] [thread 31788] audio packet pts: 1036288, audio_pkt_size=435
[2026-03-19 12:11:13.342] [info] [thread 31788] read_thread loop: ret=0, pkt->stream_index=0, audioq.size=25700, videoq.size=503419, eof=0
[2026-03-19 12:11:13.342] [info] [thread 31788] audio_stream: 1, video_stream: 0
[2026-03-19 12:11:13.350] [info] [thread 28368] audio.nb_samples=1024, channels=2, channel_layout=stereo, format=8, sample_rate=44100
[2026-03-19 12:11:13.350] [info] [thread 28368] audio frame data pointers: data[0]=0x21914788040, data[1]=0x2191478a0c0
[2026-03-19 12:11:13.373] [info] [thread 31788] read_thread loop: ret=0, pkt->stream_index=1, audioq.size=25134, videoq.size=505277, eof=0
[2026-03-19 12:11:13.373] [info] [thread 31788] audio_stream: 1, video_stream: 0
[2026-03-19 12:11:13.373] [info] [thread 31788] audio packet pts: 1037312, audio_pkt_size=405
[2026-03-19 12:11:13.373] [info] [thread 31788] read_thread loop: ret=0, pkt->stream_index=0, audioq.size=25659, videoq.size=505277, eof=0
[2026-03-19 12:11:13.374] [info] [thread 31788] audio_stream: 1, video_stream: 0
[2026-03-19 12:11:13.390] [info] [thread 28368] audio.nb_samples=1024, channels=2, channel_layout=stereo, format=8, sample_rate=44100
[2026-03-19 12:11:13.390] [info] [thread 28368] audio frame data pointers: data[0]=0x21916b27480, data[1]=0x21916f92a00
[2026-03-19 12:11:13.395] [info] [thread 31788] read_thread loop: ret=0, pkt->stream_index=0, audioq.size=25201, videoq.size=507315, eof=0
[2026-03-19 12:11:13.396] [info] [thread 31788] audio_stream: 1, video_stream: 0
[2026-03-19 12:11:13.440] [info] [thread 28368] audio.nb_samples=1024, channels=2, channel_layout=stereo, format=8, sample_rate=44100
[2026-03-19 12:11:13.440] [info] [thread 28368] audio frame data pointers: data[0]=0x21916f96e40, data[1]=0x21916f9b500
[2026-03-19 12:11:13.448] [info] [thread 31788] read_thread loop: ret=0, pkt->stream_index=1, audioq.size=24736, videoq.size=495481, eof=0
[2026-03-19 12:11:13.448] [info] [thread 31788] audio_stream: 1, video_stream: 0
[2026-03-19 12:11:13.449] [info] [thread 31788] audio packet pts: 1038336, audio_pkt_size=359
[2026-03-19 12:11:13.449] [info] [thread 31788] read_thread loop: ret=0, pkt->stream_index=0, audioq.size=25215, videoq.size=495481, eof=0
[2026-03-19 12:11:13.450] [info] [thread 31788] audio_stream: 1, video_stream: 0
[2026-03-19 12:11:13.480] [info] [thread 31788] read_thread loop: ret=0, pkt->stream_index=1, audioq.size=25215, videoq.size=478161, eof=0
[2026-03-19 12:11:13.481] [info] [thread 31788] audio_stream: 1, video_stream: 0
[2026-03-19 12:11:13.481] [info] [thread 31788] audio packet pts: 1039360, audio_pkt_size=338
[2026-03-19 12:11:13.482] [info] [thread 31788] read_thread loop: ret=0, pkt->stream_index=0, audioq.size=25673, videoq.size=478161, eof=0
[2026-03-19 12:11:13.482] [info] [thread 31788] audio_stream: 1, video_stream: 0
[2026-03-19 12:11:13.490] [info] [thread 28368] audio.nb_samples=1024, channels=2, channel_layout=stereo, format=8, sample_rate=44100
[2026-03-19 12:11:13.490] [info] [thread 28368] audio frame data pointers: data[0]=0x21916a5bb00, data[1]=0x21916f98e80
[2026-03-19 12:11:13.504] [info] [thread 31788] read_thread loop: ret=0, pkt->stream_index=0, audioq.size=25211, videoq.size=470106, eof=0
[2026-03-19 12:11:13.504] [info] [thread 31788] audio_stream: 1, video_stream: 0
[2026-03-19 12:11:13.530] [info] [thread 28368] audio.nb_samples=1024, channels=2, channel_layout=stereo, format=8, sample_rate=44100
[2026-03-19 12:11:13.530] [info] [thread 28368] audio frame data pointers: data[0]=0x21916a5db80, data[1]=0x2191427f980
[2026-03-19 12:11:13.536] [info] [thread 31788] read_thread loop: ret=0, pkt->stream_index=1, audioq.size=24741, videoq.size=468002, eof=0
[2026-03-19 12:11:13.537] [info] [thread 31788] audio_stream: 1, video_stream: 0
[2026-03-19 12:11:13.537] [info] [thread 31788] audio packet pts: 1040384, audio_pkt_size=373
[2026-03-19 12:11:13.537] [info] [thread 31788] read_thread loop: ret=0, pkt->stream_index=0, audioq.size=25234, videoq.size=468002, eof=0
[2026-03-19 12:11:13.537] [info] [thread 31788] audio_stream: 1, video_stream: 0
[2026-03-19 12:11:13.569] [info] [thread 31788] read_thread loop: ret=0, pkt->stream_index=1, audioq.size=25234, videoq.size=477312, eof=0
[2026-03-19 12:11:13.569] [info] [thread 31788] audio_stream: 1, video_stream: 0
[2026-03-19 12:11:13.570] [info] [thread 31788] audio packet pts: 1041408, audio_pkt_size=425
[2026-03-19 12:11:13.570] [info] [thread 31788] read_thread loop: ret=0, pkt->stream_index=0, audioq.size=25779, videoq.size=477312, eof=0
[2026-03-19 12:11:13.570] [info] [thread 31788] audio_stream: 1, video_stream: 0
[2026-03-19 12:11:13.580] [info] [thread 28368] audio.nb_samples=1024, channels=2, channel_layout=stereo, format=8, sample_rate=44100
[2026-03-19 12:11:13.580] [info] [thread 28368] audio frame data pointers: data[0]=0x21914279380, data[1]=0x2191427b580
[2026-03-19 12:11:13.602] [info] [thread 31788] read_thread loop: ret=0, pkt->stream_index=1, audioq.size=25307, videoq.size=469512, eof=0
[2026-03-19 12:11:13.603] [info] [thread 31788] audio_stream: 1, video_stream: 0
[2026-03-19 12:11:13.603] [info] [thread 31788] audio packet pts: 1042432, audio_pkt_size=425
[2026-03-19 12:11:13.604] [info] [thread 31788] read_thread loop: ret=0, pkt->stream_index=0, audioq.size=25852, videoq.size=469512, eof=0
[2026-03-19 12:11:13.604] [info] [thread 31788] audio_stream: 1, video_stream: 0
[2026-03-19 12:11:13.630] [info] [thread 28368] audio.nb_samples=1024, channels=2, channel_layout=stereo, format=8, sample_rate=44100
[2026-03-19 12:11:13.630] [info] [thread 28368] audio frame data pointers: data[0]=0x21914281bc0, data[1]=0x21914283dc0
[2026-03-19 12:11:13.637] [info] [thread 31788] read_thread loop: ret=0, pkt->stream_index=0, audioq.size=25372, videoq.size=469351, eof=0
[2026-03-19 12:11:13.637] [info] [thread 31788] audio_stream: 1, video_stream: 0
[2026-03-19 12:11:13.670] [info] [thread 31788] read_thread loop: ret=0, pkt->stream_index=1, audioq.size=25372, videoq.size=455290, eof=0
[2026-03-19 12:11:13.670] [info] [thread 28368] audio.nb_samples=1024, channels=2, channel_layout=stereo, format=8, sample_rate=44100
[2026-03-19 12:11:13.670] [info] [thread 31788] audio_stream: 1, video_stream: 0
[2026-03-19 12:11:13.670] [info] [thread 28368] audio frame data pointers: data[0]=0x2191427d780, data[1]=0x21914285fc0
[2026-03-19 12:11:13.670] [info] [thread 31788] audio packet pts: 1043456, audio_pkt_size=410
[2026-03-19 12:11:13.671] [info] [thread 31788] read_thread loop: ret=0, pkt->stream_index=0, audioq.size=25417, videoq.size=455290, eof=0
[2026-03-19 12:11:13.671] [info] [thread 31788] audio_stream: 1, video_stream: 0
[2026-03-19 12:11:13.712] [info] [thread 31788] read_thread loop: ret=0, pkt->stream_index=1, audioq.size=25417, videoq.size=462932, eof=0
[2026-03-19 12:11:13.713] [info] [thread 31788] audio_stream: 1, video_stream: 0
[2026-03-19 12:11:13.713] [info] [thread 31788] audio packet pts: 1044480, audio_pkt_size=385
[2026-03-19 12:11:13.714] [info] [thread 31788] read_thread loop: ret=0, pkt->stream_index=0, audioq.size=25922, videoq.size=462932, eof=0
[2026-03-19 12:11:13.714] [info] [thread 31788] audio_stream: 1, video_stream: 0
[2026-03-19 12:11:13.720] [info] [thread 28368] audio.nb_samples=1024, channels=2, channel_layout=stereo, format=8, sample_rate=44100
[2026-03-19 12:11:13.720] [info] [thread 28368] audio frame data pointers: data[0]=0x219142881c0, data[1]=0x2191428c600
[2026-03-19 12:11:13.746] [info] [thread 31788] read_thread loop: ret=0, pkt->stream_index=0, audioq.size=25438, videoq.size=465474, eof=0
[2026-03-19 12:11:13.746] [info] [thread 31788] audio_stream: 1, video_stream: 0
[2026-03-19 12:11:13.770] [info] [thread 28368] audio.nb_samples=1024, channels=2, channel_layout=stereo, format=8, sample_rate=44100
[2026-03-19 12:11:13.770] [info] [thread 28368] audio frame data pointers: data[0]=0x2191428a400, data[1]=0x21914290a00
[2026-03-19 12:11:13.778] [info] [thread 31788] read_thread loop: ret=0, pkt->stream_index=1, audioq.size=24928, videoq.size=467199, eof=0
[2026-03-19 12:11:13.778] [info] [thread 31788] audio_stream: 1, video_stream: 0
[2026-03-19 12:11:13.779] [info] [thread 31788] audio packet pts: 1045504, audio_pkt_size=325
[2026-03-19 12:11:13.779] [info] [thread 31788] read_thread loop: ret=0, pkt->stream_index=0, audioq.size=25373, videoq.size=467199, eof=0
[2026-03-19 12:11:13.780] [info] [thread 31788] audio_stream: 1, video_stream: 0
[2026-03-19 12:11:13.800] [info] [thread 31788] read_thread loop: ret=0, pkt->stream_index=1, audioq.size=25373, videoq.size=447703, eof=0
[2026-03-19 12:11:13.801] [info] [thread 31788] audio_stream: 1, video_stream: 0
[2026-03-19 12:11:13.801] [info] [thread 31788] audio packet pts: 1046528, audio_pkt_size=328
[2026-03-19 12:11:13.802] [info] [thread 31788] read_thread loop: ret=0, pkt->stream_index=0, audioq.size=25821, videoq.size=447703, eof=0
[2026-03-19 12:11:13.802] [info] [thread 31788] audio_stream: 1, video_stream: 0
[2026-03-19 12:11:13.810] [info] [thread 28368] audio.nb_samples=1024, channels=2, channel_layout=stereo, format=8, sample_rate=44100
[2026-03-19 12:11:13.812] [info] [thread 28368] audio frame data pointers: data[0]=0x2191478a0c0, data[1]=0x21914788040
[2026-03-19 12:11:13.833] [info] [thread 31788] read_thread loop: ret=0, pkt->stream_index=1, audioq.size=25285, videoq.size=450484, eof=0
[2026-03-19 12:11:13.834] [info] [thread 31788] audio_stream: 1, video_stream: 0
[2026-03-19 12:11:13.834] [info] [thread 31788] audio packet pts: 1047552, audio_pkt_size=357
[2026-03-19 12:11:13.835] [info] [thread 31788] read_thread loop: ret=0, pkt->stream_index=0, audioq.size=25762, videoq.size=450484, eof=0
[2026-03-19 12:11:13.835] [info] [thread 31788] audio_stream: 1, video_stream: 0
[2026-03-19 12:11:13.860] [info] [thread 28368] audio.nb_samples=1024, channels=2, channel_layout=stereo, format=8, sample_rate=44100
[2026-03-19 12:11:13.860] [info] [thread 28368] audio frame data pointers: data[0]=0x21916f92a00, data[1]=0x21916b27480
[2026-03-19 12:11:13.865] [info] [thread 31788] read_thread loop: ret=0, pkt->stream_index=0, audioq.size=25285, videoq.size=450892, eof=0
[2026-03-19 12:11:13.866] [info] [thread 31788] audio_stream: 1, video_stream: 0
[2026-03-19 12:11:13.899] [info] [thread 31788] read_thread loop: ret=0, pkt->stream_index=1, audioq.size=25285, videoq.size=450331, eof=0
[2026-03-19 12:11:13.900] [info] [thread 31788] audio_stream: 1, video_stream: 0
[2026-03-19 12:11:13.900] [info] [thread 31788] audio packet pts: 1048576, audio_pkt_size=353
[2026-03-19 12:11:13.900] [info] [thread 31788] read_thread loop: ret=0, pkt->stream_index=0, audioq.size=25758, videoq.size=450331, eof=0
[2026-03-19 12:11:13.901] [info] [thread 31788] audio_stream: 1, video_stream: 0
[2026-03-19 12:11:13.910] [info] [thread 28368] audio.nb_samples=1024, channels=2, channel_layout=stereo, format=8, sample_rate=44100
[2026-03-19 12:11:13.910] [info] [thread 28368] audio frame data pointers: data[0]=0x21916f9b500, data[1]=0x21916f96e40
[2026-03-19 12:11:13.932] [info] [thread 31788] read_thread loop: ret=0, pkt->stream_index=1, audioq.size=25122, videoq.size=450636, eof=0
[2026-03-19 12:11:13.932] [info] [thread 31788] audio_stream: 1, video_stream: 0
[2026-03-19 12:11:13.933] [info] [thread 31788] audio packet pts: 1049600, audio_pkt_size=350
[2026-03-19 12:11:13.933] [info] [thread 31788] read_thread loop: ret=0, pkt->stream_index=0, audioq.size=25592, videoq.size=450636, eof=0
[2026-03-19 12:11:13.934] [info] [thread 31788] audio_stream: 1, video_stream: 0
[2026-03-19 12:11:13.950] [info] [thread 28368] audio.nb_samples=1024, channels=2, channel_layout=stereo, format=8, sample_rate=44100
[2026-03-19 12:11:13.950] [info] [thread 28368] audio frame data pointers: data[0]=0x21916f98e80, data[1]=0x21916a5bb00
[2026-03-19 12:11:13.966] [info] [thread 31788] read_thread loop: ret=0, pkt->stream_index=1, audioq.size=25099, videoq.size=448813, eof=0
[2026-03-19 12:11:13.967] [info] [thread 31788] audio_stream: 1, video_stream: 0
[2026-03-19 12:11:13.967] [info] [thread 31788] audio packet pts: 1050624, audio_pkt_size=374
[2026-03-19 12:11:13.967] [info] [thread 31788] read_thread loop: ret=0, pkt->stream_index=0, audioq.size=25593, videoq.size=448813, eof=0
[2026-03-19 12:11:13.968] [info] [thread 31788] audio_stream: 1, video_stream: 0
[2026-03-19 12:11:14.000] [info] [thread 28368] audio.nb_samples=1024, channels=2, channel_layout=stereo, format=8, sample_rate=44100
[2026-03-19 12:11:14.000] [info] [thread 28368] audio frame data pointers: data[0]=0x2191427f980, data[1]=0x21916a5db80
[2026-03-19 12:11:14.009] [info] [thread 31788] read_thread loop: ret=0, pkt->stream_index=0, audioq.size=25101, videoq.size=453813, eof=0
[2026-03-19 12:11:14.009] [info] [thread 31788] audio_stream: 1, video_stream: 0
[2026-03-19 12:11:14.042] [info] [thread 31788] read_thread loop: ret=0, pkt->stream_index=1, audioq.size=25101, videoq.size=463046, eof=0
[2026-03-19 12:11:14.043] [info] [thread 31788] audio_stream: 1, video_stream: 0
[2026-03-19 12:11:14.043] [info] [thread 31788] audio packet pts: 1051648, audio_pkt_size=392
[2026-03-19 12:11:14.043] [info] [thread 31788] read_thread loop: ret=0, pkt->stream_index=0, audioq.size=25613, videoq.size=463046, eof=0
[2026-03-19 12:11:14.044] [info] [thread 31788] audio_stream: 1, video_stream: 0
[2026-03-19 12:11:14.050] [info] [thread 28368] audio.nb_samples=1024, channels=2, channel_layout=stereo, format=8, sample_rate=44100
[2026-03-19 12:11:14.050] [info] [thread 28368] audio frame data pointers: data[0]=0x2191427b580, data[1]=0x21914279380
[2026-03-19 12:11:14.076] [info] [thread 31788] read_thread loop: ret=0, pkt->stream_index=1, audioq.size=25067, videoq.size=463371, eof=0
[2026-03-19 12:11:14.076] [info] [thread 31788] audio_stream: 1, video_stream: 0
[2026-03-19 12:11:14.076] [info] [thread 31788] audio packet pts: 1052672, audio_pkt_size=393
[2026-03-19 12:11:14.077] [info] [thread 31788] read_thread loop: ret=0, pkt->stream_index=0, audioq.size=25580, videoq.size=463371, eof=0
[2026-03-19 12:11:14.077] [info] [thread 31788] audio_stream: 1, video_stream: 0
[2026-03-19 12:11:14.090] [info] [thread 28368] audio.nb_samples=1024, channels=2, channel_layout=stereo, format=8, sample_rate=44100
[2026-03-19 12:11:14.090] [info] [thread 28368] audio frame data pointers: data[0]=0x21914283dc0, data[1]=0x21914281bc0
[2026-03-19 12:11:14.098] [info] [thread 31788] read_thread loop: ret=0, pkt->stream_index=0, audioq.size=25066, videoq.size=475470, eof=0
[2026-03-19 12:11:14.098] [info] [thread 31788] audio_stream: 1, video_stream: 0
[2026-03-19 12:11:14.130] [info] [thread 31788] read_thread loop: ret=0, pkt->stream_index=1, audioq.size=25066, videoq.size=486483, eof=0
[2026-03-19 12:11:14.130] [info] [thread 31788] audio_stream: 1, video_stream: 0
[2026-03-19 12:11:14.131] [info] [thread 31788] audio packet pts: 1053696, audio_pkt_size=402
[2026-03-19 12:11:14.131] [info] [thread 31788] read_thread loop: ret=0, pkt->stream_index=0, audioq.size=25588, videoq.size=486483, eof=0
[2026-03-19 12:11:14.131] [info] [thread 31788] audio_stream: 1, video_stream: 0
[2026-03-19 12:11:14.140] [info] [thread 28368] audio.nb_samples=1024, channels=2, channel_layout=stereo, format=8, sample_rate=44100
[2026-03-19 12:11:14.140] [info] [thread 28368] audio frame data pointers: data[0]=0x21914285fc0, data[1]=0x2191427d780
[2026-03-19 12:11:14.164] [info] [thread 31788] read_thread loop: ret=0, pkt->stream_index=1, audioq.size=25104, videoq.size=505254, eof=0
[2026-03-19 12:11:14.164] [info] [thread 31788] audio_stream: 1, video_stream: 0
[2026-03-19 12:11:14.165] [info] [thread 31788] audio packet pts: 1054720, audio_pkt_size=481
[2026-03-19 12:11:14.165] [info] [thread 31788] read_thread loop: ret=0, pkt->stream_index=0, audioq.size=25705, videoq.size=505254, eof=0
[2026-03-19 12:11:14.165] [info] [thread 31788] audio_stream: 1, video_stream: 0
[2026-03-19 12:11:14.180] [info] [thread 28368] audio.nb_samples=1024, channels=2, channel_layout=stereo, format=8, sample_rate=44100
[2026-03-19 12:11:14.180] [info] [thread 28368] audio frame data pointers: data[0]=0x2191428c600, data[1]=0x219142881c0
[2026-03-19 12:11:14.196] [info] [thread 31788] read_thread loop: ret=0, pkt->stream_index=1, audioq.size=25255, videoq.size=496819, eof=0
[2026-03-19 12:11:14.197] [info] [thread 31788] audio_stream: 1, video_stream: 0
[2026-03-19 12:11:14.197] [info] [thread 31788] audio packet pts: 1055744, audio_pkt_size=322
[2026-03-19 12:11:14.197] [info] [thread 31788] read_thread loop: ret=0, pkt->stream_index=0, audioq.size=25697, videoq.size=496819, eof=0
[2026-03-19 12:11:14.198] [info] [thread 31788] audio_stream: 1, video_stream: 0
[2026-03-19 12:11:14.230] [info] [thread 28368] audio.nb_samples=1024, channels=2, channel_layout=stereo, format=8, sample_rate=44100
[2026-03-19 12:11:14.230] [info] [thread 31788] read_thread loop: ret=0, pkt->stream_index=0, audioq.size=25231, videoq.size=497268, eof=0
[2026-03-19 12:11:14.231] [info] [thread 31788] audio_stream: 1, video_stream: 0
[2026-03-19 12:11:14.230] [info] [thread 28368] audio frame data pointers: data[0]=0x21914290a00, data[1]=0x2191428a400
[2026-03-19 12:11:14.272] [info] [thread 31788] read_thread loop: ret=0, pkt->stream_index=1, audioq.size=25231, videoq.size=496806, eof=0
[2026-03-19 12:11:14.273] [info] [thread 31788] audio_stream: 1, video_stream: 0
[2026-03-19 12:11:14.273] [info] [thread 31788] audio packet pts: 1056768, audio_pkt_size=347
[2026-03-19 12:11:14.274] [info] [thread 31788] read_thread loop: ret=0, pkt->stream_index=0, audioq.size=25698, videoq.size=496806, eof=0
[2026-03-19 12:11:14.274] [info] [thread 31788] audio_stream: 1, video_stream: 0
[2026-03-19 12:11:14.280] [info] [thread 28368] audio.nb_samples=1024, channels=2, channel_layout=stereo, format=8, sample_rate=44100
[2026-03-19 12:11:14.280] [info] [thread 28368] audio frame data pointers: data[0]=0x21914788040, data[1]=0x2191478a0c0
[2026-03-19 12:11:14.305] [info] [thread 31788] read_thread loop: ret=0, pkt->stream_index=1, audioq.size=25243, videoq.size=505477, eof=0
[2026-03-19 12:11:14.305] [info] [thread 31788] audio_stream: 1, video_stream: 0
[2026-03-19 12:11:14.305] [info] [thread 31788] audio packet pts: 1057792, audio_pkt_size=357
[2026-03-19 12:11:14.306] [info] [thread 31788] read_thread loop: ret=0, pkt->stream_index=0, audioq.size=25720, videoq.size=505477, eof=0
[2026-03-19 12:11:14.306] [info] [thread 31788] audio_stream: 1, video_stream: 0
[2026-03-19 12:11:14.320] [info] [thread 28368] audio.nb_samples=1024, channels=2, channel_layout=stereo, format=8, sample_rate=44100
[2026-03-19 12:11:14.320] [info] [thread 28368] audio frame data pointers: data[0]=0x21916b27480, data[1]=0x21916f92a00
[2026-03-19 12:11:14.337] [info] [thread 31788] read_thread loop: ret=0, pkt->stream_index=0, audioq.size=25240, videoq.size=493149, eof=0
[2026-03-19 12:11:14.337] [info] [thread 31788] audio_stream: 1, video_stream: 0
[2026-03-19 12:11:14.368] [info] [thread 31788] read_thread loop: ret=0, pkt->stream_index=1, audioq.size=25240, videoq.size=489985, eof=0
[2026-03-19 12:11:14.368] [info] [thread 31788] audio_stream: 1, video_stream: 0
[2026-03-19 12:11:14.369] [info] [thread 31788] audio packet pts: 1058816, audio_pkt_size=366
[2026-03-19 12:11:14.370] [info] [thread 31788] read_thread loop: ret=0, pkt->stream_index=0, audioq.size=25726, videoq.size=489985, eof=0
[2026-03-19 12:11:14.370] [info] [thread 31788] audio_stream: 1, video_stream: 0
[2026-03-19 12:11:14.370] [info] [thread 28368] audio.nb_samples=1024, channels=2, channel_layout=stereo, format=8, sample_rate=44100
[2026-03-19 12:11:14.370] [info] [thread 28368] audio frame data pointers: data[0]=0x21916f96e40, data[1]=0x21916f9b500
[2026-03-19 12:11:14.403] [info] [thread 31788] read_thread loop: ret=0, pkt->stream_index=1, audioq.size=25244, videoq.size=488831, eof=0
[2026-03-19 12:11:14.404] [info] [thread 31788] audio_stream: 1, video_stream: 0
[2026-03-19 12:11:14.405] [info] [thread 31788] audio packet pts: 1059840, audio_pkt_size=362
[2026-03-19 12:11:14.405] [info] [thread 31788] read_thread loop: ret=0, pkt->stream_index=0, audioq.size=25726, videoq.size=488831, eof=0
[2026-03-19 12:11:14.405] [info] [thread 31788] audio_stream: 1, video_stream: 0
[2026-03-19 12:11:14.420] [info] [thread 28368] audio.nb_samples=1024, channels=2, channel_layout=stereo, format=8, sample_rate=44100
[2026-03-19 12:11:14.420] [info] [thread 28368] audio frame data pointers: data[0]=0x21916a5bb00, data[1]=0x21916f98e80
[2026-03-19 12:11:14.447] [info] [thread 31788] read_thread loop: ret=0, pkt->stream_index=1, audioq.size=25255, videoq.size=496018, eof=0
[2026-03-19 12:11:14.448] [info] [thread 31788] audio_stream: 1, video_stream: 0
[2026-03-19 12:11:14.449] [info] [thread 31788] audio packet pts: 1060864, audio_pkt_size=352
[2026-03-19 12:11:14.449] [info] [thread 31788] read_thread loop: ret=0, pkt->stream_index=0, audioq.size=25727, videoq.size=496018, eof=0
[2026-03-19 12:11:14.449] [info] [thread 31788] audio_stream: 1, video_stream: 0
[2026-03-19 12:11:14.460] [info] [thread 28368] audio.nb_samples=1024, channels=2, channel_layout=stereo, format=8, sample_rate=44100
[2026-03-19 12:11:14.461] [info] [thread 28368] audio frame data pointers: data[0]=0x21916a5db80, data[1]=0x2191427f980
[2026-03-19 12:11:14.481] [info] [thread 31788] read_thread loop: ret=0, pkt->stream_index=0, audioq.size=25243, videoq.size=480233, eof=0
[2026-03-19 12:11:14.482] [info] [thread 31788] audio_stream: 1, video_stream: 0
[2026-03-19 12:11:14.510] [info] [thread 28368] audio.nb_samples=1024, channels=2, channel_layout=stereo, format=8, sample_rate=44100
[2026-03-19 12:11:14.511] [info] [thread 28368] audio frame data pointers: data[0]=0x21914279380, data[1]=0x2191427b580
[2026-03-19 12:11:14.513] [info] [thread 31788] read_thread loop: ret=0, pkt->stream_index=1, audioq.size=24766, videoq.size=476701, eof=0
[2026-03-19 12:11:14.514] [info] [thread 31788] audio_stream: 1, video_stream: 0
[2026-03-19 12:11:14.515] [info] [thread 31788] audio packet pts: 1061888, audio_pkt_size=333
[2026-03-19 12:11:14.515] [info] [thread 31788] read_thread loop: ret=0, pkt->stream_index=0, audioq.size=25219, videoq.size=476701, eof=0
[2026-03-19 12:11:14.516] [info] [thread 31788] audio_stream: 1, video_stream: 0
[2026-03-19 12:11:14.535] [info] [thread 31788] read_thread loop: ret=0, pkt->stream_index=1, audioq.size=25219, videoq.size=485596, eof=0
[2026-03-19 12:11:14.536] [info] [thread 31788] audio_stream: 1, video_stream: 0
[2026-03-19 12:11:14.536] [info] [thread 31788] audio packet pts: 1062912, audio_pkt_size=345
[2026-03-19 12:11:14.536] [info] [thread 31788] read_thread loop: ret=0, pkt->stream_index=0, audioq.size=25684, videoq.size=485596, eof=0
[2026-03-19 12:11:14.537] [info] [thread 31788] audio_stream: 1, video_stream: 0
[2026-03-19 12:11:14.560] [info] [thread 28368] audio.nb_samples=1024, channels=2, channel_layout=stereo, format=8, sample_rate=44100
[2026-03-19 12:11:14.560] [info] [thread 28368] audio frame data pointers: data[0]=0x21914281bc0, data[1]=0x21914283dc0
[2026-03-19 12:11:14.569] [info] [thread 31788] read_thread loop: ret=0, pkt->stream_index=0, audioq.size=25204, videoq.size=485765, eof=0
[2026-03-19 12:11:14.569] [info] [thread 31788] audio_stream: 1, video_stream: 0
[2026-03-19 12:11:14.600] [info] [thread 28368] audio.nb_samples=1024, channels=2, channel_layout=stereo, format=8, sample_rate=44100
[2026-03-19 12:11:14.600] [info] [thread 28368] audio frame data pointers: data[0]=0x2191427d780, data[1]=0x21914285fc0
[2026-03-19 12:11:14.601] [info] [thread 31788] read_thread loop: ret=0, pkt->stream_index=1, audioq.size=24723, videoq.size=470541, eof=0
[2026-03-19 12:11:14.601] [info] [thread 31788] audio_stream: 1, video_stream: 0
[2026-03-19 12:11:14.602] [info] [thread 31788] audio packet pts: 1063936, audio_pkt_size=345
[2026-03-19 12:11:14.602] [info] [thread 31788] read_thread loop: ret=0, pkt->stream_index=0, audioq.size=25188, videoq.size=470541, eof=0
[2026-03-19 12:11:14.602] [info] [thread 31788] audio_stream: 1, video_stream: 0
[2026-03-19 12:11:14.632] [info] [thread 31788] read_thread loop: ret=0, pkt->stream_index=1, audioq.size=25188, videoq.size=466558, eof=0
[2026-03-19 12:11:14.633] [info] [thread 31788] audio_stream: 1, video_stream: 0
[2026-03-19 12:11:14.633] [info] [thread 31788] audio packet pts: 1064960, audio_pkt_size=341
[2026-03-19 12:11:14.634] [info] [thread 31788] read_thread loop: ret=0, pkt->stream_index=0, audioq.size=25649, videoq.size=466558, eof=0
[2026-03-19 12:11:14.634] [info] [thread 31788] audio_stream: 1, video_stream: 0
[2026-03-19 12:11:14.650] [info] [thread 28368] audio.nb_samples=1024, channels=2, channel_layout=stereo, format=8, sample_rate=44100
[2026-03-19 12:11:14.650] [info] [thread 28368] audio frame data pointers: data[0]=0x219142881c0, data[1]=0x2191428c600
[2026-03-19 12:11:14.665] [info] [thread 31788] read_thread loop: ret=0, pkt->stream_index=1, audioq.size=25163, videoq.size=473398, eof=0
[2026-03-19 12:11:14.666] [info] [thread 31788] audio_stream: 1, video_stream: 0
[2026-03-19 12:11:14.667] [info] [thread 31788] audio packet pts: 1065984, audio_pkt_size=344
[2026-03-19 12:11:14.667] [info] [thread 31788] read_thread loop: ret=0, pkt->stream_index=0, audioq.size=25627, videoq.size=473398, eof=0
[2026-03-19 12:11:14.668] [info] [thread 31788] audio_stream: 1, video_stream: 0
[2026-03-19 12:11:14.700] [info] [thread 28368] audio.nb_samples=1024, channels=2, channel_layout=stereo, format=8, sample_rate=44100
[2026-03-19 12:11:14.701] [info] [thread 28368] audio frame data pointers: data[0]=0x2191428a400, data[1]=0x21914290a00
[2026-03-19 12:11:14.701] [info] [thread 31788] read_thread loop: ret=0, pkt->stream_index=0, audioq.size=25114, videoq.size=474076, eof=0
[2026-03-19 12:11:14.702] [info] [thread 31788] audio_stream: 1, video_stream: 0
[2026-03-19 12:11:14.740] [info] [thread 28368] audio.nb_samples=1024, channels=2, channel_layout=stereo, format=8, sample_rate=44100
[2026-03-19 12:11:14.740] [info] [thread 28368] audio frame data pointers: data[0]=0x2191478a0c0, data[1]=0x21914788040
[2026-03-19 12:11:14.743] [info] [thread 31788] read_thread loop: ret=0, pkt->stream_index=1, audioq.size=24619, videoq.size=464961, eof=0
[2026-03-19 12:11:14.743] [info] [thread 31788] audio_stream: 1, video_stream: 0
[2026-03-19 12:11:14.743] [info] [thread 31788] audio packet pts: 1067008, audio_pkt_size=346
[2026-03-19 12:11:14.743] [info] [thread 31788] read_thread loop: ret=0, pkt->stream_index=0, audioq.size=25085, videoq.size=464961, eof=0
[2026-03-19 12:11:14.744] [info] [thread 31788] audio_stream: 1, video_stream: 0
[2026-03-19 12:11:14.773] [info] [thread 31788] read_thread loop: ret=0, pkt->stream_index=1, audioq.size=25085, videoq.size=462874, eof=0
[2026-03-19 12:11:14.790] [info] [thread 28368] audio.nb_samples=1024, channels=2, channel_layout=stereo, format=8, sample_rate=44100
[2026-03-19 12:11:14.803] [info] [thread 31788] audio_stream: 1, video_stream: 0
[2026-03-19 12:11:14.824] [info] [thread 28368] audio frame data pointers: data[0]=0x21916f92a00, data[1]=0x21916b27480
[2026-03-19 12:11:14.855] [info] [thread 31788] audio packet pts: 1068032, audio_pkt_size=405
[2026-03-19 12:11:14.892] [info] [thread 31788] read_thread loop: ret=0, pkt->stream_index=0, audioq.size=25106, videoq.size=445577, eof=0
[2026-03-19 12:11:14.897] [info] [thread 31788] audio_stream: 1, video_stream: 0
[2026-03-19 12:11:14.898] [info] [thread 31788] read_thread loop: ret=0, pkt->stream_index=0, audioq.size=25106, videoq.size=455058, eof=0
[2026-03-19 12:11:14.898] [info] [thread 31788] audio_stream: 1, video_stream: 0
[2026-03-19 12:11:14.898] [info] [thread 31788] read_thread loop: ret=0, pkt->stream_index=1, audioq.size=25106, videoq.size=458796, eof=0
[2026-03-19 12:11:14.899] [info] [thread 31788] audio_stream: 1, video_stream: 0
[2026-03-19 12:11:14.899] [info] [thread 31788] audio packet pts: 1069056, audio_pkt_size=412
[2026-03-19 12:11:14.900] [info] [thread 31788] read_thread loop: ret=0, pkt->stream_index=0, audioq.size=25638, videoq.size=458796, eof=0
[2026-03-19 12:11:14.903] [info] [thread 31788] audio_stream: 1, video_stream: 0
[2026-03-19 12:11:14.904] [info] [thread 31788] read_thread loop: ret=0, pkt->stream_index=1, audioq.size=25638, videoq.size=461633, eof=0
[2026-03-19 12:11:14.905] [info] [thread 31788] audio_stream: 1, video_stream: 0
[2026-03-19 12:11:14.905] [info] [thread 31788] audio packet pts: 1070080, audio_pkt_size=392
[2026-03-19 12:11:14.906] [info] [thread 31788] read_thread loop: ret=0, pkt->stream_index=0, audioq.size=26150, videoq.size=461633, eof=0
[2026-03-19 12:11:14.908] [info] [thread 31788] audio_stream: 1, video_stream: 0
[2026-03-19 12:11:14.920] [info] [thread 28368] audio.nb_samples=1024, channels=2, channel_layout=stereo, format=8, sample_rate=44100
[2026-03-19 12:11:14.931] [info] [thread 31788] read_thread loop: ret=0, pkt->stream_index=1, audioq.size=25640, videoq.size=468460, eof=0
[2026-03-19 12:11:14.933] [info] [thread 28368] audio frame data pointers: data[0]=0x21916f9b500, data[1]=0x21916f96e40
[2026-03-19 12:11:14.947] [info] [thread 31788] audio_stream: 1, video_stream: 0
[2026-03-19 12:11:14.967] [info] [thread 31788] audio packet pts: 1071104, audio_pkt_size=371
[2026-03-19 12:11:14.967] [info] [thread 31788] read_thread loop: ret=0, pkt->stream_index=0, audioq.size=26131, videoq.size=461644, eof=0
[2026-03-19 12:11:14.967] [info] [thread 31788] audio_stream: 1, video_stream: 0
[2026-03-19 12:11:14.968] [info] [thread 31788] read_thread loop: ret=0, pkt->stream_index=0, audioq.size=26131, videoq.size=466447, eof=0
[2026-03-19 12:11:14.968] [info] [thread 31788] audio_stream: 1, video_stream: 0
[2026-03-19 12:11:14.969] [info] [thread 31788] read_thread loop: ret=0, pkt->stream_index=1, audioq.size=26131, videoq.size=469846, eof=0
[2026-03-19 12:11:14.969] [info] [thread 31788] audio_stream: 1, video_stream: 0
[2026-03-19 12:11:14.970] [info] [thread 31788] audio packet pts: 1072128, audio_pkt_size=348
[2026-03-19 12:11:14.970] [info] [thread 31788] read_thread loop: ret=0, pkt->stream_index=0, audioq.size=26599, videoq.size=469846, eof=0
[2026-03-19 12:11:14.971] [info] [thread 31788] audio_stream: 1, video_stream: 0
[2026-03-19 12:11:14.990] [info] [thread 28368] audio.nb_samples=1024, channels=2, channel_layout=stereo, format=8, sample_rate=44100
[2026-03-19 12:11:15.008] [info] [thread 31788] read_thread loop: ret=0, pkt->stream_index=1, audioq.size=26118, videoq.size=454781, eof=0
[2026-03-19 12:11:15.016] [info] [thread 28368] audio frame data pointers: data[0]=0x21916f98e80, data[1]=0x21916a5bb00
[2026-03-19 12:11:15.016] [info] [thread 31788] audio_stream: 1, video_stream: 0
[2026-03-19 12:11:15.017] [info] [thread 31788] audio packet pts: 1073152, audio_pkt_size=368
[2026-03-19 12:11:15.018] [info] [thread 31788] read_thread loop: ret=0, pkt->stream_index=0, audioq.size=26606, videoq.size=454781, eof=0
[2026-03-19 12:11:15.018] [info] [thread 31788] audio_stream: 1, video_stream: 0
[2026-03-19 12:11:15.039] [info] [thread 31788] read_thread loop: ret=0, pkt->stream_index=0, audioq.size=26606, videoq.size=465253, eof=0
[2026-03-19 12:11:15.039] [info] [thread 31788] audio_stream: 1, video_stream: 0
[2026-03-19 12:11:15.050] [info] [thread 28368] audio.nb_samples=1024, channels=2, channel_layout=stereo, format=8, sample_rate=44100
[2026-03-19 12:11:15.050] [info] [thread 28368] audio frame data pointers: data[0]=0x2191427f980, data[1]=0x21916a5db80
[2026-03-19 12:11:15.070] [info] [thread 31788] read_thread loop: ret=0, pkt->stream_index=1, audioq.size=26123, videoq.size=465615, eof=0
[2026-03-19 12:11:15.070] [info] [thread 31788] audio_stream: 1, video_stream: 0
[2026-03-19 12:11:15.070] [info] [thread 31788] audio packet pts: 1074176, audio_pkt_size=351
[2026-03-19 12:11:15.070] [info] [thread 31788] read_thread loop: ret=0, pkt->stream_index=0, audioq.size=26594, videoq.size=465615, eof=0
[2026-03-19 12:11:15.070] [info] [thread 31788] audio_stream: 1, video_stream: 0
[2026-03-19 12:11:15.090] [info] [thread 28368] audio.nb_samples=1024, channels=2, channel_layout=stereo, format=8, sample_rate=44100
[2026-03-19 12:11:15.090] [info] [thread 28368] audio frame data pointers: data[0]=0x2191427b580, data[1]=0x21914279380
[2026-03-19 12:11:15.101] [info] [thread 31788] read_thread loop: ret=0, pkt->stream_index=1, audioq.size=26109, videoq.size=464747, eof=0
[2026-03-19 12:11:15.102] [info] [thread 31788] audio_stream: 1, video_stream: 0
[2026-03-19 12:11:15.102] [info] [thread 31788] audio packet pts: 1075200, audio_pkt_size=360
[2026-03-19 12:11:15.102] [info] [thread 31788] read_thread loop: ret=0, pkt->stream_index=0, audioq.size=26589, videoq.size=464747, eof=0
[2026-03-19 12:11:15.102] [info] [thread 31788] audio_stream: 1, video_stream: 0
[2026-03-19 12:11:15.132] [info] [thread 31788] read_thread loop: ret=0, pkt->stream_index=1, audioq.size=26589, videoq.size=453069, eof=0
[2026-03-19 12:11:15.133] [info] [thread 31788] audio_stream: 1, video_stream: 0
[2026-03-19 12:11:15.133] [info] [thread 31788] audio packet pts: 1076224, audio_pkt_size=350
[2026-03-19 12:11:15.133] [info] [thread 31788] read_thread loop: ret=0, pkt->stream_index=0, audioq.size=27059, videoq.size=453069, eof=0
[2026-03-19 12:11:15.133] [info] [thread 31788] audio_stream: 1, video_stream: 0
[2026-03-19 12:11:15.140] [info] [thread 28368] audio.nb_samples=1024, channels=2, channel_layout=stereo, format=8, sample_rate=44100
[2026-03-19 12:11:15.140] [info] [thread 28368] audio frame data pointers: data[0]=0x21914283dc0, data[1]=0x21914281bc0
[2026-03-19 12:11:15.164] [info] [thread 31788] read_thread loop: ret=0, pkt->stream_index=0, audioq.size=26579, videoq.size=459957, eof=0
[2026-03-19 12:11:15.164] [info] [thread 31788] audio_stream: 1, video_stream: 0
[2026-03-19 12:11:15.190] [info] [thread 28368] audio.nb_samples=1024, channels=2, channel_layout=stereo, format=8, sample_rate=44100
[2026-03-19 12:11:15.190] [info] [thread 28368] audio frame data pointers: data[0]=0x21914285fc0, data[1]=0x2191427d780
[2026-03-19 12:11:15.217] [info] [thread 31788] read_thread loop: ret=0, pkt->stream_index=1, audioq.size=26094, videoq.size=460502, eof=0
[2026-03-19 12:11:15.217] [info] [thread 31788] audio_stream: 1, video_stream: 0
[2026-03-19 12:11:15.217] [info] [thread 31788] audio packet pts: 1077248, audio_pkt_size=345
[2026-03-19 12:11:15.218] [info] [thread 31788] read_thread loop: ret=0, pkt->stream_index=0, audioq.size=26559, videoq.size=460502, eof=0
[2026-03-19 12:11:15.218] [info] [thread 31788] audio_stream: 1, video_stream: 0
[2026-03-19 12:11:15.230] [info] [thread 28368] audio.nb_samples=1024, channels=2, channel_layout=stereo, format=8, sample_rate=44100
[2026-03-19 12:11:15.230] [info] [thread 28368] audio frame data pointers: data[0]=0x2191428c600, data[1]=0x219142881c0
[2026-03-19 12:11:15.240] [info] [thread 31788] read_thread loop: ret=0, pkt->stream_index=1, audioq.size=26076, videoq.size=459460, eof=0
[2026-03-19 12:11:15.241] [info] [thread 31788] audio_stream: 1, video_stream: 0
[2026-03-19 12:11:15.241] [info] [thread 31788] audio packet pts: 1078272, audio_pkt_size=358
[2026-03-19 12:11:15.241] [info] [thread 31788] read_thread loop: ret=0, pkt->stream_index=0, audioq.size=26554, videoq.size=459460, eof=0
[2026-03-19 12:11:15.241] [info] [thread 31788] audio_stream: 1, video_stream: 0
[2026-03-19 12:11:15.274] [info] [thread 31788] read_thread loop: ret=0, pkt->stream_index=1, audioq.size=26554, videoq.size=447199, eof=0
[2026-03-19 12:11:15.275] [info] [thread 31788] audio_stream: 1, video_stream: 0
[2026-03-19 12:11:15.275] [info] [thread 31788] audio packet pts: 1079296, audio_pkt_size=365
[2026-03-19 12:11:15.276] [info] [thread 31788] read_thread loop: ret=0, pkt->stream_index=0, audioq.size=27039, videoq.size=447199, eof=0
[2026-03-19 12:11:15.276] [info] [thread 31788] audio_stream: 1, video_stream: 0
[2026-03-19 12:11:15.280] [info] [thread 28368] audio.nb_samples=1024, channels=2, channel_layout=stereo, format=8, sample_rate=44100
[2026-03-19 12:11:15.280] [info] [thread 28368] audio frame data pointers: data[0]=0x21914290a00, data[1]=0x2191428a400
[2026-03-19 12:11:15.307] [info] [thread 31788] read_thread loop: ret=0, pkt->stream_index=0, audioq.size=26558, videoq.size=447503, eof=0
[2026-03-19 12:11:15.307] [info] [thread 31788] audio_stream: 1, video_stream: 0
[2026-03-19 12:11:15.330] [info] [thread 28368] audio.nb_samples=1024, channels=2, channel_layout=stereo, format=8, sample_rate=44100
[2026-03-19 12:11:15.330] [info] [thread 28368] audio frame data pointers: data[0]=0x21914788040, data[1]=0x2191478a0c0
[2026-03-19 12:11:15.339] [info] [thread 31788] read_thread loop: ret=0, pkt->stream_index=1, audioq.size=26007, videoq.size=447296, eof=0
[2026-03-19 12:11:15.339] [info] [thread 31788] audio_stream: 1, video_stream: 0
[2026-03-19 12:11:15.340] [info] [thread 31788] audio packet pts: 1080320, audio_pkt_size=351
[2026-03-19 12:11:15.341] [info] [thread 31788] read_thread loop: ret=0, pkt->stream_index=0, audioq.size=26478, videoq.size=447296, eof=0
[2026-03-19 12:11:15.341] [info] [thread 31788] audio_stream: 1, video_stream: 0
[2026-03-19 12:11:15.370] [info] [thread 28368] audio.nb_samples=1024, channels=2, channel_layout=stereo, format=8, sample_rate=44100
[2026-03-19 12:11:15.370] [info] [thread 28368] audio frame data pointers: data[0]=0x21916b27480, data[1]=0x21916f92a00
[2026-03-19 12:11:15.386] [info] [thread 31788] read_thread loop: ret=0, pkt->stream_index=1, audioq.size=26027, videoq.size=443915, eof=0
[2026-03-19 12:11:15.386] [info] [thread 31788] audio_stream: 1, video_stream: 0
[2026-03-19 12:11:15.387] [info] [thread 31788] audio packet pts: 1081344, audio_pkt_size=367
[2026-03-19 12:11:15.387] [info] [thread 31788] read_thread loop: ret=0, pkt->stream_index=0, audioq.size=26514, videoq.size=443915, eof=0
[2026-03-19 12:11:15.388] [info] [thread 31788] audio_stream: 1, video_stream: 0
[2026-03-19 12:11:15.399] [info] [thread 31788] read_thread loop: ret=0, pkt->stream_index=0, audioq.size=26514, videoq.size=430931, eof=0
[2026-03-19 12:11:15.399] [info] [thread 31788] audio_stream: 1, video_stream: 0
[2026-03-19 12:11:15.420] [info] [thread 28368] audio.nb_samples=1024, channels=2, channel_layout=stereo, format=8, sample_rate=44100
[2026-03-19 12:11:15.420] [info] [thread 28368] audio frame data pointers: data[0]=0x21916f96e40, data[1]=0x21916f9b500
[2026-03-19 12:11:15.441] [info] [thread 31788] read_thread loop: ret=0, pkt->stream_index=1, audioq.size=26048, videoq.size=432284, eof=0
[2026-03-19 12:11:15.442] [info] [thread 31788] audio_stream: 1, video_stream: 0
[2026-03-19 12:11:15.442] [info] [thread 31788] audio packet pts: 1082368, audio_pkt_size=416
[2026-03-19 12:11:15.442] [info] [thread 31788] read_thread loop: ret=0, pkt->stream_index=0, audioq.size=26584, videoq.size=432284, eof=0
[2026-03-19 12:11:15.443] [info] [thread 31788] audio_stream: 1, video_stream: 0
[2026-03-19 12:11:15.465] [info] [thread 31788] read_thread loop: ret=0, pkt->stream_index=1, audioq.size=26584, videoq.size=431611, eof=0
[2026-03-19 12:11:15.466] [info] [thread 31788] audio_stream: 1, video_stream: 0
[2026-03-19 12:11:15.466] [info] [thread 31788] audio packet pts: 1083392, audio_pkt_size=390
[2026-03-19 12:11:15.466] [info] [thread 31788] read_thread loop: ret=0, pkt->stream_index=0, audioq.size=27094, videoq.size=431611, eof=0
[2026-03-19 12:11:15.467] [info] [thread 31788] audio_stream: 1, video_stream: 0
[2026-03-19 12:11:15.470] [info] [thread 28368] audio.nb_samples=1024, channels=2, channel_layout=stereo, format=8, sample_rate=44100
[2026-03-19 12:11:15.470] [info] [thread 28368] audio frame data pointers: data[0]=0x21916a5bb00, data[1]=0x21916f98e80
[2026-03-19 12:11:15.510] [info] [thread 28368] audio.nb_samples=1024, channels=2, channel_layout=stereo, format=8, sample_rate=44100
[2026-03-19 12:11:15.510] [info] [thread 28368] audio frame data pointers: data[0]=0x21916a5db80, data[1]=0x2191427f980
[2026-03-19 12:11:15.511] [info] [thread 31788] read_thread loop: ret=0, pkt->stream_index=1, audioq.size=26097, videoq.size=427755, eof=0
[2026-03-19 12:11:15.512] [info] [thread 31788] audio_stream: 1, video_stream: 0
[2026-03-19 12:11:15.512] [info] [thread 31788] audio packet pts: 1084416, audio_pkt_size=359
[2026-03-19 12:11:15.513] [info] [thread 31788] read_thread loop: ret=0, pkt->stream_index=0, audioq.size=26576, videoq.size=427755, eof=0
[2026-03-19 12:11:15.513] [info] [thread 31788] audio_stream: 1, video_stream: 0
[2026-03-19 12:11:15.535] [info] [thread 31788] read_thread loop: ret=0, pkt->stream_index=0, audioq.size=26576, videoq.size=418304, eof=0
[2026-03-19 12:11:15.535] [info] [thread 31788] audio_stream: 1, video_stream: 0
[2026-03-19 12:11:15.560] [info] [thread 28368] audio.nb_samples=1024, channels=2, channel_layout=stereo, format=8, sample_rate=44100
[2026-03-19 12:11:15.560] [info] [thread 28368] audio frame data pointers: data[0]=0x21914279380, data[1]=0x2191427b580
[2026-03-19 12:11:15.567] [info] [thread 31788] read_thread loop: ret=0, pkt->stream_index=1, audioq.size=26077, videoq.size=415722, eof=0
[2026-03-19 12:11:15.568] [info] [thread 31788] audio_stream: 1, video_stream: 0
[2026-03-19 12:11:15.568] [info] [thread 31788] audio packet pts: 1085440, audio_pkt_size=353
[2026-03-19 12:11:15.568] [info] [thread 31788] read_thread loop: ret=0, pkt->stream_index=0, audioq.size=26550, videoq.size=415722, eof=0
[2026-03-19 12:11:15.569] [info] [thread 31788] audio_stream: 1, video_stream: 0
[2026-03-19 12:11:15.600] [info] [thread 28368] audio.nb_samples=1024, channels=2, channel_layout=stereo, format=8, sample_rate=44100
[2026-03-19 12:11:15.600] [info] [thread 28368] audio frame data pointers: data[0]=0x21914281bc0, data[1]=0x21914283dc0
[2026-03-19 12:11:15.600] [info] [thread 31788] read_thread loop: ret=0, pkt->stream_index=1, audioq.size=26059, videoq.size=458476, eof=0
[2026-03-19 12:11:15.601] [info] [thread 31788] audio_stream: 1, video_stream: 0
[2026-03-19 12:11:15.601] [info] [thread 31788] audio packet pts: 1086464, audio_pkt_size=374
[2026-03-19 12:11:15.602] [info] [thread 31788] read_thread loop: ret=0, pkt->stream_index=0, audioq.size=26553, videoq.size=458476, eof=0
[2026-03-19 12:11:15.602] [info] [thread 31788] audio_stream: 1, video_stream: 0
[2026-03-19 12:11:15.634] [info] [thread 31788] read_thread loop: ret=0, pkt->stream_index=0, audioq.size=26553, videoq.size=473320, eof=0
[2026-03-19 12:11:15.634] [info] [thread 31788] audio_stream: 1, video_stream: 0
[2026-03-19 12:11:15.650] [info] [thread 28368] audio.nb_samples=1024, channels=2, channel_layout=stereo, format=8, sample_rate=44100
[2026-03-19 12:11:15.650] [info] [thread 28368] audio frame data pointers: data[0]=0x2191427d780, data[1]=0x21914285fc0
[2026-03-19 12:11:15.667] [info] [thread 31788] read_thread loop: ret=0, pkt->stream_index=1, audioq.size=26074, videoq.size=466776, eof=0
[2026-03-19 12:11:15.667] [info] [thread 31788] audio_stream: 1, video_stream: 0
[2026-03-19 12:11:15.667] [info] [thread 31788] audio packet pts: 1087488, audio_pkt_size=402
[2026-03-19 12:11:15.668] [info] [thread 31788] read_thread loop: ret=0, pkt->stream_index=0, audioq.size=26596, videoq.size=466776, eof=0
[2026-03-19 12:11:15.668] [info] [thread 31788] audio_stream: 1, video_stream: 0
[2026-03-19 12:11:15.700] [info] [thread 28368] audio.nb_samples=1024, channels=2, channel_layout=stereo, format=8, sample_rate=44100
[2026-03-19 12:11:15.700] [info] [thread 31788] read_thread loop: ret=0, pkt->stream_index=1, audioq.size=26111, videoq.size=474454, eof=0
[2026-03-19 12:11:15.700] [info] [thread 28368] audio frame data pointers: data[0]=0x219142881c0, data[1]=0x2191428c600
[2026-03-19 12:11:15.700] [info] [thread 31788] audio_stream: 1, video_stream: 0
[2026-03-19 12:11:15.701] [info] [thread 31788] audio packet pts: 1088512, audio_pkt_size=377
[2026-03-19 12:11:15.702] [info] [thread 31788] read_thread loop: ret=0, pkt->stream_index=0, audioq.size=26608, videoq.size=474454, eof=0
[2026-03-19 12:11:15.702] [info] [thread 31788] audio_stream: 1, video_stream: 0
[2026-03-19 12:11:15.740] [info] [thread 28368] audio.nb_samples=1024, channels=2, channel_layout=stereo, format=8, sample_rate=44100
[2026-03-19 12:11:15.740] [info] [thread 28368] audio frame data pointers: data[0]=0x2191428a400, data[1]=0x21914290a00
[2026-03-19 12:11:15.745] [info] [thread 31788] read_thread loop: ret=0, pkt->stream_index=1, audioq.size=26086, videoq.size=476807, eof=0
[2026-03-19 12:11:15.745] [info] [thread 31788] audio_stream: 1, video_stream: 0
[2026-03-19 12:11:15.746] [info] [thread 31788] audio packet pts: 1089536, audio_pkt_size=382
[2026-03-19 12:11:15.746] [info] [thread 31788] read_thread loop: ret=0, pkt->stream_index=0, audioq.size=26588, videoq.size=476807, eof=0
[2026-03-19 12:11:15.746] [info] [thread 31788] audio_stream: 1, video_stream: 0
[2026-03-19 12:11:15.777] [info] [thread 31788] read_thread loop: ret=0, pkt->stream_index=0, audioq.size=26588, videoq.size=486419, eof=0
[2026-03-19 12:11:15.778] [info] [thread 31788] audio_stream: 1, video_stream: 0
[2026-03-19 12:11:15.790] [info] [thread 28368] audio.nb_samples=1024, channels=2, channel_layout=stereo, format=8, sample_rate=44100
[2026-03-19 12:11:15.790] [info] [thread 28368] audio frame data pointers: data[0]=0x2191478a0c0, data[1]=0x21914788040
[2026-03-19 12:11:15.809] [info] [thread 31788] read_thread loop: ret=0, pkt->stream_index=1, audioq.size=26026, videoq.size=483107, eof=0
[2026-03-19 12:11:15.809] [info] [thread 31788] audio_stream: 1, video_stream: 0
[2026-03-19 12:11:15.809] [info] [thread 31788] audio packet pts: 1090560, audio_pkt_size=363
[2026-03-19 12:11:15.810] [info] [thread 31788] read_thread loop: ret=0, pkt->stream_index=0, audioq.size=26509, videoq.size=483107, eof=0
[2026-03-19 12:11:15.810] [info] [thread 31788] audio_stream: 1, video_stream: 0
[2026-03-19 12:11:15.840] [info] [thread 28368] audio.nb_samples=1024, channels=2, channel_layout=stereo, format=8, sample_rate=44100
[2026-03-19 12:11:15.840] [info] [thread 28368] audio frame data pointers: data[0]=0x21916f92a00, data[1]=0x21916b27480
[2026-03-19 12:11:15.841] [info] [thread 31788] read_thread loop: ret=0, pkt->stream_index=1, audioq.size=25954, videoq.size=489603, eof=0
[2026-03-19 12:11:15.841] [info] [thread 31788] audio_stream: 1, video_stream: 0
[2026-03-19 12:11:15.841] [info] [thread 31788] audio packet pts: 1091584, audio_pkt_size=356
[2026-03-19 12:11:15.842] [info] [thread 31788] read_thread loop: ret=0, pkt->stream_index=0, audioq.size=26430, videoq.size=489603, eof=0
[2026-03-19 12:11:15.842] [info] [thread 31788] audio_stream: 1, video_stream: 0
[2026-03-19 12:11:15.880] [info] [thread 28368] audio.nb_samples=1024, channels=2, channel_layout=stereo, format=8, sample_rate=44100
[2026-03-19 12:11:15.880] [info] [thread 28368] audio frame data pointers: data[0]=0x21916f9b500, data[1]=0x21916f96e40
[2026-03-19 12:11:15.884] [info] [thread 31788] read_thread loop: ret=0, pkt->stream_index=0, audioq.size=25905, videoq.size=502497, eof=0
[2026-03-19 12:11:15.885] [info] [thread 31788] audio_stream: 1, video_stream: 0
[2026-03-19 12:11:15.917] [info] [thread 31788] read_thread loop: ret=0, pkt->stream_index=1, audioq.size=25905, videoq.size=493264, eof=0
[2026-03-19 12:11:15.918] [info] [thread 31788] audio_stream: 1, video_stream: 0
[2026-03-19 12:11:15.918] [info] [thread 31788] audio packet pts: 1092608, audio_pkt_size=360
[2026-03-19 12:11:15.919] [info] [thread 31788] read_thread loop: ret=0, pkt->stream_index=0, audioq.size=26385, videoq.size=493264, eof=0
[2026-03-19 12:11:15.919] [info] [thread 31788] audio_stream: 1, video_stream: 0
[2026-03-19 12:11:15.930] [info] [thread 28368] audio.nb_samples=1024, channels=2, channel_layout=stereo, format=8, sample_rate=44100
[2026-03-19 12:11:15.930] [info] [thread 28368] audio frame data pointers: data[0]=0x21916f98e80, data[1]=0x21916a5bb00
[2026-03-19 12:11:15.941] [info] [thread 31788] read_thread loop: ret=0, pkt->stream_index=1, audioq.size=25906, videoq.size=504143, eof=0
[2026-03-19 12:11:15.942] [info] [thread 31788] audio_stream: 1, video_stream: 0
[2026-03-19 12:11:15.943] [info] [thread 31788] audio packet pts: 1093632, audio_pkt_size=354
[2026-03-19 12:11:15.943] [info] [thread 31788] read_thread loop: ret=0, pkt->stream_index=0, audioq.size=26380, videoq.size=504143, eof=0
[2026-03-19 12:11:15.944] [info] [thread 31788] audio_stream: 1, video_stream: 0
[2026-03-19 12:11:15.965] [info] [thread 31788] read_thread loop: ret=0, pkt->stream_index=1, audioq.size=26380, videoq.size=503643, eof=0
[2026-03-19 12:11:15.966] [info] [thread 31788] audio_stream: 1, video_stream: 0
[2026-03-19 12:11:15.966] [info] [thread 31788] audio packet pts: 1094656, audio_pkt_size=352
[2026-03-19 12:11:15.967] [info] [thread 31788] read_thread loop: ret=0, pkt->stream_index=0, audioq.size=26852, videoq.size=503643, eof=0
[2026-03-19 12:11:15.967] [info] [thread 31788] audio_stream: 1, video_stream: 0
[2026-03-19 12:11:15.980] [info] [thread 28368] audio.nb_samples=1024, channels=2, channel_layout=stereo, format=8, sample_rate=44100
[2026-03-19 12:11:15.980] [info] [thread 28368] audio frame data pointers: data[0]=0x2191427f980, data[1]=0x21916a5db80
[2026-03-19 12:11:16.010] [info] [thread 31788] read_thread loop: ret=0, pkt->stream_index=0, audioq.size=26394, videoq.size=496306, eof=0
[2026-03-19 12:11:16.011] [info] [thread 31788] audio_stream: 1, video_stream: 0
[2026-03-19 12:11:16.020] [info] [thread 28368] audio.nb_samples=1024, channels=2, channel_layout=stereo, format=8, sample_rate=44100
[2026-03-19 12:11:16.020] [info] [thread 28368] audio frame data pointers: data[0]=0x2191427b580, data[1]=0x21914279380
[2026-03-19 12:11:16.043] [info] [thread 31788] read_thread loop: ret=0, pkt->stream_index=1, audioq.size=25901, videoq.size=495986, eof=0
[2026-03-19 12:11:16.044] [info] [thread 31788] audio_stream: 1, video_stream: 0
[2026-03-19 12:11:16.045] [info] [thread 31788] audio packet pts: 1095680, audio_pkt_size=380
[2026-03-19 12:11:16.045] [info] [thread 31788] read_thread loop: ret=0, pkt->stream_index=0, audioq.size=26401, videoq.size=495986, eof=0
[2026-03-19 12:11:16.046] [info] [thread 31788] audio_stream: 1, video_stream: 0
[2026-03-19 12:11:16.067] [info] [thread 31788] read_thread loop: ret=0, pkt->stream_index=1, audioq.size=26401, videoq.size=485808, eof=0
[2026-03-19 12:11:16.068] [info] [thread 31788] audio_stream: 1, video_stream: 0
[2026-03-19 12:11:16.068] [info] [thread 31788] audio packet pts: 1096704, audio_pkt_size=354
[2026-03-19 12:11:16.068] [info] [thread 31788] read_thread loop: ret=0, pkt->stream_index=0, audioq.size=26875, videoq.size=485808, eof=0
[2026-03-19 12:11:16.068] [info] [thread 31788] audio_stream: 1, video_stream: 0
[2026-03-19 12:11:16.070] [info] [thread 28368] audio.nb_samples=1024, channels=2, channel_layout=stereo, format=8, sample_rate=44100
[2026-03-19 12:11:16.070] [info] [thread 28368] audio frame data pointers: data[0]=0x21914283dc0, data[1]=0x21914281bc0
[2026-03-19 12:11:16.100] [info] [thread 31788] read_thread loop: ret=0, pkt->stream_index=0, audioq.size=26330, videoq.size=476052, eof=0
[2026-03-19 12:11:16.100] [info] [thread 31788] audio_stream: 1, video_stream: 0
[2026-03-19 12:11:16.120] [info] [thread 28368] audio.nb_samples=1024, channels=2, channel_layout=stereo, format=8, sample_rate=44100
[2026-03-19 12:11:16.120] [info] [thread 28368] audio frame data pointers: data[0]=0x21914285fc0, data[1]=0x2191427d780
[2026-03-19 12:11:16.132] [info] [thread 31788] read_thread loop: ret=0, pkt->stream_index=1, audioq.size=25785, videoq.size=460280, eof=0
[2026-03-19 12:11:16.132] [info] [thread 31788] audio_stream: 1, video_stream: 0
[2026-03-19 12:11:16.132] [info] [thread 31788] audio packet pts: 1097728, audio_pkt_size=363
[2026-03-19 12:11:16.133] [info] [thread 31788] read_thread loop: ret=0, pkt->stream_index=0, audioq.size=26268, videoq.size=460280, eof=0
[2026-03-19 12:11:16.133] [info] [thread 31788] audio_stream: 1, video_stream: 0
[2026-03-19 12:11:16.160] [info] [thread 28368] audio.nb_samples=1024, channels=2, channel_layout=stereo, format=8, sample_rate=44100
[2026-03-19 12:11:16.160] [info] [thread 28368] audio frame data pointers: data[0]=0x2191428c600, data[1]=0x219142881c0
[2026-03-19 12:11:16.186] [info] [thread 31788] read_thread loop: ret=0, pkt->stream_index=1, audioq.size=25738, videoq.size=474426, eof=0
[2026-03-19 12:11:16.186] [info] [thread 31788] audio_stream: 1, video_stream: 0
[2026-03-19 12:11:16.187] [info] [thread 31788] audio packet pts: 1098752, audio_pkt_size=366
[2026-03-19 12:11:16.187] [info] [thread 31788] read_thread loop: ret=0, pkt->stream_index=0, audioq.size=26224, videoq.size=474426, eof=0
[2026-03-19 12:11:16.188] [info] [thread 31788] audio_stream: 1, video_stream: 0
[2026-03-19 12:11:16.209] [info] [thread 31788] read_thread loop: ret=0, pkt->stream_index=1, audioq.size=26224, videoq.size=478957, eof=0
[2026-03-19 12:11:16.209] [info] [thread 31788] audio_stream: 1, video_stream: 0
[2026-03-19 12:11:16.210] [info] [thread 31788] audio packet pts: 1099776, audio_pkt_size=377
[2026-03-19 12:11:16.210] [info] [thread 31788] read_thread loop: ret=0, pkt->stream_index=0, audioq.size=26216, videoq.size=478957, eof=0
[2026-03-19 12:11:16.211] [info] [thread 31788] audio_stream: 1, video_stream: 0
[2026-03-19 12:11:16.210] [info] [thread 28368] audio.nb_samples=1024, channels=2, channel_layout=stereo, format=8, sample_rate=44100
[2026-03-19 12:11:16.211] [info] [thread 28368] audio frame data pointers: data[0]=0x21914290a00, data[1]=0x2191428a400
[2026-03-19 12:11:16.232] [info] [thread 31788] read_thread loop: ret=0, pkt->stream_index=0, audioq.size=26216, videoq.size=482806, eof=0
[2026-03-19 12:11:16.232] [info] [thread 31788] audio_stream: 1, video_stream: 0
[2026-03-19 12:11:16.250] [info] [thread 28368] audio.nb_samples=1024, channels=2, channel_layout=stereo, format=8, sample_rate=44100
[2026-03-19 12:11:16.250] [info] [thread 28368] audio frame data pointers: data[0]=0x21914788040, data[1]=0x2191478a0c0
[2026-03-19 12:11:16.274] [info] [thread 31788] read_thread loop: ret=0, pkt->stream_index=1, audioq.size=25771, videoq.size=477632, eof=0
[2026-03-19 12:11:16.275] [info] [thread 31788] audio_stream: 1, video_stream: 0
[2026-03-19 12:11:16.275] [info] [thread 31788] audio packet pts: 1100800, audio_pkt_size=353
[2026-03-19 12:11:16.275] [info] [thread 31788] read_thread loop: ret=0, pkt->stream_index=0, audioq.size=26244, videoq.size=477632, eof=0
[2026-03-19 12:11:16.276] [info] [thread 31788] audio_stream: 1, video_stream: 0
[2026-03-19 12:11:16.300] [info] [thread 28368] audio.nb_samples=1024, channels=2, channel_layout=stereo, format=8, sample_rate=44100
[2026-03-19 12:11:16.300] [info] [thread 28368] audio frame data pointers: data[0]=0x21916b27480, data[1]=0x21916f92a00
[2026-03-19 12:11:16.308] [info] [thread 31788] read_thread loop: ret=0, pkt->stream_index=1, audioq.size=25796, videoq.size=496027, eof=0
[2026-03-19 12:11:16.308] [info] [thread 31788] audio_stream: 1, video_stream: 0
[2026-03-19 12:11:16.308] [info] [thread 31788] audio packet pts: 1101824, audio_pkt_size=363
[2026-03-19 12:11:16.309] [info] [thread 31788] read_thread loop: ret=0, pkt->stream_index=0, audioq.size=26279, videoq.size=496027, eof=0
[2026-03-19 12:11:16.309] [info] [thread 31788] audio_stream: 1, video_stream: 0
[2026-03-19 12:11:16.341] [info] [thread 31788] read_thread loop: ret=0, pkt->stream_index=1, audioq.size=26279, videoq.size=506343, eof=0
[2026-03-19 12:11:16.342] [info] [thread 31788] audio_stream: 1, video_stream: 0
[2026-03-19 12:11:16.343] [info] [thread 31788] audio packet pts: 1102848, audio_pkt_size=367
[2026-03-19 12:11:16.343] [info] [thread 31788] read_thread loop: ret=0, pkt->stream_index=0, audioq.size=26766, videoq.size=506343, eof=0
[2026-03-19 12:11:16.343] [info] [thread 31788] audio_stream: 1, video_stream: 0
[2026-03-19 12:11:16.350] [info] [thread 28368] audio.nb_samples=1024, channels=2, channel_layout=stereo, format=8, sample_rate=44100
[2026-03-19 12:11:16.351] [info] [thread 28368] audio frame data pointers: data[0]=0x21916f96e40, data[1]=0x21916f9b500
[2026-03-19 12:11:16.385] [info] [thread 31788] read_thread loop: ret=0, pkt->stream_index=0, audioq.size=26289, videoq.size=511980, eof=0
[2026-03-19 12:11:16.385] [info] [thread 31788] audio_stream: 1, video_stream: 0
[2026-03-19 12:11:16.390] [info] [thread 28368] audio.nb_samples=1024, channels=2, channel_layout=stereo, format=8, sample_rate=44100
[2026-03-19 12:11:16.391] [info] [thread 28368] audio frame data pointers: data[0]=0x21916a5bb00, data[1]=0x21916f98e80
[2026-03-19 12:11:16.418] [info] [thread 31788] read_thread loop: ret=0, pkt->stream_index=1, audioq.size=25816, videoq.size=509872, eof=0
[2026-03-19 12:11:16.418] [info] [thread 31788] audio_stream: 1, video_stream: 0
[2026-03-19 12:11:16.419] [info] [thread 31788] audio packet pts: 1103872, audio_pkt_size=369
[2026-03-19 12:11:16.419] [info] [thread 31788] read_thread loop: ret=0, pkt->stream_index=0, audioq.size=26305, videoq.size=509872, eof=0
[2026-03-19 12:11:16.420] [info] [thread 31788] audio_stream: 1, video_stream: 0
[2026-03-19 12:11:16.440] [info] [thread 28368] audio.nb_samples=1024, channels=2, channel_layout=stereo, format=8, sample_rate=44100
[2026-03-19 12:11:16.440] [info] [thread 28368] audio frame data pointers: data[0]=0x21916a5db80, data[1]=0x2191427f980
[2026-03-19 12:11:16.441] [info] [thread 31788] read_thread loop: ret=0, pkt->stream_index=1, audioq.size=25835, videoq.size=527889, eof=0
[2026-03-19 12:11:16.442] [info] [thread 31788] audio_stream: 1, video_stream: 0
[2026-03-19 12:11:16.442] [info] [thread 31788] audio packet pts: 1104896, audio_pkt_size=397
[2026-03-19 12:11:16.442] [info] [thread 31788] read_thread loop: ret=0, pkt->stream_index=0, audioq.size=26352, videoq.size=527889, eof=0
[2026-03-19 12:11:16.442] [info] [thread 31788] audio_stream: 1, video_stream: 0
[2026-03-19 12:11:16.473] [info] [thread 31788] read_thread loop: ret=0, pkt->stream_index=0, audioq.size=26352, videoq.size=532921, eof=0
[2026-03-19 12:11:16.474] [info] [thread 31788] audio_stream: 1, video_stream: 0
[2026-03-19 12:11:16.490] [info] [thread 28368] audio.nb_samples=1024, channels=2, channel_layout=stereo, format=8, sample_rate=44100
[2026-03-19 12:11:16.490] [info] [thread 28368] audio frame data pointers: data[0]=0x21914279380, data[1]=0x2191427b580
[2026-03-19 12:11:16.505] [info] [thread 31788] read_thread loop: ret=0, pkt->stream_index=1, audioq.size=25858, videoq.size=526584, eof=0
[2026-03-19 12:11:16.505] [info] [thread 31788] audio_stream: 1, video_stream: 0
[2026-03-19 12:11:16.505] [info] [thread 31788] audio packet pts: 1105920, audio_pkt_size=377
[2026-03-19 12:11:16.506] [info] [thread 31788] read_thread loop: ret=0, pkt->stream_index=0, audioq.size=26355, videoq.size=526584, eof=0
[2026-03-19 12:11:16.506] [info] [thread 31788] audio_stream: 1, video_stream: 0
[2026-03-19 12:11:16.530] [info] [thread 28368] audio.nb_samples=1024, channels=2, channel_layout=stereo, format=8, sample_rate=44100
[2026-03-19 12:11:16.531] [info] [thread 28368] audio frame data pointers: data[0]=0x21914281bc0, data[1]=0x21914283dc0
[2026-03-19 12:11:16.538] [info] [thread 31788] read_thread loop: ret=0, pkt->stream_index=1, audioq.size=25843, videoq.size=526623, eof=0
[2026-03-19 12:11:16.538] [info] [thread 31788] audio_stream: 1, video_stream: 0
[2026-03-19 12:11:16.538] [info] [thread 31788] audio packet pts: 1106944, audio_pkt_size=549
[2026-03-19 12:11:16.539] [info] [thread 31788] read_thread loop: ret=0, pkt->stream_index=0, audioq.size=26512, videoq.size=526623, eof=0
[2026-03-19 12:11:16.539] [info] [thread 31788] audio_stream: 1, video_stream: 0
