[2026-03-19 12:04:09.422] [info] [thread 20968] Logging initialized, file=D:\itffmpeg\av_media\online\duanshipin-pingtai\build\bin\logs\flashpoint.log
[2026-03-19 12:04:09.423] [info] [thread 20968] Starting desktop rebuild skeleton
[2026-03-19 12:04:10.684] [info] [thread 20968] IjkMediaPlayer()
[2026-03-19 12:04:10.685] [info] [thread 20968] ffp_create
[2026-03-19 12:04:10.686] [info] [thread 17600] IjkMediaPlayer message loop started
[2026-03-19 12:04:10.697] [info] [thread 17600] Unhandled message: 10
[2026-03-19 12:04:10.701] [info] [thread 30256] read_thread FFP_MSG_OPEN_INPUT 0x1f2a9fb1dc0
[2026-03-19 12:04:10.716] [info] [thread 17600] Unhandled message: 408
[2026-03-19 12:04:10.716] [info] [thread 30256] read_thread FFP_MSG_FIND_STREAM_INFO 0x1f2a9fb1dc0
[2026-03-19 12:04:10.726] [info] [thread 30256] audio_open: wanted_nb_channels=2, wanted_sample_rate=44100
[2026-03-19 12:04:10.854] [info] [thread 30256] audio_hw_params->frame_size=4, audio_hw_params->bytes_per_sec=176400, wanted_spec.samples=2048, wanted_spec.channels=2, wanted_spec.format=s16
[2026-03-19 12:04:10.855] [info] [thread 13188] into
[2026-03-19 12:04:10.855] [info] [thread 30256] read_thread FFP_MSG_COMPONENT_OPEN 0x1f2a9fb1dc0
[2026-03-19 12:04:10.855] [info] [thread 30256] read_thread FFP_MSG_PREPARED 0x1f2a9fb1dc0
[2026-03-19 12:04:10.855] [info] [thread 31300] into
[2026-03-19 12:04:10.855] [info] [thread 17600] Unhandled message: 409
[2026-03-19 12:04:10.856] [info] [thread 30256] read_thread loop: ret=0, pkt->stream_index=1, audioq.size=0, videoq.size=120, eof=0
[2026-03-19 12:04:10.856] [info] [thread 30256] audio_stream: 1, video_stream: 0
[2026-03-19 12:04:10.857] [info] [thread 30256] audio packet pts: -2048, audio_pkt_size=371
[2026-03-19 12:04:10.857] [info] [thread 30256] read_thread loop: ret=0, pkt->stream_index=0, audioq.size=491, videoq.size=0, eof=0
[2026-03-19 12:04:10.858] [info] [thread 30256] audio_stream: 1, video_stream: 0
[2026-03-19 12:04:10.858] [info] [thread 30256] read_thread loop: ret=0, pkt->stream_index=1, audioq.size=0, videoq.size=0, eof=0
[2026-03-19 12:04:10.858] [info] [thread 30256] audio_stream: 1, video_stream: 0
[2026-03-19 12:04:10.858] [info] [thread 30256] audio packet pts: -1024, audio_pkt_size=372
[2026-03-19 12:04:10.859] [info] [thread 30256] read_thread loop: ret=0, pkt->stream_index=0, audioq.size=492, videoq.size=0, eof=0
[2026-03-19 12:04:10.859] [info] [thread 30256] audio_stream: 1, video_stream: 0
[2026-03-19 12:04:10.859] [info] [thread 30256] read_thread loop: ret=0, pkt->stream_index=0, audioq.size=0, videoq.size=14968, eof=0
[2026-03-19 12:04:10.859] [info] [thread 30256] audio_stream: 1, video_stream: 0
[2026-03-19 12:04:10.859] [info] [thread 30256] read_thread loop: ret=0, pkt->stream_index=1, audioq.size=0, videoq.size=20487, eof=0
[2026-03-19 12:04:10.860] [info] [thread 30256] audio_stream: 1, video_stream: 0
[2026-03-19 12:04:10.860] [info] [thread 30256] audio packet pts: 0, audio_pkt_size=529
[2026-03-19 12:04:10.860] [info] [thread 30256] read_thread loop: ret=0, pkt->stream_index=0, audioq.size=0, videoq.size=20487, eof=0
[2026-03-19 12:04:10.860] [info] [thread 30256] audio_stream: 1, video_stream: 0
[2026-03-19 12:04:10.860] [info] [thread 30256] read_thread loop: ret=0, pkt->stream_index=1, audioq.size=0, videoq.size=21184, eof=0
[2026-03-19 12:04:10.861] [info] [thread 30256] audio_stream: 1, video_stream: 0
[2026-03-19 12:04:10.861] [info] [thread 30256] audio packet pts: 1024, audio_pkt_size=458
[2026-03-19 12:04:10.861] [info] [thread 30256] read_thread loop: ret=0, pkt->stream_index=0, audioq.size=0, videoq.size=21184, eof=0
[2026-03-19 12:04:10.861] [info] [thread 30256] audio_stream: 1, video_stream: 0
[2026-03-19 12:04:10.861] [info] [thread 30256] read_thread loop: ret=0, pkt->stream_index=1, audioq.size=0, videoq.size=26646, eof=0
[2026-03-19 12:04:10.861] [info] [thread 30256] audio_stream: 1, video_stream: 0
[2026-03-19 12:04:10.862] [info] [thread 30256] audio packet pts: 2048, audio_pkt_size=450
[2026-03-19 12:04:10.862] [info] [thread 30256] read_thread loop: ret=0, pkt->stream_index=0, audioq.size=0, videoq.size=26646, eof=0
[2026-03-19 12:04:10.862] [info] [thread 30256] audio_stream: 1, video_stream: 0
[2026-03-19 12:04:10.862] [info] [thread 30256] read_thread loop: ret=0, pkt->stream_index=0, audioq.size=0, videoq.size=44465, eof=0
[2026-03-19 12:04:10.862] [info] [thread 30256] audio_stream: 1, video_stream: 0
[2026-03-19 12:04:10.863] [info] [thread 30256] read_thread loop: ret=0, pkt->stream_index=1, audioq.size=0, videoq.size=52875, eof=0
[2026-03-19 12:04:10.863] [info] [thread 30256] audio_stream: 1, video_stream: 0
[2026-03-19 12:04:10.863] [info] [thread 30256] audio packet pts: 3072, audio_pkt_size=443
[2026-03-19 12:04:10.863] [info] [thread 30256] read_thread loop: ret=0, pkt->stream_index=0, audioq.size=0, videoq.size=52875, eof=0
[2026-03-19 12:04:10.863] [info] [thread 30256] audio_stream: 1, video_stream: 0
[2026-03-19 12:04:10.864] [info] [thread 30256] read_thread loop: ret=0, pkt->stream_index=1, audioq.size=0, videoq.size=58385, eof=0
[2026-03-19 12:04:10.864] [info] [thread 30256] audio_stream: 1, video_stream: 0
[2026-03-19 12:04:10.864] [info] [thread 30256] audio packet pts: 4096, audio_pkt_size=455
[2026-03-19 12:04:10.864] [info] [thread 30256] read_thread loop: ret=0, pkt->stream_index=0, audioq.size=0, videoq.size=58385, eof=0
[2026-03-19 12:04:10.865] [info] [thread 30256] audio_stream: 1, video_stream: 0
[2026-03-19 12:04:10.865] [info] [thread 30256] read_thread loop: ret=0, pkt->stream_index=1, audioq.size=0, videoq.size=63628, eof=0
[2026-03-19 12:04:10.865] [info] [thread 30256] audio_stream: 1, video_stream: 0
[2026-03-19 12:04:10.865] [info] [thread 30256] audio packet pts: 5120, audio_pkt_size=362
[2026-03-19 12:04:10.865] [info] [thread 30256] read_thread loop: ret=0, pkt->stream_index=0, audioq.size=0, videoq.size=48660, eof=0
[2026-03-19 12:04:10.866] [info] [thread 30256] audio_stream: 1, video_stream: 0
[2026-03-19 12:04:10.866] [info] [thread 30256] read_thread loop: ret=0, pkt->stream_index=0, audioq.size=0, videoq.size=67275, eof=0
[2026-03-19 12:04:10.866] [info] [thread 30256] audio_stream: 1, video_stream: 0
[2026-03-19 12:04:10.866] [info] [thread 30256] read_thread loop: ret=0, pkt->stream_index=1, audioq.size=0, videoq.size=75489, eof=0
[2026-03-19 12:04:10.867] [info] [thread 30256] audio_stream: 1, video_stream: 0
[2026-03-19 12:04:10.867] [info] [thread 30256] audio packet pts: 6144, audio_pkt_size=410
[2026-03-19 12:04:10.867] [info] [thread 30256] read_thread loop: ret=0, pkt->stream_index=0, audioq.size=0, videoq.size=75489, eof=0
[2026-03-19 12:04:10.867] [info] [thread 30256] audio_stream: 1, video_stream: 0
[2026-03-19 12:04:10.867] [info] [thread 30256] read_thread loop: ret=0, pkt->stream_index=1, audioq.size=0, videoq.size=80384, eof=0
[2026-03-19 12:04:10.868] [info] [thread 30256] audio_stream: 1, video_stream: 0
[2026-03-19 12:04:10.868] [info] [thread 30256] audio packet pts: 7168, audio_pkt_size=351
[2026-03-19 12:04:10.868] [info] [thread 30256] read_thread loop: ret=0, pkt->stream_index=0, audioq.size=0, videoq.size=80384, eof=0
[2026-03-19 12:04:10.868] [info] [thread 30256] audio_stream: 1, video_stream: 0
[2026-03-19 12:04:10.869] [info] [thread 30256] read_thread loop: ret=0, pkt->stream_index=0, audioq.size=0, videoq.size=85093, eof=0
[2026-03-19 12:04:10.869] [info] [thread 30256] audio_stream: 1, video_stream: 0
[2026-03-19 12:04:10.869] [info] [thread 30256] read_thread loop: ret=0, pkt->stream_index=1, audioq.size=0, videoq.size=102323, eof=0
[2026-03-19 12:04:10.870] [info] [thread 30256] audio_stream: 1, video_stream: 0
[2026-03-19 12:04:10.870] [info] [thread 30256] audio packet pts: 8192, audio_pkt_size=439
[2026-03-19 12:04:10.870] [info] [thread 30256] read_thread loop: ret=0, pkt->stream_index=0, audioq.size=0, videoq.size=102323, eof=0
[2026-03-19 12:04:10.871] [info] [thread 30256] audio_stream: 1, video_stream: 0
[2026-03-19 12:04:10.871] [info] [thread 30256] read_thread loop: ret=0, pkt->stream_index=1, audioq.size=0, videoq.size=104335, eof=0
[2026-03-19 12:04:10.871] [info] [thread 30256] audio_stream: 1, video_stream: 0
[2026-03-19 12:04:10.871] [info] [thread 30256] audio packet pts: 9216, audio_pkt_size=424
[2026-03-19 12:04:10.872] [info] [thread 30256] read_thread loop: ret=0, pkt->stream_index=0, audioq.size=0, videoq.size=104335, eof=0
[2026-03-19 12:04:10.872] [info] [thread 30256] audio_stream: 1, video_stream: 0
[2026-03-19 12:04:10.872] [info] [thread 30256] read_thread loop: ret=0, pkt->stream_index=1, audioq.size=0, videoq.size=108773, eof=0
[2026-03-19 12:04:10.872] [info] [thread 30256] audio_stream: 1, video_stream: 0
[2026-03-19 12:04:10.873] [info] [thread 30256] audio packet pts: 10240, audio_pkt_size=427
[2026-03-19 12:04:10.873] [info] [thread 30256] read_thread loop: ret=0, pkt->stream_index=0, audioq.size=547, videoq.size=108773, eof=0
[2026-03-19 12:04:10.874] [info] [thread 30256] audio_stream: 1, video_stream: 0
[2026-03-19 12:04:10.874] [info] [thread 30256] read_thread loop: ret=0, pkt->stream_index=0, audioq.size=547, videoq.size=113102, eof=0
[2026-03-19 12:04:10.874] [info] [thread 30256] audio_stream: 1, video_stream: 0
[2026-03-19 12:04:10.874] [info] [thread 30256] read_thread loop: ret=0, pkt->stream_index=1, audioq.size=547, videoq.size=129780, eof=0
[2026-03-19 12:04:10.875] [info] [thread 30256] audio_stream: 1, video_stream: 0
[2026-03-19 12:04:10.875] [info] [thread 30256] audio packet pts: 11264, audio_pkt_size=424
[2026-03-19 12:04:10.875] [info] [thread 30256] read_thread loop: ret=0, pkt->stream_index=0, audioq.size=1091, videoq.size=129083, eof=0
[2026-03-19 12:04:10.875] [info] [thread 30256] audio_stream: 1, video_stream: 0
[2026-03-19 12:04:10.876] [info] [thread 30256] read_thread loop: ret=0, pkt->stream_index=1, audioq.size=1091, videoq.size=137422, eof=0
[2026-03-19 12:04:10.876] [info] [thread 30256] audio_stream: 1, video_stream: 0
[2026-03-19 12:04:10.876] [info] [thread 30256] audio packet pts: 12288, audio_pkt_size=408
[2026-03-19 12:04:10.876] [info] [thread 30256] read_thread loop: ret=0, pkt->stream_index=0, audioq.size=1619, videoq.size=137422, eof=0
[2026-03-19 12:04:10.877] [info] [thread 30256] audio_stream: 1, video_stream: 0
[2026-03-19 12:04:10.877] [info] [thread 30256] read_thread loop: ret=0, pkt->stream_index=0, audioq.size=1619, videoq.size=136327, eof=0
[2026-03-19 12:04:10.877] [info] [thread 30256] audio_stream: 1, video_stream: 0
[2026-03-19 12:04:10.878] [info] [thread 30256] read_thread loop: ret=0, pkt->stream_index=1, audioq.size=1619, videoq.size=141424, eof=0
[2026-03-19 12:04:10.878] [info] [thread 30256] audio_stream: 1, video_stream: 0
[2026-03-19 12:04:10.878] [info] [thread 30256] audio packet pts: 13312, audio_pkt_size=399
[2026-03-19 12:04:10.878] [info] [thread 30256] read_thread loop: ret=0, pkt->stream_index=0, audioq.size=2138, videoq.size=141424, eof=0
[2026-03-19 12:04:10.878] [info] [thread 30256] audio_stream: 1, video_stream: 0
[2026-03-19 12:04:10.879] [info] [thread 30256] read_thread loop: ret=0, pkt->stream_index=1, audioq.size=2138, videoq.size=160079, eof=0
[2026-03-19 12:04:10.879] [info] [thread 30256] audio_stream: 1, video_stream: 0
[2026-03-19 12:04:10.879] [info] [thread 30256] audio packet pts: 14336, audio_pkt_size=387
[2026-03-19 12:04:10.879] [info] [thread 30256] read_thread loop: ret=0, pkt->stream_index=0, audioq.size=2645, videoq.size=160079, eof=0
[2026-03-19 12:04:10.880] [info] [thread 30256] audio_stream: 1, video_stream: 0
[2026-03-19 12:04:10.880] [info] [thread 30256] read_thread loop: ret=0, pkt->stream_index=1, audioq.size=2645, videoq.size=169269, eof=0
[2026-03-19 12:04:10.881] [info] [thread 30256] audio_stream: 1, video_stream: 0
[2026-03-19 12:04:10.881] [info] [thread 30256] audio packet pts: 15360, audio_pkt_size=393
[2026-03-19 12:04:10.881] [info] [thread 30256] read_thread loop: ret=0, pkt->stream_index=0, audioq.size=3158, videoq.size=169269, eof=0
[2026-03-19 12:04:10.881] [info] [thread 30256] audio_stream: 1, video_stream: 0
[2026-03-19 12:04:10.882] [info] [thread 30256] read_thread loop: ret=0, pkt->stream_index=0, audioq.size=3158, videoq.size=174053, eof=0
[2026-03-19 12:04:10.882] [info] [thread 30256] audio_stream: 1, video_stream: 0
[2026-03-19 12:04:10.882] [info] [thread 30256] read_thread loop: ret=0, pkt->stream_index=1, audioq.size=3158, videoq.size=161963, eof=0
[2026-03-19 12:04:10.882] [info] [thread 29772] audio.nb_samples=1024, channels=2, channel_layout=stereo, format=8, sample_rate=44100
[2026-03-19 12:04:10.883] [info] [thread 29772] audio frame data pointers: data[0]=0x1f2aa220940, data[1]=0x1f2aa222980
[2026-03-19 12:04:10.883] [info] [thread 29772] Input layout: 'stereo', Output layout: 'stereo'
[2026-03-19 12:04:10.883] [info] [thread 30256] audio_stream: 1, video_stream: 0
[2026-03-19 12:04:10.883] [info] [thread 29772] is->audio_tgt.channel_layout.nb_channels=2, is->audio_tgt.fmt=s16, is->audio_tgt.freq=44100, dec_channel_layout.nb_channels=2, af->frame->format=fltp, af->frame->sample_rate=44100
[2026-03-19 12:04:10.883] [info] [thread 30256] audio packet pts: 16384, audio_pkt_size=380
[2026-03-19 12:04:10.884] [info] [thread 29772] audio.nb_samples=1024, channels=2, channel_layout=stereo, format=8, sample_rate=44100
[2026-03-19 12:04:10.884] [info] [thread 30256] read_thread loop: ret=0, pkt->stream_index=0, audioq.size=3111, videoq.size=161963, eof=0
[2026-03-19 12:04:10.884] [info] [thread 29772] audio frame data pointers: data[0]=0x1f2ac696cc0, data[1]=0x1f2a9d61180
[2026-03-19 12:04:10.885] [info] [thread 30256] audio_stream: 1, video_stream: 0
[2026-03-19 12:04:10.885] [info] [thread 30256] read_thread loop: ret=0, pkt->stream_index=1, audioq.size=3111, videoq.size=182879, eof=0
[2026-03-19 12:04:10.886] [info] [thread 30256] audio_stream: 1, video_stream: 0
[2026-03-19 12:04:10.886] [info] [thread 30256] audio packet pts: 17408, audio_pkt_size=395
[2026-03-19 12:04:10.886] [info] [thread 30256] read_thread loop: ret=0, pkt->stream_index=0, audioq.size=3626, videoq.size=182879, eof=0
[2026-03-19 12:04:10.886] [info] [thread 30256] audio_stream: 1, video_stream: 0
[2026-03-19 12:04:10.887] [info] [thread 30256] read_thread loop: ret=0, pkt->stream_index=0, audioq.size=3626, videoq.size=193432, eof=0
[2026-03-19 12:04:10.887] [info] [thread 30256] audio_stream: 1, video_stream: 0
[2026-03-19 12:04:10.887] [info] [thread 30256] read_thread loop: ret=0, pkt->stream_index=1, audioq.size=3626, videoq.size=199549, eof=0
[2026-03-19 12:04:10.888] [info] [thread 30256] audio_stream: 1, video_stream: 0
[2026-03-19 12:04:10.888] [info] [thread 30256] audio packet pts: 18432, audio_pkt_size=410
[2026-03-19 12:04:10.888] [info] [thread 30256] read_thread loop: ret=0, pkt->stream_index=0, audioq.size=4156, videoq.size=199549, eof=0
[2026-03-19 12:04:10.889] [info] [thread 30256] audio_stream: 1, video_stream: 0
[2026-03-19 12:04:10.889] [info] [thread 30256] read_thread loop: ret=0, pkt->stream_index=1, audioq.size=4156, videoq.size=205926, eof=0
[2026-03-19 12:04:10.889] [info] [thread 30256] audio_stream: 1, video_stream: 0
[2026-03-19 12:04:10.889] [info] [thread 30256] audio packet pts: 19456, audio_pkt_size=312
[2026-03-19 12:04:10.890] [info] [thread 30256] read_thread loop: ret=0, pkt->stream_index=0, audioq.size=4588, videoq.size=205926, eof=0
[2026-03-19 12:04:10.890] [info] [thread 30256] audio_stream: 1, video_stream: 0
[2026-03-19 12:04:10.890] [info] [thread 30256] read_thread loop: ret=0, pkt->stream_index=1, audioq.size=4588, videoq.size=225793, eof=0
[2026-03-19 12:04:10.891] [info] [thread 30256] audio_stream: 1, video_stream: 0
[2026-03-19 12:04:10.891] [info] [thread 30256] audio packet pts: 20480, audio_pkt_size=295
[2026-03-19 12:04:10.891] [info] [thread 30256] read_thread loop: ret=0, pkt->stream_index=0, audioq.size=5003, videoq.size=225793, eof=0
[2026-03-19 12:04:10.891] [info] [thread 30256] audio_stream: 1, video_stream: 0
[2026-03-19 12:04:10.891] [info] [thread 30256] read_thread loop: ret=0, pkt->stream_index=0, audioq.size=5003, videoq.size=235536, eof=0
[2026-03-19 12:04:10.892] [info] [thread 30256] audio_stream: 1, video_stream: 0
[2026-03-19 12:04:10.892] [info] [thread 30256] read_thread loop: ret=0, pkt->stream_index=1, audioq.size=5003, videoq.size=241638, eof=0
[2026-03-19 12:04:10.892] [info] [thread 30256] audio_stream: 1, video_stream: 0
[2026-03-19 12:04:10.892] [info] [thread 30256] audio packet pts: 21504, audio_pkt_size=310
[2026-03-19 12:04:10.892] [info] [thread 30256] read_thread loop: ret=0, pkt->stream_index=0, audioq.size=5433, videoq.size=241638, eof=0
[2026-03-19 12:04:10.893] [info] [thread 30256] audio_stream: 1, video_stream: 0
[2026-03-19 12:04:10.893] [info] [thread 30256] read_thread loop: ret=0, pkt->stream_index=1, audioq.size=5433, videoq.size=249420, eof=0
[2026-03-19 12:04:10.893] [info] [thread 30256] audio_stream: 1, video_stream: 0
[2026-03-19 12:04:10.893] [info] [thread 30256] audio packet pts: 22528, audio_pkt_size=311
[2026-03-19 12:04:10.893] [info] [thread 30256] read_thread loop: ret=0, pkt->stream_index=0, audioq.size=5864, videoq.size=249420, eof=0
[2026-03-19 12:04:10.894] [info] [thread 30256] audio_stream: 1, video_stream: 0
[2026-03-19 12:04:10.894] [info] [thread 30256] read_thread loop: ret=0, pkt->stream_index=0, audioq.size=5864, videoq.size=263672, eof=0
[2026-03-19 12:04:10.894] [info] [thread 30256] audio_stream: 1, video_stream: 0
[2026-03-19 12:04:10.894] [info] [thread 30256] read_thread loop: ret=0, pkt->stream_index=1, audioq.size=5864, videoq.size=269923, eof=0
[2026-03-19 12:04:10.894] [info] [thread 30256] audio_stream: 1, video_stream: 0
[2026-03-19 12:04:10.895] [info] [thread 30256] audio packet pts: 23552, audio_pkt_size=375
[2026-03-19 12:04:10.895] [info] [thread 30256] read_thread loop: ret=0, pkt->stream_index=0, audioq.size=6359, videoq.size=269923, eof=0
[2026-03-19 12:04:10.895] [info] [thread 30256] audio_stream: 1, video_stream: 0
[2026-03-19 12:04:10.895] [info] [thread 30256] read_thread loop: ret=0, pkt->stream_index=1, audioq.size=6359, videoq.size=285753, eof=0
[2026-03-19 12:04:10.896] [info] [thread 30256] audio_stream: 1, video_stream: 0
[2026-03-19 12:04:10.896] [info] [thread 30256] audio packet pts: 24576, audio_pkt_size=383
[2026-03-19 12:04:10.896] [info] [thread 30256] read_thread loop: ret=0, pkt->stream_index=0, audioq.size=6862, videoq.size=285753, eof=0
[2026-03-19 12:04:10.896] [info] [thread 30256] audio_stream: 1, video_stream: 0
[2026-03-19 12:04:10.896] [info] [thread 30256] read_thread loop: ret=0, pkt->stream_index=1, audioq.size=6862, videoq.size=294709, eof=0
[2026-03-19 12:04:10.896] [info] [thread 30256] audio_stream: 1, video_stream: 0
[2026-03-19 12:04:10.897] [info] [thread 30256] audio packet pts: 25600, audio_pkt_size=420
[2026-03-19 12:04:10.897] [info] [thread 30256] read_thread loop: ret=0, pkt->stream_index=0, audioq.size=7402, videoq.size=294709, eof=0
[2026-03-19 12:04:10.897] [info] [thread 30256] audio_stream: 1, video_stream: 0
[2026-03-19 12:04:10.897] [info] [thread 30256] read_thread loop: ret=0, pkt->stream_index=0, audioq.size=7402, videoq.size=301224, eof=0
[2026-03-19 12:04:10.898] [info] [thread 30256] audio_stream: 1, video_stream: 0
[2026-03-19 12:04:10.898] [info] [thread 30256] read_thread loop: ret=0, pkt->stream_index=1, audioq.size=7402, videoq.size=307066, eof=0
[2026-03-19 12:04:10.898] [info] [thread 30256] audio_stream: 1, video_stream: 0
[2026-03-19 12:04:10.898] [info] [thread 30256] audio packet pts: 26624, audio_pkt_size=367
[2026-03-19 12:04:10.898] [info] [thread 30256] read_thread loop: ret=0, pkt->stream_index=0, audioq.size=7889, videoq.size=307066, eof=0
[2026-03-19 12:04:10.899] [info] [thread 30256] audio_stream: 1, video_stream: 0
[2026-03-19 12:04:10.899] [info] [thread 30256] read_thread loop: ret=0, pkt->stream_index=1, audioq.size=7889, videoq.size=321794, eof=0
[2026-03-19 12:04:10.899] [info] [thread 30256] audio_stream: 1, video_stream: 0
[2026-03-19 12:04:10.900] [info] [thread 30256] audio packet pts: 27648, audio_pkt_size=335
[2026-03-19 12:04:10.900] [info] [thread 30256] read_thread loop: ret=0, pkt->stream_index=0, audioq.size=8344, videoq.size=321794, eof=0
[2026-03-19 12:04:10.900] [info] [thread 30256] audio_stream: 1, video_stream: 0
[2026-03-19 12:04:10.900] [info] [thread 30256] read_thread loop: ret=0, pkt->stream_index=1, audioq.size=8344, videoq.size=327265, eof=0
[2026-03-19 12:04:10.901] [info] [thread 30256] audio_stream: 1, video_stream: 0
[2026-03-19 12:04:10.901] [info] [thread 30256] audio packet pts: 28672, audio_pkt_size=340
[2026-03-19 12:04:10.902] [info] [thread 30256] read_thread loop: ret=0, pkt->stream_index=0, audioq.size=8804, videoq.size=327265, eof=0
[2026-03-19 12:04:10.902] [info] [thread 30256] audio_stream: 1, video_stream: 0
[2026-03-19 12:04:10.902] [info] [thread 30256] read_thread loop: ret=0, pkt->stream_index=0, audioq.size=8804, videoq.size=344792, eof=0
[2026-03-19 12:04:10.902] [info] [thread 30256] audio_stream: 1, video_stream: 0
[2026-03-19 12:04:10.903] [info] [thread 30256] read_thread loop: ret=0, pkt->stream_index=1, audioq.size=8804, videoq.size=353943, eof=0
[2026-03-19 12:04:10.903] [info] [thread 30256] audio_stream: 1, video_stream: 0
[2026-03-19 12:04:10.903] [info] [thread 30256] audio packet pts: 29696, audio_pkt_size=337
[2026-03-19 12:04:10.903] [info] [thread 30256] read_thread loop: ret=0, pkt->stream_index=0, audioq.size=9261, videoq.size=353943, eof=0
[2026-03-19 12:04:10.903] [info] [thread 30256] audio_stream: 1, video_stream: 0
[2026-03-19 12:04:10.904] [info] [thread 30256] read_thread loop: ret=0, pkt->stream_index=1, audioq.size=9261, videoq.size=359889, eof=0
[2026-03-19 12:04:10.904] [info] [thread 30256] audio_stream: 1, video_stream: 0
[2026-03-19 12:04:10.904] [info] [thread 30256] audio packet pts: 30720, audio_pkt_size=398
[2026-03-19 12:04:10.904] [info] [thread 30256] read_thread loop: ret=0, pkt->stream_index=0, audioq.size=9779, videoq.size=359889, eof=0
[2026-03-19 12:04:10.905] [info] [thread 30256] audio_stream: 1, video_stream: 0
[2026-03-19 12:04:10.905] [info] [thread 30256] read_thread loop: ret=0, pkt->stream_index=0, audioq.size=9779, videoq.size=366218, eof=0
[2026-03-19 12:04:10.905] [info] [thread 30256] audio_stream: 1, video_stream: 0
[2026-03-19 12:04:10.905] [info] [thread 30256] read_thread loop: ret=0, pkt->stream_index=1, audioq.size=9779, videoq.size=381859, eof=0
[2026-03-19 12:04:10.905] [info] [thread 30256] audio_stream: 1, video_stream: 0
[2026-03-19 12:04:10.906] [info] [thread 30256] audio packet pts: 31744, audio_pkt_size=436
[2026-03-19 12:04:10.906] [info] [thread 30256] read_thread loop: ret=0, pkt->stream_index=0, audioq.size=10335, videoq.size=381859, eof=0
[2026-03-19 12:04:10.906] [info] [thread 30256] audio_stream: 1, video_stream: 0
[2026-03-19 12:04:10.906] [info] [thread 30256] read_thread loop: ret=0, pkt->stream_index=1, audioq.size=10335, videoq.size=390637, eof=0
[2026-03-19 12:04:10.907] [info] [thread 30256] audio_stream: 1, video_stream: 0
[2026-03-19 12:04:10.907] [info] [thread 30256] audio packet pts: 32768, audio_pkt_size=414
[2026-03-19 12:04:10.907] [info] [thread 30256] read_thread loop: ret=0, pkt->stream_index=0, audioq.size=10869, videoq.size=390637, eof=0
[2026-03-19 12:04:10.907] [info] [thread 30256] audio_stream: 1, video_stream: 0
[2026-03-19 12:04:10.908] [info] [thread 30256] read_thread loop: ret=0, pkt->stream_index=1, audioq.size=10869, videoq.size=396973, eof=0
[2026-03-19 12:04:10.908] [info] [thread 30256] audio_stream: 1, video_stream: 0
[2026-03-19 12:04:10.908] [info] [thread 30256] audio packet pts: 33792, audio_pkt_size=319
[2026-03-19 12:04:10.908] [info] [thread 30256] read_thread loop: ret=0, pkt->stream_index=0, audioq.size=11308, videoq.size=396973, eof=0
[2026-03-19 12:04:10.909] [info] [thread 30256] audio_stream: 1, video_stream: 0
[2026-03-19 12:04:10.909] [info] [thread 30256] read_thread loop: ret=0, pkt->stream_index=0, audioq.size=11308, videoq.size=402197, eof=0
[2026-03-19 12:04:10.909] [info] [thread 30256] audio_stream: 1, video_stream: 0
[2026-03-19 12:04:10.909] [info] [thread 30256] read_thread loop: ret=0, pkt->stream_index=1, audioq.size=11308, videoq.size=418091, eof=0
[2026-03-19 12:04:10.909] [info] [thread 30256] audio_stream: 1, video_stream: 0
[2026-03-19 12:04:10.910] [info] [thread 30256] audio packet pts: 34816, audio_pkt_size=309
[2026-03-19 12:04:10.910] [info] [thread 30256] read_thread loop: ret=0, pkt->stream_index=0, audioq.size=11737, videoq.size=418091, eof=0
[2026-03-19 12:04:10.910] [info] [thread 30256] audio_stream: 1, video_stream: 0
[2026-03-19 12:04:10.910] [info] [thread 30256] read_thread loop: ret=0, pkt->stream_index=1, audioq.size=11737, videoq.size=418776, eof=0
[2026-03-19 12:04:10.910] [info] [thread 30256] audio_stream: 1, video_stream: 0
[2026-03-19 12:04:10.911] [info] [thread 30256] audio packet pts: 35840, audio_pkt_size=354
[2026-03-19 12:04:10.911] [info] [thread 30256] read_thread loop: ret=0, pkt->stream_index=0, audioq.size=12211, videoq.size=418776, eof=0
[2026-03-19 12:04:10.911] [info] [thread 30256] audio_stream: 1, video_stream: 0
[2026-03-19 12:04:10.911] [info] [thread 30256] read_thread loop: ret=0, pkt->stream_index=0, audioq.size=12211, videoq.size=424268, eof=0
[2026-03-19 12:04:10.911] [info] [thread 30256] audio_stream: 1, video_stream: 0
[2026-03-19 12:04:10.912] [info] [thread 30256] read_thread loop: ret=0, pkt->stream_index=1, audioq.size=12211, videoq.size=430641, eof=0
[2026-03-19 12:04:10.912] [info] [thread 30256] audio_stream: 1, video_stream: 0
[2026-03-19 12:04:10.912] [info] [thread 30256] audio packet pts: 36864, audio_pkt_size=322
[2026-03-19 12:04:10.912] [info] [thread 30256] read_thread loop: ret=0, pkt->stream_index=0, audioq.size=12653, videoq.size=430641, eof=0
[2026-03-19 12:04:10.913] [info] [thread 30256] audio_stream: 1, video_stream: 0
[2026-03-19 12:04:10.913] [info] [thread 30256] read_thread loop: ret=0, pkt->stream_index=1, audioq.size=12653, videoq.size=443734, eof=0
[2026-03-19 12:04:10.913] [info] [thread 30256] audio_stream: 1, video_stream: 0
[2026-03-19 12:04:10.913] [info] [thread 30256] audio packet pts: 37888, audio_pkt_size=385
[2026-03-19 12:04:10.914] [info] [thread 30256] read_thread loop: ret=0, pkt->stream_index=0, audioq.size=13158, videoq.size=443734, eof=0
[2026-03-19 12:04:10.914] [info] [thread 30256] audio_stream: 1, video_stream: 0
[2026-03-19 12:04:10.914] [info] [thread 30256] read_thread loop: ret=0, pkt->stream_index=1, audioq.size=13158, videoq.size=449295, eof=0
[2026-03-19 12:04:10.914] [info] [thread 30256] audio_stream: 1, video_stream: 0
[2026-03-19 12:04:10.915] [info] [thread 30256] audio packet pts: 38912, audio_pkt_size=435
[2026-03-19 12:04:10.915] [info] [thread 30256] read_thread loop: ret=0, pkt->stream_index=0, audioq.size=13713, videoq.size=449295, eof=0
[2026-03-19 12:04:10.915] [info] [thread 30256] audio_stream: 1, video_stream: 0
[2026-03-19 12:04:10.916] [info] [thread 30256] read_thread loop: ret=0, pkt->stream_index=0, audioq.size=13713, videoq.size=462695, eof=0
[2026-03-19 12:04:10.916] [info] [thread 30256] audio_stream: 1, video_stream: 0
[2026-03-19 12:04:10.916] [info] [thread 30256] read_thread loop: ret=0, pkt->stream_index=1, audioq.size=13713, videoq.size=470217, eof=0
[2026-03-19 12:04:10.917] [info] [thread 30256] audio_stream: 1, video_stream: 0
[2026-03-19 12:04:10.917] [info] [thread 30256] audio packet pts: 39936, audio_pkt_size=394
[2026-03-19 12:04:10.917] [info] [thread 30256] read_thread loop: ret=0, pkt->stream_index=0, audioq.size=14227, videoq.size=470217, eof=0
[2026-03-19 12:04:10.917] [info] [thread 30256] audio_stream: 1, video_stream: 0
[2026-03-19 12:04:10.918] [info] [thread 30256] read_thread loop: ret=0, pkt->stream_index=1, audioq.size=14227, videoq.size=475682, eof=0
[2026-03-19 12:04:10.918] [info] [thread 30256] audio_stream: 1, video_stream: 0
[2026-03-19 12:04:10.918] [info] [thread 30256] audio packet pts: 40960, audio_pkt_size=438
[2026-03-19 12:04:10.918] [info] [thread 30256] read_thread loop: ret=0, pkt->stream_index=0, audioq.size=14785, videoq.size=475682, eof=0
[2026-03-19 12:04:10.919] [info] [thread 30256] audio_stream: 1, video_stream: 0
[2026-03-19 12:04:10.919] [info] [thread 30256] read_thread loop: ret=0, pkt->stream_index=0, audioq.size=14785, videoq.size=481139, eof=0
[2026-03-19 12:04:10.919] [info] [thread 30256] audio_stream: 1, video_stream: 0
[2026-03-19 12:04:10.920] [info] [thread 30256] read_thread loop: ret=0, pkt->stream_index=1, audioq.size=14785, videoq.size=495595, eof=0
[2026-03-19 12:04:10.920] [info] [thread 30256] audio_stream: 1, video_stream: 0
[2026-03-19 12:04:10.920] [info] [thread 30256] audio packet pts: 41984, audio_pkt_size=333
[2026-03-19 12:04:10.920] [info] [thread 30256] read_thread loop: ret=0, pkt->stream_index=0, audioq.size=15238, videoq.size=495595, eof=0
[2026-03-19 12:04:10.921] [info] [thread 30256] audio_stream: 1, video_stream: 0
[2026-03-19 12:04:10.921] [info] [thread 30256] read_thread loop: ret=0, pkt->stream_index=1, audioq.size=15238, videoq.size=502127, eof=0
[2026-03-19 12:04:10.921] [info] [thread 30256] audio_stream: 1, video_stream: 0
[2026-03-19 12:04:10.921] [info] [thread 30256] audio packet pts: 43008, audio_pkt_size=335
[2026-03-19 12:04:10.922] [info] [thread 30256] read_thread loop: ret=0, pkt->stream_index=0, audioq.size=15693, videoq.size=502127, eof=0
[2026-03-19 12:04:10.922] [info] [thread 30256] audio_stream: 1, video_stream: 0
[2026-03-19 12:04:10.922] [info] [thread 30256] read_thread loop: ret=0, pkt->stream_index=1, audioq.size=15693, videoq.size=506280, eof=0
[2026-03-19 12:04:10.922] [info] [thread 30256] audio_stream: 1, video_stream: 0
[2026-03-19 12:04:10.923] [info] [thread 30256] audio packet pts: 44032, audio_pkt_size=420
[2026-03-19 12:04:10.923] [info] [thread 30256] read_thread loop: ret=0, pkt->stream_index=0, audioq.size=16233, videoq.size=506280, eof=0
[2026-03-19 12:04:10.923] [info] [thread 30256] audio_stream: 1, video_stream: 0
[2026-03-19 12:04:10.923] [info] [thread 30256] read_thread loop: ret=0, pkt->stream_index=0, audioq.size=16233, videoq.size=510285, eof=0
[2026-03-19 12:04:10.923] [info] [thread 30256] audio_stream: 1, video_stream: 0
[2026-03-19 12:04:10.924] [info] [thread 30256] read_thread loop: ret=0, pkt->stream_index=1, audioq.size=16233, videoq.size=526047, eof=0
[2026-03-19 12:04:10.924] [info] [thread 30256] audio_stream: 1, video_stream: 0
[2026-03-19 12:04:10.924] [info] [thread 30256] audio packet pts: 45056, audio_pkt_size=314
[2026-03-19 12:04:10.924] [info] [thread 30256] read_thread loop: ret=0, pkt->stream_index=0, audioq.size=16667, videoq.size=526047, eof=0
[2026-03-19 12:04:10.924] [info] [thread 30256] audio_stream: 1, video_stream: 0
[2026-03-19 12:04:10.925] [info] [thread 30256] read_thread loop: ret=0, pkt->stream_index=1, audioq.size=16667, videoq.size=534005, eof=0
[2026-03-19 12:04:10.925] [info] [thread 30256] audio_stream: 1, video_stream: 0
[2026-03-19 12:04:10.925] [info] [thread 30256] audio packet pts: 46080, audio_pkt_size=331
[2026-03-19 12:04:10.925] [info] [thread 30256] read_thread loop: ret=0, pkt->stream_index=0, audioq.size=17118, videoq.size=534005, eof=0
[2026-03-19 12:04:10.925] [info] [thread 30256] audio_stream: 1, video_stream: 0
[2026-03-19 12:04:10.925] [info] [thread 30256] read_thread loop: ret=0, pkt->stream_index=0, audioq.size=17118, videoq.size=539024, eof=0
[2026-03-19 12:04:10.926] [info] [thread 30256] audio_stream: 1, video_stream: 0
[2026-03-19 12:04:10.926] [info] [thread 30256] read_thread loop: ret=0, pkt->stream_index=1, audioq.size=17118, videoq.size=544285, eof=0
[2026-03-19 12:04:10.926] [info] [thread 30256] audio_stream: 1, video_stream: 0
[2026-03-19 12:04:10.926] [info] [thread 30256] audio packet pts: 47104, audio_pkt_size=421
[2026-03-19 12:04:10.927] [info] [thread 30256] read_thread loop: ret=0, pkt->stream_index=0, audioq.size=17659, videoq.size=544285, eof=0
[2026-03-19 12:04:10.927] [info] [thread 30256] audio_stream: 1, video_stream: 0
[2026-03-19 12:04:10.927] [info] [thread 30256] read_thread loop: ret=0, pkt->stream_index=1, audioq.size=17659, videoq.size=553080, eof=0
[2026-03-19 12:04:10.928] [info] [thread 30256] audio_stream: 1, video_stream: 0
[2026-03-19 12:04:10.928] [info] [thread 30256] audio packet pts: 48128, audio_pkt_size=428
[2026-03-19 12:04:10.928] [info] [thread 30256] read_thread loop: ret=0, pkt->stream_index=0, audioq.size=18207, videoq.size=553080, eof=0
[2026-03-19 12:04:10.928] [info] [thread 30256] audio_stream: 1, video_stream: 0
[2026-03-19 12:04:10.929] [info] [thread 30256] read_thread loop: ret=0, pkt->stream_index=1, audioq.size=18207, videoq.size=562759, eof=0
[2026-03-19 12:04:10.929] [info] [thread 30256] audio_stream: 1, video_stream: 0
[2026-03-19 12:04:10.929] [info] [thread 30256] audio packet pts: 49152, audio_pkt_size=409
[2026-03-19 12:04:10.929] [info] [thread 30256] read_thread loop: ret=0, pkt->stream_index=0, audioq.size=18736, videoq.size=562759, eof=0
[2026-03-19 12:04:10.930] [info] [thread 30256] audio_stream: 1, video_stream: 0
[2026-03-19 12:04:10.930] [info] [thread 30256] read_thread loop: ret=0, pkt->stream_index=0, audioq.size=18736, videoq.size=568496, eof=0
[2026-03-19 12:04:10.930] [info] [thread 30256] audio_stream: 1, video_stream: 0
[2026-03-19 12:04:10.931] [info] [thread 30256] read_thread loop: ret=0, pkt->stream_index=1, audioq.size=18736, videoq.size=574090, eof=0
[2026-03-19 12:04:10.931] [info] [thread 30256] audio_stream: 1, video_stream: 0
[2026-03-19 12:04:10.931] [info] [thread 30256] audio packet pts: 50176, audio_pkt_size=329
[2026-03-19 12:04:10.931] [info] [thread 30256] read_thread loop: ret=0, pkt->stream_index=0, audioq.size=19185, videoq.size=574090, eof=0
[2026-03-19 12:04:10.932] [info] [thread 30256] audio_stream: 1, video_stream: 0
[2026-03-19 12:04:10.932] [info] [thread 30256] read_thread loop: ret=0, pkt->stream_index=1, audioq.size=19185, videoq.size=586582, eof=0
[2026-03-19 12:04:10.932] [info] [thread 30256] audio_stream: 1, video_stream: 0
[2026-03-19 12:04:10.932] [info] [thread 29772] audio.nb_samples=1024, channels=2, channel_layout=stereo, format=8, sample_rate=44100
[2026-03-19 12:04:10.932] [info] [thread 30256] audio packet pts: 51200, audio_pkt_size=374
[2026-03-19 12:04:10.933] [info] [thread 29772] audio frame data pointers: data[0]=0x1f2a9d63380, data[1]=0x1f2a9d65580
[2026-03-19 12:04:10.933] [info] [thread 30256] read_thread loop: ret=0, pkt->stream_index=0, audioq.size=19135, videoq.size=586582, eof=0
[2026-03-19 12:04:10.933] [info] [thread 29772] audio.nb_samples=1024, channels=2, channel_layout=stereo, format=8, sample_rate=44100
[2026-03-19 12:04:10.933] [info] [thread 30256] audio_stream: 1, video_stream: 0
[2026-03-19 12:04:10.934] [info] [thread 29772] audio frame data pointers: data[0]=0x1f2a9d5ef80, data[1]=0x1f2a9d699c0
[2026-03-19 12:04:10.934] [info] [thread 30256] read_thread loop: ret=0, pkt->stream_index=1, audioq.size=18607, videoq.size=592349, eof=0
[2026-03-19 12:04:10.934] [info] [thread 30256] audio_stream: 1, video_stream: 0
[2026-03-19 12:04:10.935] [info] [thread 30256] audio packet pts: 52224, audio_pkt_size=335
[2026-03-19 12:04:10.935] [info] [thread 30256] read_thread loop: ret=0, pkt->stream_index=0, audioq.size=19062, videoq.size=592349, eof=0
[2026-03-19 12:04:10.935] [info] [thread 30256] audio_stream: 1, video_stream: 0
[2026-03-19 12:04:10.936] [info] [thread 30256] read_thread loop: ret=0, pkt->stream_index=0, audioq.size=19062, videoq.size=606450, eof=0
[2026-03-19 12:04:10.936] [info] [thread 30256] audio_stream: 1, video_stream: 0
[2026-03-19 12:04:10.936] [info] [thread 30256] read_thread loop: ret=0, pkt->stream_index=1, audioq.size=19062, videoq.size=613268, eof=0
[2026-03-19 12:04:10.936] [info] [thread 30256] audio_stream: 1, video_stream: 0
[2026-03-19 12:04:10.937] [info] [thread 30256] audio packet pts: 53248, audio_pkt_size=427
[2026-03-19 12:04:10.937] [info] [thread 30256] read_thread loop: ret=0, pkt->stream_index=0, audioq.size=19609, videoq.size=613268, eof=0
[2026-03-19 12:04:10.937] [info] [thread 30256] audio_stream: 1, video_stream: 0
[2026-03-19 12:04:10.938] [info] [thread 30256] read_thread loop: ret=0, pkt->stream_index=1, audioq.size=19609, videoq.size=628172, eof=0
[2026-03-19 12:04:10.938] [info] [thread 30256] audio_stream: 1, video_stream: 0
[2026-03-19 12:04:10.938] [info] [thread 30256] audio packet pts: 54272, audio_pkt_size=354
[2026-03-19 12:04:10.938] [info] [thread 30256] read_thread loop: ret=0, pkt->stream_index=0, audioq.size=20083, videoq.size=628172, eof=0
[2026-03-19 12:04:10.938] [info] [thread 30256] audio_stream: 1, video_stream: 0
[2026-03-19 12:04:10.938] [info] [thread 30256] read_thread loop: ret=0, pkt->stream_index=0, audioq.size=20083, videoq.size=637230, eof=0
[2026-03-19 12:04:10.939] [info] [thread 30256] audio_stream: 1, video_stream: 0
[2026-03-19 12:04:10.939] [info] [thread 30256] read_thread loop: ret=0, pkt->stream_index=1, audioq.size=20083, videoq.size=643991, eof=0
[2026-03-19 12:04:10.939] [info] [thread 30256] audio_stream: 1, video_stream: 0
[2026-03-19 12:04:10.939] [info] [thread 30256] audio packet pts: 55296, audio_pkt_size=396
[2026-03-19 12:04:10.939] [info] [thread 30256] read_thread loop: ret=0, pkt->stream_index=0, audioq.size=20599, videoq.size=643991, eof=0
[2026-03-19 12:04:10.940] [info] [thread 30256] audio_stream: 1, video_stream: 0
[2026-03-19 12:04:10.940] [info] [thread 30256] read_thread loop: ret=0, pkt->stream_index=1, audioq.size=20599, videoq.size=649875, eof=0
[2026-03-19 12:04:10.940] [info] [thread 30256] audio_stream: 1, video_stream: 0
[2026-03-19 12:04:10.940] [info] [thread 30256] audio packet pts: 56320, audio_pkt_size=375
[2026-03-19 12:04:10.941] [info] [thread 30256] read_thread loop: ret=0, pkt->stream_index=0, audioq.size=21094, videoq.size=649875, eof=0
[2026-03-19 12:04:10.941] [info] [thread 30256] audio_stream: 1, video_stream: 0
[2026-03-19 12:04:10.941] [info] [thread 30256] read_thread loop: ret=0, pkt->stream_index=1, audioq.size=21094, videoq.size=672168, eof=0
[2026-03-19 12:04:10.941] [info] [thread 30256] audio_stream: 1, video_stream: 0
[2026-03-19 12:04:10.941] [info] [thread 30256] audio packet pts: 57344, audio_pkt_size=322
[2026-03-19 12:04:10.973] [info] [thread 29772] audio.nb_samples=1024, channels=2, channel_layout=stereo, format=8, sample_rate=44100
[2026-03-19 12:04:10.973] [info] [thread 29772] audio frame data pointers: data[0]=0x1f2a9d677c0, data[1]=0x1f2a9d6bbc0
[2026-03-19 12:04:10.973] [info] [thread 29772] audio.nb_samples=1024, channels=2, channel_layout=stereo, format=8, sample_rate=44100
[2026-03-19 12:04:10.973] [info] [thread 29772] audio frame data pointers: data[0]=0x1f2a9d70000, data[1]=0x1f2a9d6ddc0
[2026-03-19 12:04:10.993] [info] [thread 30256] read_thread loop: ret=0, pkt->stream_index=0, audioq.size=20510, videoq.size=640096, eof=0
[2026-03-19 12:04:10.993] [info] [thread 30256] audio_stream: 1, video_stream: 0
[2026-03-19 12:04:10.994] [info] [thread 30256] read_thread loop: ret=0, pkt->stream_index=0, audioq.size=20510, videoq.size=653043, eof=0
[2026-03-19 12:04:10.994] [info] [thread 30256] audio_stream: 1, video_stream: 0
[2026-03-19 12:04:10.995] [info] [thread 30256] read_thread loop: ret=0, pkt->stream_index=1, audioq.size=20510, videoq.size=655964, eof=0
[2026-03-19 12:04:10.995] [info] [thread 30256] audio_stream: 1, video_stream: 0
[2026-03-19 12:04:10.995] [info] [thread 30256] audio packet pts: 58368, audio_pkt_size=328
[2026-03-19 12:04:10.995] [info] [thread 30256] read_thread loop: ret=0, pkt->stream_index=0, audioq.size=20958, videoq.size=655964, eof=0
[2026-03-19 12:04:10.996] [info] [thread 30256] audio_stream: 1, video_stream: 0
[2026-03-19 12:04:10.996] [info] [thread 30256] read_thread loop: ret=0, pkt->stream_index=1, audioq.size=20958, videoq.size=666005, eof=0
[2026-03-19 12:04:10.996] [info] [thread 30256] audio_stream: 1, video_stream: 0
[2026-03-19 12:04:10.996] [info] [thread 30256] audio packet pts: 59392, audio_pkt_size=330
[2026-03-19 12:04:11.023] [info] [thread 29772] audio.nb_samples=1024, channels=2, channel_layout=stereo, format=8, sample_rate=44100
[2026-03-19 12:04:11.023] [info] [thread 29772] audio frame data pointers: data[0]=0x1f2a9d78840, data[1]=0x1f2a9d76600
[2026-03-19 12:04:11.024] [info] [thread 29772] audio.nb_samples=1024, channels=2, channel_layout=stereo, format=8, sample_rate=44100
[2026-03-19 12:04:11.024] [info] [thread 29772] audio frame data pointers: data[0]=0x1f2a9d72200, data[1]=0x1f2a9d7aa40
[2026-03-19 12:04:11.027] [info] [thread 30256] read_thread loop: ret=0, pkt->stream_index=0, audioq.size=20395, videoq.size=644066, eof=0
[2026-03-19 12:04:11.028] [info] [thread 30256] audio_stream: 1, video_stream: 0
[2026-03-19 12:04:11.029] [info] [thread 30256] read_thread loop: ret=0, pkt->stream_index=0, audioq.size=20395, videoq.size=661008, eof=0
[2026-03-19 12:04:11.029] [info] [thread 30256] audio_stream: 1, video_stream: 0
[2026-03-19 12:04:11.029] [info] [thread 30256] read_thread loop: ret=0, pkt->stream_index=1, audioq.size=20395, videoq.size=672543, eof=0
[2026-03-19 12:04:11.030] [info] [thread 30256] audio_stream: 1, video_stream: 0
[2026-03-19 12:04:11.030] [info] [thread 30256] audio packet pts: 60416, audio_pkt_size=345
[2026-03-19 12:04:11.030] [info] [thread 30256] read_thread loop: ret=0, pkt->stream_index=0, audioq.size=20860, videoq.size=672543, eof=0
[2026-03-19 12:04:11.030] [info] [thread 30256] audio_stream: 1, video_stream: 0
[2026-03-19 12:04:11.031] [info] [thread 30256] read_thread loop: ret=0, pkt->stream_index=1, audioq.size=20860, videoq.size=685696, eof=0
[2026-03-19 12:04:11.031] [info] [thread 30256] audio_stream: 1, video_stream: 0
[2026-03-19 12:04:11.031] [info] [thread 30256] audio packet pts: 61440, audio_pkt_size=351
[2026-03-19 12:04:11.073] [info] [thread 29772] audio.nb_samples=1024, channels=2, channel_layout=stereo, format=8, sample_rate=44100
[2026-03-19 12:04:11.073] [info] [thread 29772] audio frame data pointers: data[0]=0x1f2a9d74400, data[1]=0x1f2a9d7cc40
[2026-03-19 12:04:11.073] [info] [thread 29772] audio.nb_samples=1024, channels=2, channel_layout=stereo, format=8, sample_rate=44100
[2026-03-19 12:04:11.074] [info] [thread 29772] audio frame data pointers: data[0]=0x1f2aca5c100, data[1]=0x1f2aca59f00
[2026-03-19 12:04:11.083] [info] [thread 30256] read_thread loop: ret=0, pkt->stream_index=0, audioq.size=20286, videoq.size=669398, eof=0
[2026-03-19 12:04:11.083] [info] [thread 30256] audio_stream: 1, video_stream: 0
[2026-03-19 12:04:11.084] [info] [thread 30256] read_thread loop: ret=0, pkt->stream_index=1, audioq.size=20286, videoq.size=684404, eof=0
[2026-03-19 12:04:11.084] [info] [thread 30256] audio_stream: 1, video_stream: 0
[2026-03-19 12:04:11.084] [info] [thread 30256] audio packet pts: 62464, audio_pkt_size=351
[2026-03-19 12:04:11.084] [info] [thread 30256] read_thread loop: ret=0, pkt->stream_index=0, audioq.size=20757, videoq.size=684404, eof=0
[2026-03-19 12:04:11.085] [info] [thread 30256] audio_stream: 1, video_stream: 0
[2026-03-19 12:04:11.085] [info] [thread 30256] read_thread loop: ret=0, pkt->stream_index=0, audioq.size=20757, videoq.size=693992, eof=0
[2026-03-19 12:04:11.085] [info] [thread 30256] audio_stream: 1, video_stream: 0
[2026-03-19 12:04:11.085] [info] [thread 30256] read_thread loop: ret=0, pkt->stream_index=1, audioq.size=20757, videoq.size=701714, eof=0
[2026-03-19 12:04:11.086] [info] [thread 30256] audio_stream: 1, video_stream: 0
[2026-03-19 12:04:11.086] [info] [thread 30256] audio packet pts: 63488, audio_pkt_size=361
[2026-03-19 12:04:11.113] [info] [thread 29772] audio.nb_samples=1024, channels=2, channel_layout=stereo, format=8, sample_rate=44100
[2026-03-19 12:04:11.113] [info] [thread 29772] audio frame data pointers: data[0]=0x1f2aa222980, data[1]=0x1f2aa220940
[2026-03-19 12:04:11.114] [info] [thread 29772] audio.nb_samples=1024, channels=2, channel_layout=stereo, format=8, sample_rate=44100
[2026-03-19 12:04:11.114] [info] [thread 29772] audio frame data pointers: data[0]=0x1f2a9d61180, data[1]=0x1f2ac696cc0
[2026-03-19 12:04:11.117] [info] [thread 30256] read_thread loop: ret=0, pkt->stream_index=0, audioq.size=20391, videoq.size=676697, eof=0
[2026-03-19 12:04:11.118] [info] [thread 30256] audio_stream: 1, video_stream: 0
[2026-03-19 12:04:11.118] [info] [thread 30256] read_thread loop: ret=0, pkt->stream_index=1, audioq.size=20391, videoq.size=688215, eof=0
[2026-03-19 12:04:11.119] [info] [thread 30256] audio_stream: 1, video_stream: 0
[2026-03-19 12:04:11.119] [info] [thread 30256] audio packet pts: 64512, audio_pkt_size=355
[2026-03-19 12:04:11.120] [info] [thread 30256] read_thread loop: ret=0, pkt->stream_index=0, audioq.size=20866, videoq.size=688215, eof=0
[2026-03-19 12:04:11.120] [info] [thread 30256] audio_stream: 1, video_stream: 0
[2026-03-19 12:04:11.120] [info] [thread 30256] read_thread loop: ret=0, pkt->stream_index=0, audioq.size=20866, videoq.size=705518, eof=0
[2026-03-19 12:04:11.120] [info] [thread 30256] audio_stream: 1, video_stream: 0
[2026-03-19 12:04:11.121] [info] [thread 30256] read_thread loop: ret=0, pkt->stream_index=1, audioq.size=20866, videoq.size=715407, eof=0
[2026-03-19 12:04:11.121] [info] [thread 30256] audio_stream: 1, video_stream: 0
[2026-03-19 12:04:11.121] [info] [thread 30256] audio packet pts: 65536, audio_pkt_size=352
[2026-03-19 12:04:11.162] [info] [thread 29772] audio.nb_samples=1024, channels=2, channel_layout=stereo, format=8, sample_rate=44100
[2026-03-19 12:04:11.163] [info] [thread 30256] read_thread loop: ret=0, pkt->stream_index=0, audioq.size=20908, videoq.size=687288, eof=0
[2026-03-19 12:04:11.163] [info] [thread 29772] audio frame data pointers: data[0]=0x1f2a9d65580, data[1]=0x1f2a9d63380
[2026-03-19 12:04:11.163] [info] [thread 30256] audio_stream: 1, video_stream: 0
[2026-03-19 12:04:11.164] [info] [thread 30256] read_thread loop: ret=0, pkt->stream_index=1, audioq.size=20477, videoq.size=708115, eof=0
[2026-03-19 12:04:11.163] [info] [thread 29772] audio.nb_samples=1024, channels=2, channel_layout=stereo, format=8, sample_rate=44100
[2026-03-19 12:04:11.165] [info] [thread 29772] audio frame data pointers: data[0]=0x1f2a9d699c0, data[1]=0x1f2a9d5ef80
[2026-03-19 12:04:11.164] [info] [thread 30256] audio_stream: 1, video_stream: 0
[2026-03-19 12:04:11.165] [info] [thread 30256] audio packet pts: 66560, audio_pkt_size=383
[2026-03-19 12:04:11.166] [info] [thread 30256] read_thread loop: ret=0, pkt->stream_index=0, audioq.size=20980, videoq.size=708115, eof=0
[2026-03-19 12:04:11.166] [info] [thread 30256] audio_stream: 1, video_stream: 0
[2026-03-19 12:04:11.166] [info] [thread 30256] read_thread loop: ret=0, pkt->stream_index=1, audioq.size=20980, videoq.size=721886, eof=0
[2026-03-19 12:04:11.167] [info] [thread 30256] audio_stream: 1, video_stream: 0
[2026-03-19 12:04:11.167] [info] [thread 30256] audio packet pts: 67584, audio_pkt_size=351
[2026-03-19 12:04:11.212] [info] [thread 29772] audio.nb_samples=1024, channels=2, channel_layout=stereo, format=8, sample_rate=44100
[2026-03-19 12:04:11.213] [info] [thread 29772] audio frame data pointers: data[0]=0x1f2a9d6bbc0, data[1]=0x1f2a9d677c0
[2026-03-19 12:04:11.213] [info] [thread 29772] audio.nb_samples=1024, channels=2, channel_layout=stereo, format=8, sample_rate=44100
[2026-03-19 12:04:11.213] [info] [thread 29772] audio frame data pointers: data[0]=0x1f2a9d6ddc0, data[1]=0x1f2a9d70000
[2026-03-19 12:04:11.230] [info] [thread 30256] read_thread loop: ret=0, pkt->stream_index=0, audioq.size=20453, videoq.size=681267, eof=0
[2026-03-19 12:04:11.230] [info] [thread 30256] audio_stream: 1, video_stream: 0
[2026-03-19 12:04:11.230] [info] [thread 30256] read_thread loop: ret=0, pkt->stream_index=0, audioq.size=20453, videoq.size=704222, eof=0
[2026-03-19 12:04:11.231] [info] [thread 30256] audio_stream: 1, video_stream: 0
[2026-03-19 12:04:11.231] [info] [thread 30256] read_thread loop: ret=0, pkt->stream_index=1, audioq.size=20453, videoq.size=719513, eof=0
[2026-03-19 12:04:11.232] [info] [thread 30256] audio_stream: 1, video_stream: 0
[2026-03-19 12:04:11.232] [info] [thread 30256] audio packet pts: 68608, audio_pkt_size=365
[2026-03-19 12:04:11.233] [info] [thread 30256] read_thread loop: ret=0, pkt->stream_index=0, audioq.size=20938, videoq.size=719513, eof=0
[2026-03-19 12:04:11.233] [info] [thread 30256] audio_stream: 1, video_stream: 0
[2026-03-19 12:04:11.233] [info] [thread 30256] read_thread loop: ret=0, pkt->stream_index=1, audioq.size=20938, videoq.size=733999, eof=0
[2026-03-19 12:04:11.234] [info] [thread 30256] audio_stream: 1, video_stream: 0
[2026-03-19 12:04:11.234] [info] [thread 30256] audio packet pts: 69632, audio_pkt_size=409
[2026-03-19 12:04:11.252] [info] [thread 29772] audio.nb_samples=1024, channels=2, channel_layout=stereo, format=8, sample_rate=44100
[2026-03-19 12:04:11.253] [info] [thread 29772] audio frame data pointers: data[0]=0x1f2a9d76600, data[1]=0x1f2a9d78840
[2026-03-19 12:04:11.253] [info] [thread 29772] audio.nb_samples=1024, channels=2, channel_layout=stereo, format=8, sample_rate=44100
[2026-03-19 12:04:11.253] [info] [thread 29772] audio frame data pointers: data[0]=0x1f2a9d7aa40, data[1]=0x1f2a9d72200
[2026-03-19 12:04:11.254] [info] [thread 30256] read_thread loop: ret=0, pkt->stream_index=0, audioq.size=20440, videoq.size=723446, eof=0
[2026-03-19 12:04:11.255] [info] [thread 30256] audio_stream: 1, video_stream: 0
[2026-03-19 12:04:11.256] [info] [thread 30256] read_thread loop: ret=0, pkt->stream_index=0, audioq.size=20440, videoq.size=731889, eof=0
[2026-03-19 12:04:11.256] [info] [thread 30256] audio_stream: 1, video_stream: 0
[2026-03-19 12:04:11.256] [info] [thread 30256] read_thread loop: ret=0, pkt->stream_index=1, audioq.size=20440, videoq.size=748078, eof=0
[2026-03-19 12:04:11.256] [info] [thread 30256] audio_stream: 1, video_stream: 0
[2026-03-19 12:04:11.256] [info] [thread 30256] audio packet pts: 70656, audio_pkt_size=424
[2026-03-19 12:04:11.257] [info] [thread 30256] read_thread loop: ret=0, pkt->stream_index=0, audioq.size=20984, videoq.size=748078, eof=0
[2026-03-19 12:04:11.257] [info] [thread 30256] audio_stream: 1, video_stream: 0
[2026-03-19 12:04:11.257] [info] [thread 30256] read_thread loop: ret=0, pkt->stream_index=1, audioq.size=20984, videoq.size=758098, eof=0
[2026-03-19 12:04:11.257] [info] [thread 30256] audio_stream: 1, video_stream: 0
[2026-03-19 12:04:11.258] [info] [thread 30256] audio packet pts: 71680, audio_pkt_size=356
[2026-03-19 12:04:11.302] [info] [thread 29772] audio.nb_samples=1024, channels=2, channel_layout=stereo, format=8, sample_rate=44100
[2026-03-19 12:04:11.303] [info] [thread 29772] audio frame data pointers: data[0]=0x1f2a9d7cc40, data[1]=0x1f2a9d74400
[2026-03-19 12:04:11.303] [info] [thread 29772] audio.nb_samples=1024, channels=2, channel_layout=stereo, format=8, sample_rate=44100
[2026-03-19 12:04:11.303] [info] [thread 29772] audio frame data pointers: data[0]=0x1f2aca59f00, data[1]=0x1f2aca5c100
[2026-03-19 12:04:11.322] [info] [thread 30256] read_thread loop: ret=0, pkt->stream_index=0, audioq.size=20545, videoq.size=715994, eof=0
[2026-03-19 12:04:11.322] [info] [thread 30256] audio_stream: 1, video_stream: 0
[2026-03-19 12:04:11.323] [info] [thread 30256] read_thread loop: ret=0, pkt->stream_index=1, audioq.size=20545, videoq.size=723208, eof=0
[2026-03-19 12:04:11.323] [info] [thread 30256] audio_stream: 1, video_stream: 0
[2026-03-19 12:04:11.323] [info] [thread 30256] audio packet pts: 72704, audio_pkt_size=347
[2026-03-19 12:04:11.324] [info] [thread 30256] read_thread loop: ret=0, pkt->stream_index=0, audioq.size=21012, videoq.size=723208, eof=0
[2026-03-19 12:04:11.324] [info] [thread 30256] audio_stream: 1, video_stream: 0
[2026-03-19 12:04:11.325] [info] [thread 30256] read_thread loop: ret=0, pkt->stream_index=0, audioq.size=21012, videoq.size=729086, eof=0
[2026-03-19 12:04:11.325] [info] [thread 30256] audio_stream: 1, video_stream: 0
[2026-03-19 12:04:11.325] [info] [thread 30256] read_thread loop: ret=0, pkt->stream_index=1, audioq.size=21012, videoq.size=743831, eof=0
[2026-03-19 12:04:11.325] [info] [thread 30256] audio_stream: 1, video_stream: 0
[2026-03-19 12:04:11.326] [info] [thread 30256] audio packet pts: 73728, audio_pkt_size=349
[2026-03-19 12:04:11.352] [info] [thread 29772] audio.nb_samples=1024, channels=2, channel_layout=stereo, format=8, sample_rate=44100
[2026-03-19 12:04:11.353] [info] [thread 29772] audio frame data pointers: data[0]=0x1f2aa220940, data[1]=0x1f2aa222980
[2026-03-19 12:04:11.353] [info] [thread 29772] audio.nb_samples=1024, channels=2, channel_layout=stereo, format=8, sample_rate=44100
[2026-03-19 12:04:11.353] [info] [thread 29772] audio frame data pointers: data[0]=0x1f2ac696cc0, data[1]=0x1f2a9d61180
[2026-03-19 12:04:11.357] [info] [thread 30256] read_thread loop: ret=0, pkt->stream_index=0, audioq.size=20506, videoq.size=729947, eof=0
[2026-03-19 12:04:11.357] [info] [thread 30256] audio_stream: 1, video_stream: 0
[2026-03-19 12:04:11.358] [info] [thread 30256] read_thread loop: ret=0, pkt->stream_index=1, audioq.size=20506, videoq.size=736884, eof=0
[2026-03-19 12:04:11.358] [info] [thread 30256] audio_stream: 1, video_stream: 0
[2026-03-19 12:04:11.359] [info] [thread 30256] audio packet pts: 74752, audio_pkt_size=347
[2026-03-19 12:04:11.359] [info] [thread 30256] read_thread loop: ret=0, pkt->stream_index=0, audioq.size=20973, videoq.size=736884, eof=0
[2026-03-19 12:04:11.359] [info] [thread 30256] audio_stream: 1, video_stream: 0
[2026-03-19 12:04:11.359] [info] [thread 30256] read_thread loop: ret=0, pkt->stream_index=1, audioq.size=20973, videoq.size=742057, eof=0
[2026-03-19 12:04:11.360] [info] [thread 30256] audio_stream: 1, video_stream: 0
[2026-03-19 12:04:11.360] [info] [thread 30256] audio packet pts: 75776, audio_pkt_size=348
[2026-03-19 12:04:11.392] [info] [thread 29772] audio.nb_samples=1024, channels=2, channel_layout=stereo, format=8, sample_rate=44100
[2026-03-19 12:04:11.393] [info] [thread 29772] audio frame data pointers: data[0]=0x1f2a9d63380, data[1]=0x1f2a9d65580
[2026-03-19 12:04:11.393] [info] [thread 29772] audio.nb_samples=1024, channels=2, channel_layout=stereo, format=8, sample_rate=44100
[2026-03-19 12:04:11.393] [info] [thread 29772] audio frame data pointers: data[0]=0x1f2a9d5ef80, data[1]=0x1f2a9d699c0
[2026-03-19 12:04:11.401] [info] [thread 30256] read_thread loop: ret=0, pkt->stream_index=0, audioq.size=20351, videoq.size=705724, eof=0
[2026-03-19 12:04:11.402] [info] [thread 30256] audio_stream: 1, video_stream: 0
[2026-03-19 12:04:11.402] [info] [thread 30256] read_thread loop: ret=0, pkt->stream_index=0, audioq.size=20351, videoq.size=721249, eof=0
[2026-03-19 12:04:11.403] [info] [thread 30256] audio_stream: 1, video_stream: 0
[2026-03-19 12:04:11.403] [info] [thread 30256] read_thread loop: ret=0, pkt->stream_index=1, audioq.size=20351, videoq.size=728740, eof=0
[2026-03-19 12:04:11.403] [info] [thread 30256] audio_stream: 1, video_stream: 0
[2026-03-19 12:04:11.403] [info] [thread 30256] audio packet pts: 76800, audio_pkt_size=340
[2026-03-19 12:04:11.404] [info] [thread 30256] read_thread loop: ret=0, pkt->stream_index=0, audioq.size=20811, videoq.size=728740, eof=0
[2026-03-19 12:04:11.404] [info] [thread 30256] audio_stream: 1, video_stream: 0
[2026-03-19 12:04:11.404] [info] [thread 30256] read_thread loop: ret=0, pkt->stream_index=1, audioq.size=20811, videoq.size=733427, eof=0
[2026-03-19 12:04:11.405] [info] [thread 30256] audio_stream: 1, video_stream: 0
[2026-03-19 12:04:11.405] [info] [thread 30256] audio packet pts: 77824, audio_pkt_size=360
[2026-03-19 12:04:11.442] [info] [thread 29772] audio.nb_samples=1024, channels=2, channel_layout=stereo, format=8, sample_rate=44100
[2026-03-19 12:04:11.443] [info] [thread 29772] audio frame data pointers: data[0]=0x1f2a9d677c0, data[1]=0x1f2a9d6bbc0
[2026-03-19 12:04:11.443] [info] [thread 29772] audio.nb_samples=1024, channels=2, channel_layout=stereo, format=8, sample_rate=44100
[2026-03-19 12:04:11.444] [info] [thread 29772] audio frame data pointers: data[0]=0x1f2a9d70000, data[1]=0x1f2a9d6ddc0
[2026-03-19 12:04:11.446] [info] [thread 30256] read_thread loop: ret=0, pkt->stream_index=0, audioq.size=20423, videoq.size=712114, eof=0
[2026-03-19 12:04:11.447] [info] [thread 30256] audio_stream: 1, video_stream: 0
[2026-03-19 12:04:11.447] [info] [thread 30256] read_thread loop: ret=0, pkt->stream_index=0, audioq.size=20423, videoq.size=717866, eof=0
[2026-03-19 12:04:11.448] [info] [thread 30256] audio_stream: 1, video_stream: 0
[2026-03-19 12:04:11.448] [info] [thread 30256] read_thread loop: ret=0, pkt->stream_index=1, audioq.size=20423, videoq.size=731949, eof=0
[2026-03-19 12:04:11.448] [info] [thread 30256] audio_stream: 1, video_stream: 0
[2026-03-19 12:04:11.449] [info] [thread 30256] audio packet pts: 78848, audio_pkt_size=417
[2026-03-19 12:04:11.449] [info] [thread 30256] read_thread loop: ret=0, pkt->stream_index=0, audioq.size=20960, videoq.size=731949, eof=0
[2026-03-19 12:04:11.449] [info] [thread 30256] audio_stream: 1, video_stream: 0
[2026-03-19 12:04:11.449] [info] [thread 30256] read_thread loop: ret=0, pkt->stream_index=1, audioq.size=20960, videoq.size=738295, eof=0
[2026-03-19 12:04:11.450] [info] [thread 30256] audio_stream: 1, video_stream: 0
[2026-03-19 12:04:11.450] [info] [thread 30256] audio packet pts: 79872, audio_pkt_size=350
[2026-03-19 12:04:11.493] [info] [thread 29772] audio.nb_samples=1024, channels=2, channel_layout=stereo, format=8, sample_rate=44100
[2026-03-19 12:04:11.493] [info] [thread 29772] audio frame data pointers: data[0]=0x1f2a9d78840, data[1]=0x1f2a9d76600
[2026-03-19 12:04:11.494] [info] [thread 29772] audio.nb_samples=1024, channels=2, channel_layout=stereo, format=8, sample_rate=44100
[2026-03-19 12:04:11.494] [info] [thread 29772] audio frame data pointers: data[0]=0x1f2a9d72200, data[1]=0x1f2a9d7aa40
[2026-03-19 12:04:11.514] [info] [thread 30256] read_thread loop: ret=0, pkt->stream_index=0, audioq.size=20514, videoq.size=700569, eof=0
[2026-03-19 12:04:11.515] [info] [thread 30256] audio_stream: 1, video_stream: 0
[2026-03-19 12:04:11.516] [info] [thread 30256] read_thread loop: ret=0, pkt->stream_index=1, audioq.size=20514, videoq.size=706098, eof=0
[2026-03-19 12:04:11.516] [info] [thread 30256] audio_stream: 1, video_stream: 0
[2026-03-19 12:04:11.517] [info] [thread 30256] audio packet pts: 80896, audio_pkt_size=343
[2026-03-19 12:04:11.517] [info] [thread 30256] read_thread loop: ret=0, pkt->stream_index=0, audioq.size=20977, videoq.size=706098, eof=0
[2026-03-19 12:04:11.518] [info] [thread 30256] audio_stream: 1, video_stream: 0
[2026-03-19 12:04:11.518] [info] [thread 30256] read_thread loop: ret=0, pkt->stream_index=0, audioq.size=20977, videoq.size=710119, eof=0
[2026-03-19 12:04:11.519] [info] [thread 30256] audio_stream: 1, video_stream: 0
[2026-03-19 12:04:11.519] [info] [thread 30256] read_thread loop: ret=0, pkt->stream_index=1, audioq.size=20977, videoq.size=723314, eof=0
[2026-03-19 12:04:11.519] [info] [thread 30256] audio_stream: 1, video_stream: 0
[2026-03-19 12:04:11.520] [info] [thread 30256] audio packet pts: 81920, audio_pkt_size=357
[2026-03-19 12:04:11.532] [info] [thread 29772] audio.nb_samples=1024, channels=2, channel_layout=stereo, format=8, sample_rate=44100
[2026-03-19 12:04:11.533] [info] [thread 29772] audio frame data pointers: data[0]=0x1f2a9d74400, data[1]=0x1f2a9d7cc40
[2026-03-19 12:04:11.533] [info] [thread 29772] audio.nb_samples=1024, channels=2, channel_layout=stereo, format=8, sample_rate=44100
[2026-03-19 12:04:11.533] [info] [thread 29772] audio frame data pointers: data[0]=0x1f2aca5c100, data[1]=0x1f2aca59f00
[2026-03-19 12:04:11.542] [info] [thread 30256] read_thread loop: ret=0, pkt->stream_index=0, audioq.size=20394, videoq.size=714163, eof=0
[2026-03-19 12:04:11.542] [info] [thread 30256] audio_stream: 1, video_stream: 0
[2026-03-19 12:04:11.543] [info] [thread 30256] read_thread loop: ret=0, pkt->stream_index=1, audioq.size=20394, videoq.size=721144, eof=0
[2026-03-19 12:04:11.543] [info] [thread 30256] audio_stream: 1, video_stream: 0
[2026-03-19 12:04:11.543] [info] [thread 30256] audio packet pts: 82944, audio_pkt_size=361
[2026-03-19 12:04:11.544] [info] [thread 30256] read_thread loop: ret=0, pkt->stream_index=0, audioq.size=20875, videoq.size=721144, eof=0
[2026-03-19 12:04:11.544] [info] [thread 30256] audio_stream: 1, video_stream: 0
[2026-03-19 12:04:11.545] [info] [thread 30256] read_thread loop: ret=0, pkt->stream_index=0, audioq.size=20875, videoq.size=718710, eof=0
[2026-03-19 12:04:11.545] [info] [thread 30256] audio_stream: 1, video_stream: 0
[2026-03-19 12:04:11.545] [info] [thread 30256] read_thread loop: ret=0, pkt->stream_index=1, audioq.size=20875, videoq.size=724080, eof=0
[2026-03-19 12:04:11.545] [info] [thread 30256] audio_stream: 1, video_stream: 0
[2026-03-19 12:04:11.546] [info] [thread 30256] audio packet pts: 83968, audio_pkt_size=358
[2026-03-19 12:04:11.583] [info] [thread 29772] audio.nb_samples=1024, channels=2, channel_layout=stereo, format=8, sample_rate=44100
[2026-03-19 12:04:11.583] [info] [thread 29772] audio frame data pointers: data[0]=0x1f2aa222980, data[1]=0x1f2aa220940
[2026-03-19 12:04:11.584] [info] [thread 29772] audio.nb_samples=1024, channels=2, channel_layout=stereo, format=8, sample_rate=44100
[2026-03-19 12:04:11.584] [info] [thread 29772] audio frame data pointers: data[0]=0x1f2a9d61180, data[1]=0x1f2ac696cc0
[2026-03-19 12:04:11.588] [info] [thread 30256] read_thread loop: ret=0, pkt->stream_index=0, audioq.size=20281, videoq.size=702110, eof=0
[2026-03-19 12:04:11.589] [info] [thread 30256] audio_stream: 1, video_stream: 0
[2026-03-19 12:04:11.590] [info] [thread 30256] read_thread loop: ret=0, pkt->stream_index=1, audioq.size=20281, videoq.size=715372, eof=0
[2026-03-19 12:04:11.590] [info] [thread 30256] audio_stream: 1, video_stream: 0
[2026-03-19 12:04:11.590] [info] [thread 30256] audio packet pts: 84992, audio_pkt_size=371
[2026-03-19 12:04:11.591] [info] [thread 30256] read_thread loop: ret=0, pkt->stream_index=0, audioq.size=20772, videoq.size=715372, eof=0
[2026-03-19 12:04:11.591] [info] [thread 30256] audio_stream: 1, video_stream: 0
[2026-03-19 12:04:11.591] [info] [thread 30256] read_thread loop: ret=0, pkt->stream_index=1, audioq.size=20772, videoq.size=721252, eof=0
[2026-03-19 12:04:11.591] [info] [thread 30256] audio_stream: 1, video_stream: 0
[2026-03-19 12:04:11.591] [info] [thread 30256] audio packet pts: 86016, audio_pkt_size=368
[2026-03-19 12:04:11.622] [info] [thread 29772] audio.nb_samples=1024, channels=2, channel_layout=stereo, format=8, sample_rate=44100
[2026-03-19 12:04:11.623] [info] [thread 29772] audio frame data pointers: data[0]=0x1f2a9d65580, data[1]=0x1f2a9d63380
[2026-03-19 12:04:11.623] [info] [thread 29772] audio.nb_samples=1024, channels=2, channel_layout=stereo, format=8, sample_rate=44100
[2026-03-19 12:04:11.624] [info] [thread 29772] audio frame data pointers: data[0]=0x1f2a9d699c0, data[1]=0x1f2a9d5ef80
[2026-03-19 12:04:11.634] [info] [thread 30256] read_thread loop: ret=0, pkt->stream_index=0, audioq.size=20352, videoq.size=700914, eof=0
[2026-03-19 12:04:11.635] [info] [thread 30256] audio_stream: 1, video_stream: 0
[2026-03-19 12:04:11.636] [info] [thread 30256] read_thread loop: ret=0, pkt->stream_index=0, audioq.size=20352, videoq.size=704689, eof=0
[2026-03-19 12:04:11.636] [info] [thread 30256] audio_stream: 1, video_stream: 0
[2026-03-19 12:04:11.636] [info] [thread 30256] read_thread loop: ret=0, pkt->stream_index=1, audioq.size=20352, videoq.size=708772, eof=0
[2026-03-19 12:04:11.637] [info] [thread 30256] audio_stream: 1, video_stream: 0
[2026-03-19 12:04:11.637] [info] [thread 30256] audio packet pts: 87040, audio_pkt_size=394
[2026-03-19 12:04:11.638] [info] [thread 30256] read_thread loop: ret=0, pkt->stream_index=0, audioq.size=20866, videoq.size=708772, eof=0
[2026-03-19 12:04:11.638] [info] [thread 30256] audio_stream: 1, video_stream: 0
[2026-03-19 12:04:11.638] [info] [thread 30256] read_thread loop: ret=0, pkt->stream_index=1, audioq.size=20866, videoq.size=724069, eof=0
[2026-03-19 12:04:11.638] [info] [thread 30256] audio_stream: 1, video_stream: 0
[2026-03-19 12:04:11.638] [info] [thread 30256] audio packet pts: 88064, audio_pkt_size=358
[2026-03-19 12:04:11.673] [info] [thread 29772] audio.nb_samples=1024, channels=2, channel_layout=stereo, format=8, sample_rate=44100
[2026-03-19 12:04:11.673] [info] [thread 29772] audio frame data pointers: data[0]=0x1f2a9d6bbc0, data[1]=0x1f2a9d677c0
[2026-03-19 12:04:11.673] [info] [thread 29772] audio.nb_samples=1024, channels=2, channel_layout=stereo, format=8, sample_rate=44100
[2026-03-19 12:04:11.674] [info] [thread 29772] audio frame data pointers: data[0]=0x1f2a9d6ddc0, data[1]=0x1f2a9d70000
[2026-03-19 12:04:11.680] [info] [thread 30256] read_thread loop: ret=0, pkt->stream_index=0, audioq.size=20370, videoq.size=693588, eof=0
[2026-03-19 12:04:11.681] [info] [thread 30256] audio_stream: 1, video_stream: 0
[2026-03-19 12:04:11.681] [info] [thread 30256] read_thread loop: ret=0, pkt->stream_index=0, audioq.size=20370, videoq.size=698588, eof=0
[2026-03-19 12:04:11.682] [info] [thread 30256] audio_stream: 1, video_stream: 0
[2026-03-19 12:04:11.682] [info] [thread 30256] read_thread loop: ret=0, pkt->stream_index=1, audioq.size=20370, videoq.size=702289, eof=0
[2026-03-19 12:04:11.683] [info] [thread 30256] audio_stream: 1, video_stream: 0
[2026-03-19 12:04:11.683] [info] [thread 30256] audio packet pts: 89088, audio_pkt_size=362
[2026-03-19 12:04:11.683] [info] [thread 30256] read_thread loop: ret=0, pkt->stream_index=0, audioq.size=20852, videoq.size=702289, eof=0
[2026-03-19 12:04:11.683] [info] [thread 30256] audio_stream: 1, video_stream: 0
[2026-03-19 12:04:11.683] [info] [thread 30256] read_thread loop: ret=0, pkt->stream_index=1, audioq.size=20852, videoq.size=706389, eof=0
[2026-03-19 12:04:11.683] [info] [thread 30256] audio_stream: 1, video_stream: 0
[2026-03-19 12:04:11.684] [info] [thread 30256] audio packet pts: 90112, audio_pkt_size=355
[2026-03-19 12:04:11.723] [info] [thread 29772] audio.nb_samples=1024, channels=2, channel_layout=stereo, format=8, sample_rate=44100
[2026-03-19 12:04:11.723] [info] [thread 29772] audio frame data pointers: data[0]=0x1f2a9d76600, data[1]=0x1f2a9d78840
[2026-03-19 12:04:11.724] [info] [thread 29772] audio.nb_samples=1024, channels=2, channel_layout=stereo, format=8, sample_rate=44100
[2026-03-19 12:04:11.724] [info] [thread 29772] audio frame data pointers: data[0]=0x1f2a9d7aa40, data[1]=0x1f2a9d72200
[2026-03-19 12:04:11.727] [info] [thread 30256] read_thread loop: ret=0, pkt->stream_index=0, audioq.size=20335, videoq.size=686923, eof=0
[2026-03-19 12:04:11.727] [info] [thread 30256] audio_stream: 1, video_stream: 0
[2026-03-19 12:04:11.728] [info] [thread 30256] read_thread loop: ret=0, pkt->stream_index=1, audioq.size=20335, videoq.size=694642, eof=0
[2026-03-19 12:04:11.728] [info] [thread 30256] audio_stream: 1, video_stream: 0
[2026-03-19 12:04:11.729] [info] [thread 30256] audio packet pts: 91136, audio_pkt_size=363
[2026-03-19 12:04:11.729] [info] [thread 30256] read_thread loop: ret=0, pkt->stream_index=0, audioq.size=20818, videoq.size=694642, eof=0
[2026-03-19 12:04:11.729] [info] [thread 30256] audio_stream: 1, video_stream: 0
[2026-03-19 12:04:11.730] [info] [thread 30256] read_thread loop: ret=0, pkt->stream_index=0, audioq.size=20818, videoq.size=701503, eof=0
[2026-03-19 12:04:11.730] [info] [thread 30256] audio_stream: 1, video_stream: 0
[2026-03-19 12:04:11.730] [info] [thread 30256] read_thread loop: ret=0, pkt->stream_index=1, audioq.size=20818, videoq.size=705721, eof=0
[2026-03-19 12:04:11.730] [info] [thread 30256] audio_stream: 1, video_stream: 0
[2026-03-19 12:04:11.730] [info] [thread 30256] audio packet pts: 92160, audio_pkt_size=365
[2026-03-19 12:04:11.762] [info] [thread 29772] audio.nb_samples=1024, channels=2, channel_layout=stereo, format=8, sample_rate=44100
[2026-03-19 12:04:11.763] [info] [thread 29772] audio frame data pointers: data[0]=0x1f2a9d7cc40, data[1]=0x1f2a9d74400
[2026-03-19 12:04:11.763] [info] [thread 29772] audio.nb_samples=1024, channels=2, channel_layout=stereo, format=8, sample_rate=44100
[2026-03-19 12:04:11.764] [info] [thread 29772] audio frame data pointers: data[0]=0x1f2aca59f00, data[1]=0x1f2aca5c100
[2026-03-19 12:04:11.772] [info] [thread 30256] read_thread loop: ret=0, pkt->stream_index=0, audioq.size=20226, videoq.size=684799, eof=0
[2026-03-19 12:04:11.773] [info] [thread 30256] audio_stream: 1, video_stream: 0
[2026-03-19 12:04:11.773] [info] [thread 30256] read_thread loop: ret=0, pkt->stream_index=1, audioq.size=20226, videoq.size=689778, eof=0
[2026-03-19 12:04:11.773] [info] [thread 30256] audio_stream: 1, video_stream: 0
[2026-03-19 12:04:11.773] [info] [thread 30256] audio packet pts: 93184, audio_pkt_size=422
[2026-03-19 12:04:11.774] [info] [thread 30256] read_thread loop: ret=0, pkt->stream_index=0, audioq.size=20768, videoq.size=689778, eof=0
[2026-03-19 12:04:11.774] [info] [thread 30256] audio_stream: 1, video_stream: 0
[2026-03-19 12:04:11.774] [info] [thread 30256] read_thread loop: ret=0, pkt->stream_index=0, audioq.size=20768, videoq.size=706637, eof=0
[2026-03-19 12:04:11.775] [info] [thread 30256] audio_stream: 1, video_stream: 0
[2026-03-19 12:04:11.775] [info] [thread 30256] read_thread loop: ret=0, pkt->stream_index=1, audioq.size=20768, videoq.size=715431, eof=0
[2026-03-19 12:04:11.775] [info] [thread 30256] audio_stream: 1, video_stream: 0
[2026-03-19 12:04:11.775] [info] [thread 30256] audio packet pts: 94208, audio_pkt_size=454
[2026-03-19 12:04:11.812] [info] [thread 29772] audio.nb_samples=1024, channels=2, channel_layout=stereo, format=8, sample_rate=44100
[2026-03-19 12:04:11.813] [info] [thread 29772] audio frame data pointers: data[0]=0x1f2aa220940, data[1]=0x1f2aa222980
[2026-03-19 12:04:11.813] [info] [thread 29772] audio.nb_samples=1024, channels=2, channel_layout=stereo, format=8, sample_rate=44100
[2026-03-19 12:04:11.814] [info] [thread 29772] audio frame data pointers: data[0]=0x1f2ac696cc0, data[1]=0x1f2a9d61180
[2026-03-19 12:04:11.818] [info] [thread 30256] read_thread loop: ret=0, pkt->stream_index=0, audioq.size=20399, videoq.size=690053, eof=0
[2026-03-19 12:04:11.819] [info] [thread 30256] audio_stream: 1, video_stream: 0
[2026-03-19 12:04:11.820] [info] [thread 30256] read_thread loop: ret=0, pkt->stream_index=1, audioq.size=20399, videoq.size=695316, eof=0
[2026-03-19 12:04:11.820] [info] [thread 30256] audio_stream: 1, video_stream: 0
[2026-03-19 12:04:11.820] [info] [thread 30256] audio packet pts: 95232, audio_pkt_size=372
[2026-03-19 12:04:11.821] [info] [thread 30256] read_thread loop: ret=0, pkt->stream_index=0, audioq.size=20891, videoq.size=695316, eof=0
[2026-03-19 12:04:11.821] [info] [thread 30256] audio_stream: 1, video_stream: 0
[2026-03-19 12:04:11.821] [info] [thread 30256] read_thread loop: ret=0, pkt->stream_index=1, audioq.size=20891, videoq.size=701262, eof=0
[2026-03-19 12:04:11.821] [info] [thread 30256] audio_stream: 1, video_stream: 0
[2026-03-19 12:04:11.822] [info] [thread 30256] audio packet pts: 96256, audio_pkt_size=417
[2026-03-19 12:04:11.862] [info] [thread 29772] audio.nb_samples=1024, channels=2, channel_layout=stereo, format=8, sample_rate=44100
[2026-03-19 12:04:11.863] [info] [thread 29772] audio frame data pointers: data[0]=0x1f2a9d63380, data[1]=0x1f2a9d65580
[2026-03-19 12:04:11.863] [info] [thread 29772] audio.nb_samples=1024, channels=2, channel_layout=stereo, format=8, sample_rate=44100
[2026-03-19 12:04:11.863] [info] [thread 30256] read_thread loop: ret=0, pkt->stream_index=0, audioq.size=20426, videoq.size=686572, eof=0
[2026-03-19 12:04:11.863] [info] [thread 29772] audio frame data pointers: data[0]=0x1f2a9d5ef80, data[1]=0x1f2a9d699c0
[2026-03-19 12:04:11.864] [info] [thread 30256] audio_stream: 1, video_stream: 0
[2026-03-19 12:04:11.864] [info] [thread 30256] read_thread loop: ret=0, pkt->stream_index=0, audioq.size=20426, videoq.size=705045, eof=0
[2026-03-19 12:04:11.865] [info] [thread 30256] audio_stream: 1, video_stream: 0
[2026-03-19 12:04:11.866] [info] [thread 30256] read_thread loop: ret=0, pkt->stream_index=1, audioq.size=20426, videoq.size=713751, eof=0
[2026-03-19 12:04:11.866] [info] [thread 30256] audio_stream: 1, video_stream: 0
[2026-03-19 12:04:11.866] [info] [thread 30256] audio packet pts: 97280, audio_pkt_size=350
[2026-03-19 12:04:11.866] [info] [thread 30256] read_thread loop: ret=0, pkt->stream_index=0, audioq.size=20896, videoq.size=713751, eof=0
[2026-03-19 12:04:11.866] [info] [thread 30256] audio_stream: 1, video_stream: 0
[2026-03-19 12:04:11.867] [info] [thread 30256] read_thread loop: ret=0, pkt->stream_index=1, audioq.size=20896, videoq.size=719946, eof=0
[2026-03-19 12:04:11.867] [info] [thread 30256] audio_stream: 1, video_stream: 0
[2026-03-19 12:04:11.867] [info] [thread 30256] audio packet pts: 98304, audio_pkt_size=367
[2026-03-19 12:04:11.902] [info] [thread 29772] audio.nb_samples=1024, channels=2, channel_layout=stereo, format=8, sample_rate=44100
[2026-03-19 12:04:11.903] [info] [thread 29772] audio frame data pointers: data[0]=0x1f2a9d677c0, data[1]=0x1f2a9d6bbc0
[2026-03-19 12:04:11.903] [info] [thread 29772] audio.nb_samples=1024, channels=2, channel_layout=stereo, format=8, sample_rate=44100
[2026-03-19 12:04:11.904] [info] [thread 29772] audio frame data pointers: data[0]=0x1f2a9d70000, data[1]=0x1f2a9d6ddc0
[2026-03-19 12:04:11.910] [info] [thread 30256] read_thread loop: ret=0, pkt->stream_index=0, audioq.size=20393, videoq.size=696226, eof=0
[2026-03-19 12:04:11.911] [info] [thread 30256] audio_stream: 1, video_stream: 0
[2026-03-19 12:04:11.911] [info] [thread 30256] read_thread loop: ret=0, pkt->stream_index=0, audioq.size=20393, videoq.size=701140, eof=0
[2026-03-19 12:04:11.912] [info] [thread 30256] audio_stream: 1, video_stream: 0
[2026-03-19 12:04:11.912] [info] [thread 30256] read_thread loop: ret=0, pkt->stream_index=1, audioq.size=20393, videoq.size=714582, eof=0
[2026-03-19 12:04:11.912] [info] [thread 30256] audio_stream: 1, video_stream: 0
[2026-03-19 12:04:11.912] [info] [thread 30256] audio packet pts: 99328, audio_pkt_size=350
[2026-03-19 12:04:11.913] [info] [thread 30256] read_thread loop: ret=0, pkt->stream_index=0, audioq.size=20863, videoq.size=714582, eof=0
[2026-03-19 12:04:11.913] [info] [thread 30256] audio_stream: 1, video_stream: 0
[2026-03-19 12:04:11.913] [info] [thread 30256] read_thread loop: ret=0, pkt->stream_index=1, audioq.size=20863, videoq.size=722568, eof=0
[2026-03-19 12:04:11.913] [info] [thread 30256] audio_stream: 1, video_stream: 0
[2026-03-19 12:04:11.914] [info] [thread 30256] audio packet pts: 100352, audio_pkt_size=358
[2026-03-19 12:04:11.952] [info] [thread 29772] audio.nb_samples=1024, channels=2, channel_layout=stereo, format=8, sample_rate=44100
[2026-03-19 12:04:11.953] [info] [thread 29772] audio frame data pointers: data[0]=0x1f2a9d78840, data[1]=0x1f2a9d76600
[2026-03-19 12:04:11.953] [info] [thread 29772] audio.nb_samples=1024, channels=2, channel_layout=stereo, format=8, sample_rate=44100
[2026-03-19 12:04:11.953] [info] [thread 29772] audio frame data pointers: data[0]=0x1f2a9d72200, data[1]=0x1f2a9d7aa40
[2026-03-19 12:04:11.957] [info] [thread 30256] read_thread loop: ret=0, pkt->stream_index=0, audioq.size=20404, videoq.size=703002, eof=0
[2026-03-19 12:04:11.957] [info] [thread 30256] audio_stream: 1, video_stream: 0
[2026-03-19 12:04:11.958] [info] [thread 30256] read_thread loop: ret=0, pkt->stream_index=1, audioq.size=20404, videoq.size=707763, eof=0
[2026-03-19 12:04:11.958] [info] [thread 30256] audio_stream: 1, video_stream: 0
[2026-03-19 12:04:11.959] [info] [thread 30256] audio packet pts: 101376, audio_pkt_size=351
[2026-03-19 12:04:11.959] [info] [thread 30256] read_thread loop: ret=0, pkt->stream_index=0, audioq.size=20875, videoq.size=707763, eof=0
[2026-03-19 12:04:11.960] [info] [thread 30256] audio_stream: 1, video_stream: 0
[2026-03-19 12:04:11.960] [info] [thread 30256] read_thread loop: ret=0, pkt->stream_index=0, audioq.size=20875, videoq.size=712487, eof=0
[2026-03-19 12:04:11.961] [info] [thread 30256] audio_stream: 1, video_stream: 0
[2026-03-19 12:04:11.961] [info] [thread 30256] read_thread loop: ret=0, pkt->stream_index=1, audioq.size=20875, videoq.size=729099, eof=0
[2026-03-19 12:04:11.961] [info] [thread 30256] audio_stream: 1, video_stream: 0
[2026-03-19 12:04:11.961] [info] [thread 30256] audio packet pts: 102400, audio_pkt_size=362
[2026-03-19 12:04:12.002] [info] [thread 29772] audio.nb_samples=1024, channels=2, channel_layout=stereo, format=8, sample_rate=44100
[2026-03-19 12:04:12.003] [info] [thread 29772] audio frame data pointers: data[0]=0x1f2a9d74400, data[1]=0x1f2a9d7cc40
[2026-03-19 12:04:12.003] [info] [thread 29772] audio.nb_samples=1024, channels=2, channel_layout=stereo, format=8, sample_rate=44100
[2026-03-19 12:04:12.003] [info] [thread 29772] audio frame data pointers: data[0]=0x1f2aca5c100, data[1]=0x1f2aca59f00
[2026-03-19 12:04:12.014] [info] [thread 30256] read_thread loop: ret=0, pkt->stream_index=0, audioq.size=20459, videoq.size=695597, eof=0
[2026-03-19 12:04:12.015] [info] [thread 30256] audio_stream: 1, video_stream: 0
[2026-03-19 12:04:12.015] [info] [thread 30256] read_thread loop: ret=0, pkt->stream_index=1, audioq.size=20459, videoq.size=702783, eof=0
[2026-03-19 12:04:12.016] [info] [thread 30256] audio_stream: 1, video_stream: 0
[2026-03-19 12:04:12.016] [info] [thread 30256] audio packet pts: 103424, audio_pkt_size=352
[2026-03-19 12:04:12.016] [info] [thread 30256] read_thread loop: ret=0, pkt->stream_index=0, audioq.size=20931, videoq.size=702783, eof=0
[2026-03-19 12:04:12.017] [info] [thread 30256] audio_stream: 1, video_stream: 0
[2026-03-19 12:04:12.017] [info] [thread 30256] read_thread loop: ret=0, pkt->stream_index=1, audioq.size=20931, videoq.size=707402, eof=0
[2026-03-19 12:04:12.017] [info] [thread 30256] audio_stream: 1, video_stream: 0
[2026-03-19 12:04:12.018] [info] [thread 30256] audio packet pts: 104448, audio_pkt_size=361
[2026-03-19 12:04:12.042] [info] [thread 29772] audio.nb_samples=1024, channels=2, channel_layout=stereo, format=8, sample_rate=44100
[2026-03-19 12:04:12.043] [info] [thread 29772] audio frame data pointers: data[0]=0x1f2aa222980, data[1]=0x1f2aa220940
[2026-03-19 12:04:12.043] [info] [thread 29772] audio.nb_samples=1024, channels=2, channel_layout=stereo, format=8, sample_rate=44100
[2026-03-19 12:04:12.043] [info] [thread 29772] audio frame data pointers: data[0]=0x1f2a9d61180, data[1]=0x1f2ac696cc0
[2026-03-19 12:04:12.059] [info] [thread 30256] read_thread loop: ret=0, pkt->stream_index=0, audioq.size=20476, videoq.size=687534, eof=0
[2026-03-19 12:04:12.060] [info] [thread 30256] audio_stream: 1, video_stream: 0
[2026-03-19 12:04:12.061] [info] [thread 30256] read_thread loop: ret=0, pkt->stream_index=0, audioq.size=20476, videoq.size=691748, eof=0
[2026-03-19 12:04:12.061] [info] [thread 30256] audio_stream: 1, video_stream: 0
[2026-03-19 12:04:12.061] [info] [thread 30256] read_thread loop: ret=0, pkt->stream_index=1, audioq.size=20476, videoq.size=706781, eof=0
[2026-03-19 12:04:12.062] [info] [thread 30256] audio_stream: 1, video_stream: 0
[2026-03-19 12:04:12.062] [info] [thread 30256] audio packet pts: 105472, audio_pkt_size=370
[2026-03-19 12:04:12.062] [info] [thread 30256] read_thread loop: ret=0, pkt->stream_index=0, audioq.size=20966, videoq.size=699963, eof=0
[2026-03-19 12:04:12.062] [info] [thread 30256] audio_stream: 1, video_stream: 0
[2026-03-19 12:04:12.063] [info] [thread 30256] read_thread loop: ret=0, pkt->stream_index=1, audioq.size=20966, videoq.size=706277, eof=0
[2026-03-19 12:04:12.063] [info] [thread 30256] audio_stream: 1, video_stream: 0
[2026-03-19 12:04:12.063] [info] [thread 30256] audio packet pts: 106496, audio_pkt_size=372
[2026-03-19 12:04:12.093] [info] [thread 29772] audio.nb_samples=1024, channels=2, channel_layout=stereo, format=8, sample_rate=44100
[2026-03-19 12:04:12.093] [info] [thread 29772] audio frame data pointers: data[0]=0x1f2a9d65580, data[1]=0x1f2a9d63380
[2026-03-19 12:04:12.093] [info] [thread 29772] audio.nb_samples=1024, channels=2, channel_layout=stereo, format=8, sample_rate=44100
[2026-03-19 12:04:12.093] [info] [thread 29772] audio frame data pointers: data[0]=0x1f2a9d699c0, data[1]=0x1f2a9d5ef80
[2026-03-19 12:04:12.104] [info] [thread 30256] read_thread loop: ret=0, pkt->stream_index=0, audioq.size=20506, videoq.size=682315, eof=0
[2026-03-19 12:04:12.105] [info] [thread 30256] audio_stream: 1, video_stream: 0
[2026-03-19 12:04:12.105] [info] [thread 30256] read_thread loop: ret=0, pkt->stream_index=0, audioq.size=20506, videoq.size=686303, eof=0
[2026-03-19 12:04:12.105] [info] [thread 30256] audio_stream: 1, video_stream: 0
[2026-03-19 12:04:12.106] [info] [thread 30256] read_thread loop: ret=0, pkt->stream_index=1, audioq.size=20506, videoq.size=690089, eof=0
[2026-03-19 12:04:12.106] [info] [thread 30256] audio_stream: 1, video_stream: 0
[2026-03-19 12:04:12.106] [info] [thread 30256] audio packet pts: 107520, audio_pkt_size=378
[2026-03-19 12:04:12.106] [info] [thread 30256] read_thread loop: ret=0, pkt->stream_index=0, audioq.size=21004, videoq.size=690089, eof=0
[2026-03-19 12:04:12.107] [info] [thread 30256] audio_stream: 1, video_stream: 0
[2026-03-19 12:04:12.107] [info] [thread 30256] read_thread loop: ret=0, pkt->stream_index=1, audioq.size=21004, videoq.size=706976, eof=0
[2026-03-19 12:04:12.108] [info] [thread 30256] audio_stream: 1, video_stream: 0
[2026-03-19 12:04:12.108] [info] [thread 30256] audio packet pts: 108544, audio_pkt_size=368
[2026-03-19 12:04:12.142] [info] [thread 29772] audio.nb_samples=1024, channels=2, channel_layout=stereo, format=8, sample_rate=44100
[2026-03-19 12:04:12.143] [info] [thread 29772] audio frame data pointers: data[0]=0x1f2a9d6bbc0, data[1]=0x1f2a9d677c0
[2026-03-19 12:04:12.143] [info] [thread 29772] audio.nb_samples=1024, channels=2, channel_layout=stereo, format=8, sample_rate=44100
[2026-03-19 12:04:12.143] [info] [thread 29772] audio frame data pointers: data[0]=0x1f2a9d6ddc0, data[1]=0x1f2a9d70000
[2026-03-19 12:04:12.151] [info] [thread 30256] read_thread loop: ret=0, pkt->stream_index=0, audioq.size=20545, videoq.size=672038, eof=0
[2026-03-19 12:04:12.152] [info] [thread 30256] audio_stream: 1, video_stream: 0
[2026-03-19 12:04:12.152] [info] [thread 30256] read_thread loop: ret=0, pkt->stream_index=1, audioq.size=20545, videoq.size=679357, eof=0
[2026-03-19 12:04:12.153] [info] [thread 30256] audio_stream: 1, video_stream: 0
[2026-03-19 12:04:12.153] [info] [thread 30256] audio packet pts: 109568, audio_pkt_size=364
[2026-03-19 12:04:12.153] [info] [thread 30256] read_thread loop: ret=0, pkt->stream_index=0, audioq.size=21029, videoq.size=679357, eof=0
[2026-03-19 12:04:12.154] [info] [thread 30256] audio_stream: 1, video_stream: 0
[2026-03-19 12:04:12.154] [info] [thread 30256] read_thread loop: ret=0, pkt->stream_index=0, audioq.size=21029, videoq.size=683530, eof=0
[2026-03-19 12:04:12.154] [info] [thread 30256] audio_stream: 1, video_stream: 0
[2026-03-19 12:04:12.154] [info] [thread 30256] read_thread loop: ret=0, pkt->stream_index=1, audioq.size=21029, videoq.size=687552, eof=0
[2026-03-19 12:04:12.154] [info] [thread 30256] audio_stream: 1, video_stream: 0
[2026-03-19 12:04:12.155] [info] [thread 30256] audio packet pts: 110592, audio_pkt_size=375
[2026-03-19 12:04:12.183] [info] [thread 29772] audio.nb_samples=1024, channels=2, channel_layout=stereo, format=8, sample_rate=44100
[2026-03-19 12:04:12.184] [info] [thread 29772] audio frame data pointers: data[0]=0x1f2a9d76600, data[1]=0x1f2a9d78840
[2026-03-19 12:04:12.184] [info] [thread 29772] audio.nb_samples=1024, channels=2, channel_layout=stereo, format=8, sample_rate=44100
[2026-03-19 12:04:12.184] [info] [thread 29772] audio frame data pointers: data[0]=0x1f2a9d7aa40, data[1]=0x1f2a9d72200
[2026-03-19 12:04:12.197] [info] [thread 30256] read_thread loop: ret=0, pkt->stream_index=0, audioq.size=20550, videoq.size=656748, eof=0
[2026-03-19 12:04:12.198] [info] [thread 30256] audio_stream: 1, video_stream: 0
[2026-03-19 12:04:12.198] [info] [thread 30256] read_thread loop: ret=0, pkt->stream_index=1, audioq.size=20550, videoq.size=672328, eof=0
[2026-03-19 12:04:12.199] [info] [thread 30256] audio_stream: 1, video_stream: 0
[2026-03-19 12:04:12.200] [info] [thread 30256] audio packet pts: 111616, audio_pkt_size=357
[2026-03-19 12:04:12.200] [info] [thread 30256] read_thread loop: ret=0, pkt->stream_index=0, audioq.size=21027, videoq.size=672328, eof=0
[2026-03-19 12:04:12.200] [info] [thread 30256] audio_stream: 1, video_stream: 0
[2026-03-19 12:04:12.201] [info] [thread 30256] read_thread loop: ret=0, pkt->stream_index=0, audioq.size=21027, videoq.size=678997, eof=0
[2026-03-19 12:04:12.201] [info] [thread 30256] audio_stream: 1, video_stream: 0
[2026-03-19 12:04:12.201] [info] [thread 30256] read_thread loop: ret=0, pkt->stream_index=1, audioq.size=21027, videoq.size=682948, eof=0
[2026-03-19 12:04:12.201] [info] [thread 30256] audio_stream: 1, video_stream: 0
[2026-03-19 12:04:12.202] [info] [thread 30256] audio packet pts: 112640, audio_pkt_size=389
[2026-03-19 12:04:12.233] [info] [thread 29772] audio.nb_samples=1024, channels=2, channel_layout=stereo, format=8, sample_rate=44100
[2026-03-19 12:04:12.233] [info] [thread 29772] audio frame data pointers: data[0]=0x1f2a9d7cc40, data[1]=0x1f2a9d74400
[2026-03-19 12:04:12.233] [info] [thread 29772] audio.nb_samples=1024, channels=2, channel_layout=stereo, format=8, sample_rate=44100
[2026-03-19 12:04:12.234] [info] [thread 29772] audio frame data pointers: data[0]=0x1f2aca59f00, data[1]=0x1f2aca5c100
[2026-03-19 12:04:12.245] [info] [thread 30256] read_thread loop: ret=0, pkt->stream_index=0, audioq.size=20522, videoq.size=654471, eof=0
[2026-03-19 12:04:12.246] [info] [thread 30256] audio_stream: 1, video_stream: 0
[2026-03-19 12:04:12.246] [info] [thread 30256] read_thread loop: ret=0, pkt->stream_index=1, audioq.size=20522, videoq.size=645562, eof=0
[2026-03-19 12:04:12.246] [info] [thread 30256] audio_stream: 1, video_stream: 0
[2026-03-19 12:04:12.246] [info] [thread 30256] audio packet pts: 113664, audio_pkt_size=409
[2026-03-19 12:04:12.247] [info] [thread 30256] read_thread loop: ret=0, pkt->stream_index=0, audioq.size=21051, videoq.size=645562, eof=0
[2026-03-19 12:04:12.247] [info] [thread 30256] audio_stream: 1, video_stream: 0
[2026-03-19 12:04:12.248] [info] [thread 30256] read_thread loop: ret=0, pkt->stream_index=1, audioq.size=21051, videoq.size=661733, eof=0
[2026-03-19 12:04:12.248] [info] [thread 30256] audio_stream: 1, video_stream: 0
[2026-03-19 12:04:12.248] [info] [thread 30256] audio packet pts: 114688, audio_pkt_size=391
[2026-03-19 12:04:12.273] [info] [thread 29772] audio.nb_samples=1024, channels=2, channel_layout=stereo, format=8, sample_rate=44100
[2026-03-19 12:04:12.273] [info] [thread 29772] audio frame data pointers: data[0]=0x1f2aa220940, data[1]=0x1f2aa222980
[2026-03-19 12:04:12.273] [info] [thread 29772] audio.nb_samples=1024, channels=2, channel_layout=stereo, format=8, sample_rate=44100
[2026-03-19 12:04:12.274] [info] [thread 29772] audio frame data pointers: data[0]=0x1f2ac696cc0, data[1]=0x1f2a9d61180
[2026-03-19 12:04:12.291] [info] [thread 30256] read_thread loop: ret=0, pkt->stream_index=0, audioq.size=20542, videoq.size=637139, eof=0
[2026-03-19 12:04:12.292] [info] [thread 30256] audio_stream: 1, video_stream: 0
[2026-03-19 12:04:12.292] [info] [thread 30256] read_thread loop: ret=0, pkt->stream_index=0, audioq.size=20542, videoq.size=644177, eof=0
[2026-03-19 12:04:12.293] [info] [thread 30256] audio_stream: 1, video_stream: 0
[2026-03-19 12:04:12.293] [info] [thread 30256] read_thread loop: ret=0, pkt->stream_index=1, audioq.size=20542, videoq.size=648148, eof=0
[2026-03-19 12:04:12.293] [info] [thread 30256] audio_stream: 1, video_stream: 0
[2026-03-19 12:04:12.294] [info] [thread 30256] audio packet pts: 115712, audio_pkt_size=359
[2026-03-19 12:04:12.294] [info] [thread 30256] read_thread loop: ret=0, pkt->stream_index=0, audioq.size=21021, videoq.size=648148, eof=0
[2026-03-19 12:04:12.294] [info] [thread 30256] audio_stream: 1, video_stream: 0
[2026-03-19 12:04:12.294] [info] [thread 30256] read_thread loop: ret=0, pkt->stream_index=1, audioq.size=21021, videoq.size=652345, eof=0
[2026-03-19 12:04:12.295] [info] [thread 30256] audio_stream: 1, video_stream: 0
[2026-03-19 12:04:12.295] [info] [thread 30256] audio packet pts: 116736, audio_pkt_size=353
[2026-03-19 12:04:12.322] [info] [thread 29772] audio.nb_samples=1024, channels=2, channel_layout=stereo, format=8, sample_rate=44100
[2026-03-19 12:04:12.323] [info] [thread 29772] audio frame data pointers: data[0]=0x1f2a9d63380, data[1]=0x1f2a9d65580
[2026-03-19 12:04:12.323] [info] [thread 29772] audio.nb_samples=1024, channels=2, channel_layout=stereo, format=8, sample_rate=44100
[2026-03-19 12:04:12.323] [info] [thread 29772] audio frame data pointers: data[0]=0x1f2a9d5ef80, data[1]=0x1f2a9d699c0
[2026-03-19 12:04:12.337] [info] [thread 30256] read_thread loop: ret=0, pkt->stream_index=0, audioq.size=20558, videoq.size=615802, eof=0
[2026-03-19 12:04:12.338] [info] [thread 30256] audio_stream: 1, video_stream: 0
[2026-03-19 12:04:12.338] [info] [thread 30256] read_thread loop: ret=0, pkt->stream_index=0, audioq.size=20558, videoq.size=630544, eof=0
[2026-03-19 12:04:12.338] [info] [thread 30256] audio_stream: 1, video_stream: 0
[2026-03-19 12:04:12.339] [info] [thread 30256] read_thread loop: ret=0, pkt->stream_index=1, audioq.size=20558, videoq.size=637757, eof=0
[2026-03-19 12:04:12.339] [info] [thread 30256] audio_stream: 1, video_stream: 0
[2026-03-19 12:04:12.339] [info] [thread 30256] audio packet pts: 117760, audio_pkt_size=366
[2026-03-19 12:04:12.340] [info] [thread 30256] read_thread loop: ret=0, pkt->stream_index=0, audioq.size=21044, videoq.size=637757, eof=0
[2026-03-19 12:04:12.340] [info] [thread 30256] audio_stream: 1, video_stream: 0
[2026-03-19 12:04:12.341] [info] [thread 30256] read_thread loop: ret=0, pkt->stream_index=1, audioq.size=21044, videoq.size=642019, eof=0
[2026-03-19 12:04:12.341] [info] [thread 30256] audio_stream: 1, video_stream: 0
[2026-03-19 12:04:12.341] [info] [thread 30256] audio packet pts: 118784, audio_pkt_size=360
[2026-03-19 12:04:12.372] [info] [thread 29772] audio.nb_samples=1024, channels=2, channel_layout=stereo, format=8, sample_rate=44100
[2026-03-19 12:04:12.373] [info] [thread 29772] audio frame data pointers: data[0]=0x1f2a9d677c0, data[1]=0x1f2a9d6bbc0
[2026-03-19 12:04:12.373] [info] [thread 29772] audio.nb_samples=1024, channels=2, channel_layout=stereo, format=8, sample_rate=44100
[2026-03-19 12:04:12.373] [info] [thread 29772] audio frame data pointers: data[0]=0x1f2a9d70000, data[1]=0x1f2a9d6ddc0
[2026-03-19 12:04:12.383] [info] [thread 30256] read_thread loop: ret=0, pkt->stream_index=0, audioq.size=20589, videoq.size=597532, eof=0
[2026-03-19 12:04:12.384] [info] [thread 30256] audio_stream: 1, video_stream: 0
[2026-03-19 12:04:12.385] [info] [thread 30256] read_thread loop: ret=0, pkt->stream_index=1, audioq.size=20589, videoq.size=602091, eof=0
[2026-03-19 12:04:12.385] [info] [thread 30256] audio_stream: 1, video_stream: 0
[2026-03-19 12:04:12.385] [info] [thread 30256] audio packet pts: 119808, audio_pkt_size=351
[2026-03-19 12:04:12.386] [info] [thread 30256] read_thread loop: ret=0, pkt->stream_index=0, audioq.size=21060, videoq.size=602091, eof=0
[2026-03-19 12:04:12.386] [info] [thread 30256] audio_stream: 1, video_stream: 0
[2026-03-19 12:04:12.386] [info] [thread 30256] read_thread loop: ret=0, pkt->stream_index=0, audioq.size=21060, videoq.size=620851, eof=0
[2026-03-19 12:04:12.386] [info] [thread 30256] audio_stream: 1, video_stream: 0
[2026-03-19 12:04:12.386] [info] [thread 30256] read_thread loop: ret=0, pkt->stream_index=1, audioq.size=21060, videoq.size=629607, eof=0
[2026-03-19 12:04:12.387] [info] [thread 30256] audio_stream: 1, video_stream: 0
[2026-03-19 12:04:12.387] [info] [thread 30256] audio packet pts: 120832, audio_pkt_size=359
[2026-03-19 12:04:12.413] [info] [thread 29772] audio.nb_samples=1024, channels=2, channel_layout=stereo, format=8, sample_rate=44100
[2026-03-19 12:04:12.413] [info] [thread 29772] audio frame data pointers: data[0]=0x1f2a9d78840, data[1]=0x1f2a9d76600
[2026-03-19 12:04:12.413] [info] [thread 29772] audio.nb_samples=1024, channels=2, channel_layout=stereo, format=8, sample_rate=44100
[2026-03-19 12:04:12.413] [info] [thread 29772] audio frame data pointers: data[0]=0x1f2a9d72200, data[1]=0x1f2a9d7aa40
[2026-03-19 12:04:12.419] [info] [thread 30256] read_thread loop: ret=0, pkt->stream_index=0, audioq.size=20599, videoq.size=591361, eof=0
[2026-03-19 12:04:12.420] [info] [thread 30256] audio_stream: 1, video_stream: 0
[2026-03-19 12:04:12.420] [info] [thread 30256] read_thread loop: ret=0, pkt->stream_index=1, audioq.size=20599, videoq.size=596354, eof=0
[2026-03-19 12:04:12.421] [info] [thread 30256] audio_stream: 1, video_stream: 0
[2026-03-19 12:04:12.421] [info] [thread 30256] audio packet pts: 121856, audio_pkt_size=387
[2026-03-19 12:04:12.421] [info] [thread 30256] read_thread loop: ret=0, pkt->stream_index=0, audioq.size=21106, videoq.size=596354, eof=0
[2026-03-19 12:04:12.422] [info] [thread 30256] audio_stream: 1, video_stream: 0
[2026-03-19 12:04:12.422] [info] [thread 30256] read_thread loop: ret=0, pkt->stream_index=0, audioq.size=21106, videoq.size=602268, eof=0
[2026-03-19 12:04:12.422] [info] [thread 30256] audio_stream: 1, video_stream: 0
[2026-03-19 12:04:12.423] [info] [thread 30256] read_thread loop: ret=0, pkt->stream_index=1, audioq.size=21106, videoq.size=629565, eof=0
[2026-03-19 12:04:12.423] [info] [thread 30256] audio_stream: 1, video_stream: 0
[2026-03-19 12:04:12.423] [info] [thread 30256] audio packet pts: 122880, audio_pkt_size=473
[2026-03-19 12:04:12.462] [info] [thread 29772] audio.nb_samples=1024, channels=2, channel_layout=stereo, format=8, sample_rate=44100
[2026-03-19 12:04:12.463] [info] [thread 29772] audio frame data pointers: data[0]=0x1f2a9d74400, data[1]=0x1f2a9d7cc40
[2026-03-19 12:04:12.463] [info] [thread 29772] audio.nb_samples=1024, channels=2, channel_layout=stereo, format=8, sample_rate=44100
[2026-03-19 12:04:12.463] [info] [thread 29772] audio frame data pointers: data[0]=0x1f2aca5c100, data[1]=0x1f2aca59f00
[2026-03-19 12:04:12.466] [info] [thread 30256] read_thread loop: ret=0, pkt->stream_index=0, audioq.size=20692, videoq.size=590447, eof=0
[2026-03-19 12:04:12.467] [info] [thread 30256] audio_stream: 1, video_stream: 0
[2026-03-19 12:04:12.467] [info] [thread 30256] read_thread loop: ret=0, pkt->stream_index=1, audioq.size=20692, videoq.size=600248, eof=0
[2026-03-19 12:04:12.468] [info] [thread 30256] audio_stream: 1, video_stream: 0
[2026-03-19 12:04:12.468] [info] [thread 30256] audio packet pts: 123904, audio_pkt_size=461
[2026-03-19 12:04:12.468] [info] [thread 30256] read_thread loop: ret=0, pkt->stream_index=0, audioq.size=21273, videoq.size=600248, eof=0
[2026-03-19 12:04:12.468] [info] [thread 30256] audio_stream: 1, video_stream: 0
[2026-03-19 12:04:12.468] [info] [thread 30256] read_thread loop: ret=0, pkt->stream_index=1, audioq.size=21273, videoq.size=606980, eof=0
[2026-03-19 12:04:12.469] [info] [thread 30256] audio_stream: 1, video_stream: 0
[2026-03-19 12:04:12.469] [info] [thread 30256] audio packet pts: 124928, audio_pkt_size=439
[2026-03-19 12:04:12.512] [info] [thread 29772] audio.nb_samples=1024, channels=2, channel_layout=stereo, format=8, sample_rate=44100
[2026-03-19 12:04:12.513] [info] [thread 29772] audio frame data pointers: data[0]=0x1f2aa222980, data[1]=0x1f2aa220940
[2026-03-19 12:04:12.513] [info] [thread 29772] audio.nb_samples=1024, channels=2, channel_layout=stereo, format=8, sample_rate=44100
[2026-03-19 12:04:12.514] [info] [thread 29772] audio frame data pointers: data[0]=0x1f2a9d61180, data[1]=0x1f2ac696cc0
[2026-03-19 12:04:12.521] [info] [thread 30256] read_thread loop: ret=0, pkt->stream_index=0, audioq.size=20892, videoq.size=583868, eof=0
[2026-03-19 12:04:12.522] [info] [thread 30256] audio_stream: 1, video_stream: 0
[2026-03-19 12:04:12.522] [info] [thread 30256] read_thread loop: ret=0, pkt->stream_index=0, audioq.size=20892, videoq.size=591753, eof=0
[2026-03-19 12:04:12.523] [info] [thread 30256] audio_stream: 1, video_stream: 0
[2026-03-19 12:04:12.523] [info] [thread 30256] read_thread loop: ret=0, pkt->stream_index=1, audioq.size=20892, videoq.size=609012, eof=0
[2026-03-19 12:04:12.524] [info] [thread 30256] audio_stream: 1, video_stream: 0
[2026-03-19 12:04:12.524] [info] [thread 30256] audio packet pts: 125952, audio_pkt_size=362
[2026-03-19 12:04:12.524] [info] [thread 30256] read_thread loop: ret=0, pkt->stream_index=0, audioq.size=21374, videoq.size=609012, eof=0
[2026-03-19 12:04:12.524] [info] [thread 30256] audio_stream: 1, video_stream: 0
[2026-03-19 12:04:12.525] [info] [thread 30256] read_thread loop: ret=0, pkt->stream_index=1, audioq.size=21374, videoq.size=616868, eof=0
[2026-03-19 12:04:12.525] [info] [thread 30256] audio_stream: 1, video_stream: 0
[2026-03-19 12:04:12.525] [info] [thread 30256] audio packet pts: 126976, audio_pkt_size=430
[2026-03-19 12:04:12.552] [info] [thread 29772] audio.nb_samples=1024, channels=2, channel_layout=stereo, format=8, sample_rate=44100
[2026-03-19 12:04:12.553] [info] [thread 29772] audio frame data pointers: data[0]=0x1f2a9d65580, data[1]=0x1f2a9d63380
[2026-03-19 12:04:12.553] [info] [thread 29772] audio.nb_samples=1024, channels=2, channel_layout=stereo, format=8, sample_rate=44100
[2026-03-19 12:04:12.553] [info] [thread 29772] audio frame data pointers: data[0]=0x1f2a9d699c0, data[1]=0x1f2a9d5ef80
[2026-03-19 12:04:12.557] [info] [thread 30256] read_thread loop: ret=0, pkt->stream_index=0, audioq.size=20965, videoq.size=595186, eof=0
[2026-03-19 12:04:12.557] [info] [thread 30256] audio_stream: 1, video_stream: 0
[2026-03-19 12:04:12.558] [info] [thread 30256] read_thread loop: ret=0, pkt->stream_index=1, audioq.size=20965, videoq.size=600398, eof=0
[2026-03-19 12:04:12.558] [info] [thread 30256] audio_stream: 1, video_stream: 0
[2026-03-19 12:04:12.559] [info] [thread 30256] audio packet pts: 128000, audio_pkt_size=426
[2026-03-19 12:04:12.559] [info] [thread 30256] read_thread loop: ret=0, pkt->stream_index=0, audioq.size=21511, videoq.size=600398, eof=0
[2026-03-19 12:04:12.560] [info] [thread 30256] audio_stream: 1, video_stream: 0
[2026-03-19 12:04:12.560] [info] [thread 30256] read_thread loop: ret=0, pkt->stream_index=0, audioq.size=21511, videoq.size=606532, eof=0
[2026-03-19 12:04:12.560] [info] [thread 30256] audio_stream: 1, video_stream: 0
[2026-03-19 12:04:12.560] [info] [thread 30256] read_thread loop: ret=0, pkt->stream_index=1, audioq.size=21511, videoq.size=620762, eof=0
[2026-03-19 12:04:12.560] [info] [thread 30256] audio_stream: 1, video_stream: 0
[2026-03-19 12:04:12.561] [info] [thread 30256] audio packet pts: 129024, audio_pkt_size=385
[2026-03-19 12:04:12.602] [info] [thread 29772] audio.nb_samples=1024, channels=2, channel_layout=stereo, format=8, sample_rate=44100
[2026-03-19 12:04:12.603] [info] [thread 29772] audio frame data pointers: data[0]=0x1f2a9d6bbc0, data[1]=0x1f2a9d677c0
[2026-03-19 12:04:12.603] [info] [thread 29772] audio.nb_samples=1024, channels=2, channel_layout=stereo, format=8, sample_rate=44100
[2026-03-19 12:04:12.604] [info] [thread 29772] audio frame data pointers: data[0]=0x1f2a9d6ddc0, data[1]=0x1f2a9d70000
[2026-03-19 12:04:12.622] [info] [thread 30256] read_thread loop: ret=0, pkt->stream_index=0, audioq.size=21037, videoq.size=587886, eof=0
[2026-03-19 12:04:12.623] [info] [thread 30256] audio_stream: 1, video_stream: 0
[2026-03-19 12:04:12.623] [info] [thread 30256] read_thread loop: ret=0, pkt->stream_index=1, audioq.size=21037, videoq.size=596672, eof=0
[2026-03-19 12:04:12.624] [info] [thread 30256] audio_stream: 1, video_stream: 0
[2026-03-19 12:04:12.624] [info] [thread 30256] audio packet pts: 130048, audio_pkt_size=325
[2026-03-19 12:04:12.624] [info] [thread 30256] read_thread loop: ret=0, pkt->stream_index=0, audioq.size=21482, videoq.size=596672, eof=0
[2026-03-19 12:04:12.625] [info] [thread 30256] audio_stream: 1, video_stream: 0
[2026-03-19 12:04:12.625] [info] [thread 30256] read_thread loop: ret=0, pkt->stream_index=0, audioq.size=21482, videoq.size=603829, eof=0
[2026-03-19 12:04:12.625] [info] [thread 30256] audio_stream: 1, video_stream: 0
[2026-03-19 12:04:12.626] [info] [thread 30256] read_thread loop: ret=0, pkt->stream_index=1, audioq.size=21482, videoq.size=609726, eof=0
[2026-03-19 12:04:12.626] [info] [thread 30256] audio_stream: 1, video_stream: 0
[2026-03-19 12:04:12.627] [info] [thread 30256] audio packet pts: 131072, audio_pkt_size=314
[2026-03-19 12:04:12.653] [info] [thread 29772] audio.nb_samples=1024, channels=2, channel_layout=stereo, format=8, sample_rate=44100
[2026-03-19 12:04:12.654] [info] [thread 29772] audio frame data pointers: data[0]=0x1f2a9d76600, data[1]=0x1f2a9d78840
[2026-03-19 12:04:12.654] [info] [thread 29772] audio.nb_samples=1024, channels=2, channel_layout=stereo, format=8, sample_rate=44100
[2026-03-19 12:04:12.654] [info] [thread 29772] audio frame data pointers: data[0]=0x1f2a9d7aa40, data[1]=0x1f2a9d72200
[2026-03-19 12:04:12.669] [info] [thread 30256] read_thread loop: ret=0, pkt->stream_index=0, audioq.size=20924, videoq.size=583545, eof=0
[2026-03-19 12:04:12.670] [info] [thread 30256] audio_stream: 1, video_stream: 0
[2026-03-19 12:04:12.670] [info] [thread 30256] read_thread loop: ret=0, pkt->stream_index=1, audioq.size=20924, videoq.size=599053, eof=0
[2026-03-19 12:04:12.671] [info] [thread 30256] audio_stream: 1, video_stream: 0
[2026-03-19 12:04:12.671] [info] [thread 30256] audio packet pts: 132096, audio_pkt_size=343
[2026-03-19 12:04:12.672] [info] [thread 30256] read_thread loop: ret=0, pkt->stream_index=0, audioq.size=21387, videoq.size=599053, eof=0
[2026-03-19 12:04:12.672] [info] [thread 30256] audio_stream: 1, video_stream: 0
[2026-03-19 12:04:12.672] [info] [thread 30256] read_thread loop: ret=0, pkt->stream_index=1, audioq.size=21387, videoq.size=606519, eof=0
[2026-03-19 12:04:12.672] [info] [thread 30256] audio_stream: 1, video_stream: 0
[2026-03-19 12:04:12.673] [info] [thread 30256] audio packet pts: 133120, audio_pkt_size=330
[2026-03-19 12:04:12.693] [info] [thread 29772] audio.nb_samples=1024, channels=2, channel_layout=stereo, format=8, sample_rate=44100
[2026-03-19 12:04:12.693] [info] [thread 29772] audio frame data pointers: data[0]=0x1f2a9d7cc40, data[1]=0x1f2a9d74400
[2026-03-19 12:04:12.694] [info] [thread 29772] audio.nb_samples=1024, channels=2, channel_layout=stereo, format=8, sample_rate=44100
[2026-03-19 12:04:12.694] [info] [thread 29772] audio frame data pointers: data[0]=0x1f2aca59f00, data[1]=0x1f2aca5c100
[2026-03-19 12:04:12.694] [info] [thread 30256] read_thread loop: ret=0, pkt->stream_index=0, audioq.size=20880, videoq.size=600990, eof=0
[2026-03-19 12:04:12.695] [info] [thread 30256] audio_stream: 1, video_stream: 0
[2026-03-19 12:04:12.695] [info] [thread 30256] read_thread loop: ret=0, pkt->stream_index=0, audioq.size=20880, videoq.size=611658, eof=0
[2026-03-19 12:04:12.696] [info] [thread 30256] audio_stream: 1, video_stream: 0
[2026-03-19 12:04:12.696] [info] [thread 30256] read_thread loop: ret=0, pkt->stream_index=1, audioq.size=20880, videoq.size=621773, eof=0
[2026-03-19 12:04:12.696] [info] [thread 30256] audio_stream: 1, video_stream: 0
[2026-03-19 12:04:12.696] [info] [thread 30256] audio packet pts: 134144, audio_pkt_size=377
[2026-03-19 12:04:12.697] [info] [thread 30256] read_thread loop: ret=0, pkt->stream_index=0, audioq.size=21377, videoq.size=621773, eof=0
[2026-03-19 12:04:12.697] [info] [thread 30256] audio_stream: 1, video_stream: 0
[2026-03-19 12:04:12.697] [info] [thread 30256] read_thread loop: ret=0, pkt->stream_index=1, audioq.size=21377, videoq.size=628524, eof=0
[2026-03-19 12:04:12.697] [info] [thread 30256] audio_stream: 1, video_stream: 0
[2026-03-19 12:04:12.697] [info] [thread 30256] audio packet pts: 135168, audio_pkt_size=311
[2026-03-19 12:04:12.743] [info] [thread 29772] audio.nb_samples=1024, channels=2, channel_layout=stereo, format=8, sample_rate=44100
[2026-03-19 12:04:12.744] [info] [thread 29772] audio frame data pointers: data[0]=0x1f2aa220940, data[1]=0x1f2aa222980
[2026-03-19 12:04:12.744] [info] [thread 29772] audio.nb_samples=1024, channels=2, channel_layout=stereo, format=8, sample_rate=44100
[2026-03-19 12:04:12.744] [info] [thread 29772] audio frame data pointers: data[0]=0x1f2ac696cc0, data[1]=0x1f2a9d61180
[2026-03-19 12:04:12.762] [info] [thread 30256] read_thread loop: ret=0, pkt->stream_index=0, audioq.size=20840, videoq.size=604836, eof=0
[2026-03-19 12:04:12.763] [info] [thread 30256] audio_stream: 1, video_stream: 0
[2026-03-19 12:04:12.763] [info] [thread 30256] read_thread loop: ret=0, pkt->stream_index=0, audioq.size=20840, videoq.size=607002, eof=0
[2026-03-19 12:04:12.764] [info] [thread 30256] audio_stream: 1, video_stream: 0
[2026-03-19 12:04:12.764] [info] [thread 30256] read_thread loop: ret=0, pkt->stream_index=1, audioq.size=20840, videoq.size=620992, eof=0
[2026-03-19 12:04:12.764] [info] [thread 30256] audio_stream: 1, video_stream: 0
[2026-03-19 12:04:12.765] [info] [thread 30256] audio packet pts: 136192, audio_pkt_size=347
[2026-03-19 12:04:12.765] [info] [thread 30256] read_thread loop: ret=0, pkt->stream_index=0, audioq.size=21307, videoq.size=620992, eof=0
[2026-03-19 12:04:12.765] [info] [thread 30256] audio_stream: 1, video_stream: 0
[2026-03-19 12:04:12.765] [info] [thread 30256] read_thread loop: ret=0, pkt->stream_index=1, audioq.size=21307, videoq.size=629797, eof=0
[2026-03-19 12:04:12.766] [info] [thread 30256] audio_stream: 1, video_stream: 0
[2026-03-19 12:04:12.766] [info] [thread 30256] audio packet pts: 137216, audio_pkt_size=328
[2026-03-19 12:04:12.793] [info] [thread 29772] audio.nb_samples=1024, channels=2, channel_layout=stereo, format=8, sample_rate=44100
[2026-03-19 12:04:12.794] [info] [thread 29772] audio frame data pointers: data[0]=0x1f2a9d63380, data[1]=0x1f2a9d65580
[2026-03-19 12:04:12.794] [info] [thread 29772] audio.nb_samples=1024, channels=2, channel_layout=stereo, format=8, sample_rate=44100
[2026-03-19 12:04:12.795] [info] [thread 29772] audio frame data pointers: data[0]=0x1f2a9d5ef80, data[1]=0x1f2a9d699c0
[2026-03-19 12:04:12.807] [info] [thread 30256] read_thread loop: ret=0, pkt->stream_index=0, audioq.size=20639, videoq.size=610655, eof=0
[2026-03-19 12:04:12.808] [info] [thread 30256] audio_stream: 1, video_stream: 0
[2026-03-19 12:04:12.809] [info] [thread 30256] read_thread loop: ret=0, pkt->stream_index=1, audioq.size=20639, videoq.size=615000, eof=0
[2026-03-19 12:04:12.809] [info] [thread 30256] audio_stream: 1, video_stream: 0
[2026-03-19 12:04:12.810] [info] [thread 30256] audio packet pts: 138240, audio_pkt_size=346
[2026-03-19 12:04:12.810] [info] [thread 30256] read_thread loop: ret=0, pkt->stream_index=0, audioq.size=21105, videoq.size=615000, eof=0
[2026-03-19 12:04:12.811] [info] [thread 30256] audio_stream: 1, video_stream: 0
[2026-03-19 12:04:12.811] [info] [thread 30256] read_thread loop: ret=0, pkt->stream_index=0, audioq.size=21105, videoq.size=620683, eof=0
[2026-03-19 12:04:12.812] [info] [thread 30256] audio_stream: 1, video_stream: 0
[2026-03-19 12:04:12.812] [info] [thread 30256] read_thread loop: ret=0, pkt->stream_index=1, audioq.size=21105, videoq.size=636106, eof=0
[2026-03-19 12:04:12.812] [info] [thread 30256] audio_stream: 1, video_stream: 0
[2026-03-19 12:04:12.812] [info] [thread 30256] audio packet pts: 139264, audio_pkt_size=348
[2026-03-19 12:04:12.832] [info] [thread 29772] audio.nb_samples=1024, channels=2, channel_layout=stereo, format=8, sample_rate=44100
[2026-03-19 12:04:12.833] [info] [thread 29772] audio frame data pointers: data[0]=0x1f2a9d677c0, data[1]=0x1f2a9d6bbc0
[2026-03-19 12:04:12.833] [info] [thread 29772] audio.nb_samples=1024, channels=2, channel_layout=stereo, format=8, sample_rate=44100
[2026-03-19 12:04:12.834] [info] [thread 29772] audio frame data pointers: data[0]=0x1f2a9d70000, data[1]=0x1f2a9d6ddc0
[2026-03-19 12:04:12.853] [info] [thread 30256] read_thread loop: ret=0, pkt->stream_index=0, audioq.size=20544, videoq.size=612951, eof=0
[2026-03-19 12:04:12.854] [info] [thread 30256] audio_stream: 1, video_stream: 0
[2026-03-19 12:04:12.855] [info] [thread 30256] read_thread loop: ret=0, pkt->stream_index=1, audioq.size=20544, videoq.size=619176, eof=0
[2026-03-19 12:04:12.855] [info] [thread 30256] audio_stream: 1, video_stream: 0
[2026-03-19 12:04:12.855] [info] [thread 30256] audio packet pts: 140288, audio_pkt_size=346
[2026-03-19 12:04:12.855] [info] [thread 30256] read_thread loop: ret=0, pkt->stream_index=0, audioq.size=21010, videoq.size=619176, eof=0
[2026-03-19 12:04:12.856] [info] [thread 30256] audio_stream: 1, video_stream: 0
[2026-03-19 12:04:12.856] [info] [thread 30256] read_thread loop: ret=0, pkt->stream_index=0, audioq.size=21010, videoq.size=624565, eof=0
[2026-03-19 12:04:12.856] [info] [thread 30256] audio_stream: 1, video_stream: 0
[2026-03-19 12:04:12.856] [info] [thread 30256] read_thread loop: ret=0, pkt->stream_index=1, audioq.size=21010, videoq.size=628699, eof=0
[2026-03-19 12:04:12.856] [info] [thread 30256] audio_stream: 1, video_stream: 0
[2026-03-19 12:04:12.857] [info] [thread 30256] audio packet pts: 141312, audio_pkt_size=356
[2026-03-19 12:04:12.882] [info] [thread 29772] audio.nb_samples=1024, channels=2, channel_layout=stereo, format=8, sample_rate=44100
[2026-03-19 12:04:12.883] [info] [thread 29772] audio frame data pointers: data[0]=0x1f2a9d78840, data[1]=0x1f2a9d76600
[2026-03-19 12:04:12.883] [info] [thread 29772] audio.nb_samples=1024, channels=2, channel_layout=stereo, format=8, sample_rate=44100
[2026-03-19 12:04:12.883] [info] [thread 29772] audio frame data pointers: data[0]=0x1f2a9d72200, data[1]=0x1f2a9d7aa40
[2026-03-19 12:04:12.887] [info] [thread 30256] read_thread loop: ret=0, pkt->stream_index=0, audioq.size=20529, videoq.size=619998, eof=0
[2026-03-19 12:04:12.888] [info] [thread 30256] audio_stream: 1, video_stream: 0
[2026-03-19 12:04:12.888] [info] [thread 30256] read_thread loop: ret=0, pkt->stream_index=1, audioq.size=20529, videoq.size=633799, eof=0
[2026-03-19 12:04:12.888] [info] [thread 30256] audio_stream: 1, video_stream: 0
[2026-03-19 12:04:12.889] [info] [thread 30256] audio packet pts: 142336, audio_pkt_size=387
[2026-03-19 12:04:12.889] [info] [thread 30256] read_thread loop: ret=0, pkt->stream_index=0, audioq.size=21036, videoq.size=633799, eof=0
[2026-03-19 12:04:12.890] [info] [thread 30256] audio_stream: 1, video_stream: 0
[2026-03-19 12:04:12.890] [info] [thread 30256] read_thread loop: ret=0, pkt->stream_index=1, audioq.size=21036, videoq.size=640677, eof=0
[2026-03-19 12:04:12.890] [info] [thread 30256] audio_stream: 1, video_stream: 0
[2026-03-19 12:04:12.890] [info] [thread 30256] audio packet pts: 143360, audio_pkt_size=451
[2026-03-19 12:04:12.923] [info] [thread 29772] audio.nb_samples=1024, channels=2, channel_layout=stereo, format=8, sample_rate=44100
[2026-03-19 12:04:12.923] [info] [thread 29772] audio frame data pointers: data[0]=0x1f2a9d74400, data[1]=0x1f2a9d7cc40
[2026-03-19 12:04:12.924] [info] [thread 29772] audio.nb_samples=1024, channels=2, channel_layout=stereo, format=8, sample_rate=44100
[2026-03-19 12:04:12.924] [info] [thread 29772] audio frame data pointers: data[0]=0x1f2aca5c100, data[1]=0x1f2aca59f00
[2026-03-19 12:04:12.933] [info] [thread 30256] read_thread loop: ret=0, pkt->stream_index=0, audioq.size=20659, videoq.size=616436, eof=0
[2026-03-19 12:04:12.934] [info] [thread 30256] audio_stream: 1, video_stream: 0
[2026-03-19 12:04:12.934] [info] [thread 30256] read_thread loop: ret=0, pkt->stream_index=0, audioq.size=20659, videoq.size=621502, eof=0
[2026-03-19 12:04:12.935] [info] [thread 30256] audio_stream: 1, video_stream: 0
[2026-03-19 12:04:12.935] [info] [thread 30256] read_thread loop: ret=0, pkt->stream_index=1, audioq.size=20659, videoq.size=625666, eof=0
[2026-03-19 12:04:12.935] [info] [thread 30256] audio_stream: 1, video_stream: 0
[2026-03-19 12:04:12.935] [info] [thread 30256] audio packet pts: 144384, audio_pkt_size=461
[2026-03-19 12:04:12.936] [info] [thread 30256] read_thread loop: ret=0, pkt->stream_index=0, audioq.size=21240, videoq.size=625666, eof=0
[2026-03-19 12:04:12.936] [info] [thread 30256] audio_stream: 1, video_stream: 0
[2026-03-19 12:04:12.936] [info] [thread 30256] read_thread loop: ret=0, pkt->stream_index=1, audioq.size=21240, videoq.size=640586, eof=0
[2026-03-19 12:04:12.936] [info] [thread 30256] audio_stream: 1, video_stream: 0
[2026-03-19 12:04:12.936] [info] [thread 30256] audio packet pts: 145408, audio_pkt_size=380
[2026-03-19 12:04:12.972] [info] [thread 29772] audio.nb_samples=1024, channels=2, channel_layout=stereo, format=8, sample_rate=44100
[2026-03-19 12:04:12.973] [info] [thread 29772] audio frame data pointers: data[0]=0x1f2aa222980, data[1]=0x1f2aa220940
[2026-03-19 12:04:12.973] [info] [thread 29772] audio.nb_samples=1024, channels=2, channel_layout=stereo, format=8, sample_rate=44100
[2026-03-19 12:04:12.974] [info] [thread 29772] audio frame data pointers: data[0]=0x1f2a9d61180, data[1]=0x1f2ac696cc0
[2026-03-19 12:04:12.978] [info] [thread 30256] read_thread loop: ret=0, pkt->stream_index=0, audioq.size=20787, videoq.size=631389, eof=0
[2026-03-19 12:04:12.979] [info] [thread 30256] audio_stream: 1, video_stream: 0
[2026-03-19 12:04:12.980] [info] [thread 30256] read_thread loop: ret=0, pkt->stream_index=0, audioq.size=20787, videoq.size=619896, eof=0
[2026-03-19 12:04:12.980] [info] [thread 30256] audio_stream: 1, video_stream: 0
[2026-03-19 12:04:12.980] [info] [thread 30256] read_thread loop: ret=0, pkt->stream_index=1, audioq.size=20787, videoq.size=626652, eof=0
[2026-03-19 12:04:12.980] [info] [thread 30256] audio_stream: 1, video_stream: 0
[2026-03-19 12:04:12.981] [info] [thread 30256] audio packet pts: 146432, audio_pkt_size=392
[2026-03-19 12:04:12.981] [info] [thread 30256] read_thread loop: ret=0, pkt->stream_index=0, audioq.size=21299, videoq.size=626652, eof=0
[2026-03-19 12:04:12.981] [info] [thread 30256] audio_stream: 1, video_stream: 0
[2026-03-19 12:04:12.982] [info] [thread 30256] read_thread loop: ret=0, pkt->stream_index=1, audioq.size=21299, videoq.size=642694, eof=0
[2026-03-19 12:04:12.982] [info] [thread 30256] audio_stream: 1, video_stream: 0
[2026-03-19 12:04:12.982] [info] [thread 30256] audio packet pts: 147456, audio_pkt_size=373
[2026-03-19 12:04:13.023] [info] [thread 29772] audio.nb_samples=1024, channels=2, channel_layout=stereo, format=8, sample_rate=44100
[2026-03-19 12:04:13.023] [info] [thread 29772] audio frame data pointers: data[0]=0x1f2a9d65580, data[1]=0x1f2a9d63380
[2026-03-19 12:04:13.023] [info] [thread 29772] audio.nb_samples=1024, channels=2, channel_layout=stereo, format=8, sample_rate=44100
[2026-03-19 12:04:13.023] [info] [thread 30256] read_thread loop: ret=0, pkt->stream_index=0, audioq.size=21320, videoq.size=628637, eof=0
[2026-03-19 12:04:13.024] [info] [thread 29772] audio frame data pointers: data[0]=0x1f2a9d699c0, data[1]=0x1f2a9d5ef80
[2026-03-19 12:04:13.024] [info] [thread 30256] audio_stream: 1, video_stream: 0
[2026-03-19 12:04:13.025] [info] [thread 30256] read_thread loop: ret=0, pkt->stream_index=1, audioq.size=20839, videoq.size=645418, eof=0
[2026-03-19 12:04:13.025] [info] [thread 30256] audio_stream: 1, video_stream: 0
[2026-03-19 12:04:13.025] [info] [thread 30256] audio packet pts: 148480, audio_pkt_size=356
[2026-03-19 12:04:13.026] [info] [thread 30256] read_thread loop: ret=0, pkt->stream_index=0, audioq.size=21315, videoq.size=645418, eof=0
[2026-03-19 12:04:13.026] [info] [thread 30256] audio_stream: 1, video_stream: 0
[2026-03-19 12:04:13.026] [info] [thread 30256] read_thread loop: ret=0, pkt->stream_index=0, audioq.size=21315, videoq.size=655631, eof=0
[2026-03-19 12:04:13.026] [info] [thread 30256] audio_stream: 1, video_stream: 0
[2026-03-19 12:04:13.026] [info] [thread 30256] read_thread loop: ret=0, pkt->stream_index=1, audioq.size=21315, videoq.size=662306, eof=0
[2026-03-19 12:04:13.027] [info] [thread 30256] audio_stream: 1, video_stream: 0
[2026-03-19 12:04:13.027] [info] [thread 30256] audio packet pts: 149504, audio_pkt_size=418
[2026-03-19 12:04:13.062] [info] [thread 29772] audio.nb_samples=1024, channels=2, channel_layout=stereo, format=8, sample_rate=44100
[2026-03-19 12:04:13.063] [info] [thread 29772] audio frame data pointers: data[0]=0x1f2a9d6bbc0, data[1]=0x1f2a9d677c0
[2026-03-19 12:04:13.063] [info] [thread 29772] audio.nb_samples=1024, channels=2, channel_layout=stereo, format=8, sample_rate=44100
[2026-03-19 12:04:13.064] [info] [thread 29772] audio frame data pointers: data[0]=0x1f2a9d6ddc0, data[1]=0x1f2a9d70000
[2026-03-19 12:04:13.069] [info] [thread 30256] read_thread loop: ret=0, pkt->stream_index=0, audioq.size=20871, videoq.size=629181, eof=0
[2026-03-19 12:04:13.070] [info] [thread 30256] audio_stream: 1, video_stream: 0
[2026-03-19 12:04:13.070] [info] [thread 30256] read_thread loop: ret=0, pkt->stream_index=1, audioq.size=20871, videoq.size=635750, eof=0
[2026-03-19 12:04:13.071] [info] [thread 30256] audio_stream: 1, video_stream: 0
[2026-03-19 12:04:13.071] [info] [thread 30256] audio packet pts: 150528, audio_pkt_size=433
[2026-03-19 12:04:13.071] [info] [thread 30256] read_thread loop: ret=0, pkt->stream_index=0, audioq.size=21424, videoq.size=635750, eof=0
[2026-03-19 12:04:13.071] [info] [thread 30256] audio_stream: 1, video_stream: 0
[2026-03-19 12:04:13.072] [info] [thread 30256] read_thread loop: ret=0, pkt->stream_index=1, audioq.size=21424, videoq.size=651868, eof=0
[2026-03-19 12:04:13.072] [info] [thread 30256] audio_stream: 1, video_stream: 0
[2026-03-19 12:04:13.072] [info] [thread 30256] audio packet pts: 151552, audio_pkt_size=400
[2026-03-19 12:04:13.113] [info] [thread 29772] audio.nb_samples=1024, channels=2, channel_layout=stereo, format=8, sample_rate=44100
[2026-03-19 12:04:13.113] [info] [thread 29772] audio frame data pointers: data[0]=0x1f2a9d76600, data[1]=0x1f2a9d78840
[2026-03-19 12:04:13.113] [info] [thread 30256] read_thread loop: ret=0, pkt->stream_index=0, audioq.size=21446, videoq.size=622298, eof=0
[2026-03-19 12:04:13.113] [info] [thread 29772] audio.nb_samples=1024, channels=2, channel_layout=stereo, format=8, sample_rate=44100
[2026-03-19 12:04:13.114] [info] [thread 29772] audio frame data pointers: data[0]=0x1f2a9d7aa40, data[1]=0x1f2a9d72200
[2026-03-19 12:04:13.114] [info] [thread 30256] audio_stream: 1, video_stream: 0
[2026-03-19 12:04:13.115] [info] [thread 30256] read_thread loop: ret=0, pkt->stream_index=0, audioq.size=20958, videoq.size=630814, eof=0
[2026-03-19 12:04:13.115] [info] [thread 30256] audio_stream: 1, video_stream: 0
[2026-03-19 12:04:13.116] [info] [thread 30256] read_thread loop: ret=0, pkt->stream_index=1, audioq.size=20958, videoq.size=636803, eof=0
[2026-03-19 12:04:13.116] [info] [thread 30256] audio_stream: 1, video_stream: 0
[2026-03-19 12:04:13.116] [info] [thread 30256] audio packet pts: 152576, audio_pkt_size=343
[2026-03-19 12:04:13.116] [info] [thread 30256] read_thread loop: ret=0, pkt->stream_index=0, audioq.size=21421, videoq.size=636803, eof=0
[2026-03-19 12:04:13.116] [info] [thread 30256] audio_stream: 1, video_stream: 0
[2026-03-19 12:04:13.116] [info] [thread 30256] read_thread loop: ret=0, pkt->stream_index=1, audioq.size=21421, videoq.size=641781, eof=0
[2026-03-19 12:04:13.117] [info] [thread 30256] audio_stream: 1, video_stream: 0
[2026-03-19 12:04:13.117] [info] [thread 30256] audio packet pts: 153600, audio_pkt_size=337
[2026-03-19 12:04:13.162] [info] [thread 29772] audio.nb_samples=1024, channels=2, channel_layout=stereo, format=8, sample_rate=44100
[2026-03-19 12:04:13.163] [info] [thread 29772] audio frame data pointers: data[0]=0x1f2a9d7cc40, data[1]=0x1f2a9d74400
[2026-03-19 12:04:13.163] [info] [thread 29772] audio.nb_samples=1024, channels=2, channel_layout=stereo, format=8, sample_rate=44100
[2026-03-19 12:04:13.163] [info] [thread 29772] audio frame data pointers: data[0]=0x1f2aca59f00, data[1]=0x1f2aca5c100
[2026-03-19 12:04:13.182] [info] [thread 30256] read_thread loop: ret=0, pkt->stream_index=0, audioq.size=20899, videoq.size=607698, eof=0
[2026-03-19 12:04:13.182] [info] [thread 30256] audio_stream: 1, video_stream: 0
[2026-03-19 12:04:13.183] [info] [thread 30256] read_thread loop: ret=0, pkt->stream_index=0, audioq.size=20899, videoq.size=624524, eof=0
[2026-03-19 12:04:13.183] [info] [thread 30256] audio_stream: 1, video_stream: 0
[2026-03-19 12:04:13.183] [info] [thread 30256] read_thread loop: ret=0, pkt->stream_index=1, audioq.size=20899, videoq.size=632495, eof=0
[2026-03-19 12:04:13.184] [info] [thread 30256] audio_stream: 1, video_stream: 0
[2026-03-19 12:04:13.184] [info] [thread 30256] audio packet pts: 154624, audio_pkt_size=351
[2026-03-19 12:04:13.184] [info] [thread 30256] read_thread loop: ret=0, pkt->stream_index=0, audioq.size=21370, videoq.size=632495, eof=0
[2026-03-19 12:04:13.185] [info] [thread 30256] audio_stream: 1, video_stream: 0
[2026-03-19 12:04:13.185] [info] [thread 30256] read_thread loop: ret=0, pkt->stream_index=1, audioq.size=21370, videoq.size=638396, eof=0
[2026-03-19 12:04:13.185] [info] [thread 30256] audio_stream: 1, video_stream: 0
[2026-03-19 12:04:13.185] [info] [thread 30256] audio packet pts: 155648, audio_pkt_size=351
[2026-03-19 12:04:13.203] [info] [thread 29772] audio.nb_samples=1024, channels=2, channel_layout=stereo, format=8, sample_rate=44100
[2026-03-19 12:04:13.204] [info] [thread 29772] audio frame data pointers: data[0]=0x1f2aa220940, data[1]=0x1f2aa222980
[2026-03-19 12:04:13.204] [info] [thread 29772] audio.nb_samples=1024, channels=2, channel_layout=stereo, format=8, sample_rate=44100
[2026-03-19 12:04:13.204] [info] [thread 29772] audio frame data pointers: data[0]=0x1f2ac696cc0, data[1]=0x1f2a9d61180
[2026-03-19 12:04:13.207] [info] [thread 30256] read_thread loop: ret=0, pkt->stream_index=0, audioq.size=20855, videoq.size=631210, eof=0
[2026-03-19 12:04:13.207] [info] [thread 30256] audio_stream: 1, video_stream: 0
[2026-03-19 12:04:13.208] [info] [thread 30256] read_thread loop: ret=0, pkt->stream_index=1, audioq.size=20855, videoq.size=635622, eof=0
[2026-03-19 12:04:13.208] [info] [thread 30256] audio_stream: 1, video_stream: 0
[2026-03-19 12:04:13.208] [info] [thread 30256] audio packet pts: 156672, audio_pkt_size=353
[2026-03-19 12:04:13.209] [info] [thread 30256] read_thread loop: ret=0, pkt->stream_index=0, audioq.size=21328, videoq.size=635622, eof=0
[2026-03-19 12:04:13.209] [info] [thread 30256] audio_stream: 1, video_stream: 0
[2026-03-19 12:04:13.209] [info] [thread 30256] read_thread loop: ret=0, pkt->stream_index=0, audioq.size=21328, videoq.size=648243, eof=0
[2026-03-19 12:04:13.209] [info] [thread 30256] audio_stream: 1, video_stream: 0
[2026-03-19 12:04:13.210] [info] [thread 30256] read_thread loop: ret=0, pkt->stream_index=1, audioq.size=21328, videoq.size=653539, eof=0
[2026-03-19 12:04:13.210] [info] [thread 30256] audio_stream: 1, video_stream: 0
[2026-03-19 12:04:13.210] [info] [thread 30256] audio packet pts: 157696, audio_pkt_size=383
[2026-03-19 12:04:13.253] [info] [thread 29772] audio.nb_samples=1024, channels=2, channel_layout=stereo, format=8, sample_rate=44100
[2026-03-19 12:04:13.253] [info] [thread 29772] audio frame data pointers: data[0]=0x1f2a9d63380, data[1]=0x1f2a9d65580
[2026-03-19 12:04:13.254] [info] [thread 29772] audio.nb_samples=1024, channels=2, channel_layout=stereo, format=8, sample_rate=44100
[2026-03-19 12:04:13.254] [info] [thread 29772] audio frame data pointers: data[0]=0x1f2a9d5ef80, data[1]=0x1f2a9d699c0
[2026-03-19 12:04:13.263] [info] [thread 30256] read_thread loop: ret=0, pkt->stream_index=0, audioq.size=20791, videoq.size=629673, eof=0
[2026-03-19 12:04:13.264] [info] [thread 30256] audio_stream: 1, video_stream: 0
[2026-03-19 12:04:13.264] [info] [thread 30256] read_thread loop: ret=0, pkt->stream_index=1, audioq.size=20791, videoq.size=626964, eof=0
[2026-03-19 12:04:13.264] [info] [thread 30256] audio_stream: 1, video_stream: 0
[2026-03-19 12:04:13.265] [info] [thread 30256] audio packet pts: 158720, audio_pkt_size=406
[2026-03-19 12:04:13.265] [info] [thread 30256] read_thread loop: ret=0, pkt->stream_index=0, audioq.size=21317, videoq.size=626964, eof=0
[2026-03-19 12:04:13.265] [info] [thread 30256] audio_stream: 1, video_stream: 0
[2026-03-19 12:04:13.266] [info] [thread 30256] read_thread loop: ret=0, pkt->stream_index=0, audioq.size=21317, videoq.size=630156, eof=0
[2026-03-19 12:04:13.266] [info] [thread 30256] audio_stream: 1, video_stream: 0
[2026-03-19 12:04:13.266] [info] [thread 30256] read_thread loop: ret=0, pkt->stream_index=1, audioq.size=21317, videoq.size=639098, eof=0
[2026-03-19 12:04:13.266] [info] [thread 30256] audio_stream: 1, video_stream: 0
[2026-03-19 12:04:13.267] [info] [thread 30256] audio packet pts: 159744, audio_pkt_size=424
[2026-03-19 12:04:13.303] [info] [thread 29772] audio.nb_samples=1024, channels=2, channel_layout=stereo, format=8, sample_rate=44100
[2026-03-19 12:04:13.303] [info] [thread 29772] audio frame data pointers: data[0]=0x1f2a9d677c0, data[1]=0x1f2a9d6bbc0
[2026-03-19 12:04:13.304] [info] [thread 29772] audio.nb_samples=1024, channels=2, channel_layout=stereo, format=8, sample_rate=44100
[2026-03-19 12:04:13.304] [info] [thread 29772] audio frame data pointers: data[0]=0x1f2a9d70000, data[1]=0x1f2a9d6ddc0
[2026-03-19 12:04:13.309] [info] [thread 30256] read_thread loop: ret=0, pkt->stream_index=0, audioq.size=20909, videoq.size=631324, eof=0
[2026-03-19 12:04:13.310] [info] [thread 30256] audio_stream: 1, video_stream: 0
[2026-03-19 12:04:13.310] [info] [thread 30256] read_thread loop: ret=0, pkt->stream_index=1, audioq.size=20909, videoq.size=635137, eof=0
[2026-03-19 12:04:13.311] [info] [thread 30256] audio_stream: 1, video_stream: 0
[2026-03-19 12:04:13.311] [info] [thread 30256] audio packet pts: 160768, audio_pkt_size=377
[2026-03-19 12:04:13.311] [info] [thread 30256] read_thread loop: ret=0, pkt->stream_index=0, audioq.size=21406, videoq.size=635137, eof=0
[2026-03-19 12:04:13.311] [info] [thread 30256] audio_stream: 1, video_stream: 0
[2026-03-19 12:04:13.312] [info] [thread 30256] read_thread loop: ret=0, pkt->stream_index=1, audioq.size=21406, videoq.size=637019, eof=0
[2026-03-19 12:04:13.312] [info] [thread 30256] audio_stream: 1, video_stream: 0
[2026-03-19 12:04:13.312] [info] [thread 30256] audio packet pts: 161792, audio_pkt_size=344
[2026-03-19 12:04:13.343] [info] [thread 29772] audio.nb_samples=1024, channels=2, channel_layout=stereo, format=8, sample_rate=44100
[2026-03-19 12:04:13.343] [info] [thread 29772] audio frame data pointers: data[0]=0x1f2a9d78840, data[1]=0x1f2a9d76600
[2026-03-19 12:04:13.344] [info] [thread 29772] audio.nb_samples=1024, channels=2, channel_layout=stereo, format=8, sample_rate=44100
[2026-03-19 12:04:13.344] [info] [thread 29772] audio frame data pointers: data[0]=0x1f2a9d72200, data[1]=0x1f2a9d7aa40
[2026-03-19 12:04:13.354] [info] [thread 30256] read_thread loop: ret=0, pkt->stream_index=0, audioq.size=20904, videoq.size=608640, eof=0
[2026-03-19 12:04:13.355] [info] [thread 30256] audio_stream: 1, video_stream: 0
[2026-03-19 12:04:13.355] [info] [thread 30256] read_thread loop: ret=0, pkt->stream_index=0, audioq.size=20904, videoq.size=611372, eof=0
[2026-03-19 12:04:13.356] [info] [thread 30256] audio_stream: 1, video_stream: 0
[2026-03-19 12:04:13.356] [info] [thread 30256] read_thread loop: ret=0, pkt->stream_index=1, audioq.size=20904, videoq.size=635466, eof=0
[2026-03-19 12:04:13.356] [info] [thread 30256] audio_stream: 1, video_stream: 0
[2026-03-19 12:04:13.356] [info] [thread 30256] audio packet pts: 162816, audio_pkt_size=329
[2026-03-19 12:04:13.357] [info] [thread 30256] read_thread loop: ret=0, pkt->stream_index=0, audioq.size=21353, videoq.size=635466, eof=0
[2026-03-19 12:04:13.357] [info] [thread 30256] audio_stream: 1, video_stream: 0
[2026-03-19 12:04:13.357] [info] [thread 30256] read_thread loop: ret=0, pkt->stream_index=1, audioq.size=21353, videoq.size=646904, eof=0
[2026-03-19 12:04:13.357] [info] [thread 30256] audio_stream: 1, video_stream: 0
[2026-03-19 12:04:13.357] [info] [thread 30256] audio packet pts: 163840, audio_pkt_size=343
[2026-03-19 12:04:13.393] [info] [thread 29772] audio.nb_samples=1024, channels=2, channel_layout=stereo, format=8, sample_rate=44100
[2026-03-19 12:04:13.393] [info] [thread 29772] audio frame data pointers: data[0]=0x1f2a9d74400, data[1]=0x1f2a9d7cc40
[2026-03-19 12:04:13.394] [info] [thread 29772] audio.nb_samples=1024, channels=2, channel_layout=stereo, format=8, sample_rate=44100
[2026-03-19 12:04:13.394] [info] [thread 29772] audio frame data pointers: data[0]=0x1f2aca5c100, data[1]=0x1f2aca59f00
[2026-03-19 12:04:13.400] [info] [thread 30256] read_thread loop: ret=0, pkt->stream_index=0, audioq.size=20866, videoq.size=620633, eof=0
[2026-03-19 12:04:13.401] [info] [thread 30256] audio_stream: 1, video_stream: 0
[2026-03-19 12:04:13.401] [info] [thread 30256] read_thread loop: ret=0, pkt->stream_index=0, audioq.size=20866, videoq.size=626721, eof=0
[2026-03-19 12:04:13.401] [info] [thread 30256] audio_stream: 1, video_stream: 0
[2026-03-19 12:04:13.402] [info] [thread 30256] read_thread loop: ret=0, pkt->stream_index=1, audioq.size=20866, videoq.size=634681, eof=0
[2026-03-19 12:04:13.402] [info] [thread 30256] audio_stream: 1, video_stream: 0
[2026-03-19 12:04:13.402] [info] [thread 30256] audio packet pts: 164864, audio_pkt_size=399
[2026-03-19 12:04:13.403] [info] [thread 30256] read_thread loop: ret=0, pkt->stream_index=0, audioq.size=21385, videoq.size=634681, eof=0
[2026-03-19 12:04:13.403] [info] [thread 30256] audio_stream: 1, video_stream: 0
[2026-03-19 12:04:13.403] [info] [thread 30256] read_thread loop: ret=0, pkt->stream_index=1, audioq.size=21385, videoq.size=650896, eof=0
[2026-03-19 12:04:13.403] [info] [thread 30256] audio_stream: 1, video_stream: 0
[2026-03-19 12:04:13.404] [info] [thread 30256] audio packet pts: 165888, audio_pkt_size=407
[2026-03-19 12:04:13.442] [info] [thread 29772] audio.nb_samples=1024, channels=2, channel_layout=stereo, format=8, sample_rate=44100
[2026-03-19 12:04:13.443] [info] [thread 29772] audio frame data pointers: data[0]=0x1f2aa222980, data[1]=0x1f2aa220940
[2026-03-19 12:04:13.443] [info] [thread 29772] audio.nb_samples=1024, channels=2, channel_layout=stereo, format=8, sample_rate=44100
[2026-03-19 12:04:13.443] [info] [thread 29772] audio frame data pointers: data[0]=0x1f2a9d61180, data[1]=0x1f2ac696cc0
[2026-03-19 12:04:13.446] [info] [thread 30256] read_thread loop: ret=0, pkt->stream_index=0, audioq.size=20812, videoq.size=642701, eof=0
[2026-03-19 12:04:13.447] [info] [thread 30256] audio_stream: 1, video_stream: 0
[2026-03-19 12:04:13.447] [info] [thread 30256] read_thread loop: ret=0, pkt->stream_index=1, audioq.size=20812, videoq.size=634446, eof=0
[2026-03-19 12:04:13.448] [info] [thread 30256] audio_stream: 1, video_stream: 0
[2026-03-19 12:04:13.449] [info] [thread 30256] audio packet pts: 166912, audio_pkt_size=424
[2026-03-19 12:04:13.449] [info] [thread 30256] read_thread loop: ret=0, pkt->stream_index=0, audioq.size=21356, videoq.size=634446, eof=0
[2026-03-19 12:04:13.450] [info] [thread 30256] audio_stream: 1, video_stream: 0
[2026-03-19 12:04:13.451] [info] [thread 30256] read_thread loop: ret=0, pkt->stream_index=0, audioq.size=21356, videoq.size=640144, eof=0
[2026-03-19 12:04:13.451] [info] [thread 30256] audio_stream: 1, video_stream: 0
[2026-03-19 12:04:13.452] [info] [thread 30256] read_thread loop: ret=0, pkt->stream_index=1, audioq.size=21356, videoq.size=645154, eof=0
[2026-03-19 12:04:13.452] [info] [thread 30256] audio_stream: 1, video_stream: 0
[2026-03-19 12:04:13.452] [info] [thread 30256] audio packet pts: 167936, audio_pkt_size=404
[2026-03-19 12:04:13.483] [info] [thread 29772] audio.nb_samples=1024, channels=2, channel_layout=stereo, format=8, sample_rate=44100
[2026-03-19 12:04:13.483] [info] [thread 29772] audio frame data pointers: data[0]=0x1f2a9d65580, data[1]=0x1f2a9d63380
[2026-03-19 12:04:13.483] [info] [thread 29772] audio.nb_samples=1024, channels=2, channel_layout=stereo, format=8, sample_rate=44100
[2026-03-19 12:04:13.484] [info] [thread 29772] audio frame data pointers: data[0]=0x1f2a9d699c0, data[1]=0x1f2a9d5ef80
[2026-03-19 12:04:13.494] [info] [thread 30256] read_thread loop: ret=0, pkt->stream_index=0, audioq.size=20740, videoq.size=634145, eof=0
[2026-03-19 12:04:13.494] [info] [thread 30256] audio_stream: 1, video_stream: 0
[2026-03-19 12:04:13.495] [info] [thread 30256] read_thread loop: ret=0, pkt->stream_index=1, audioq.size=20740, videoq.size=650095, eof=0
[2026-03-19 12:04:13.495] [info] [thread 30256] audio_stream: 1, video_stream: 0
[2026-03-19 12:04:13.496] [info] [thread 30256] audio packet pts: 168960, audio_pkt_size=408
[2026-03-19 12:04:13.496] [info] [thread 30256] read_thread loop: ret=0, pkt->stream_index=0, audioq.size=21268, videoq.size=645898, eof=0
[2026-03-19 12:04:13.497] [info] [thread 30256] audio_stream: 1, video_stream: 0
[2026-03-19 12:04:13.497] [info] [thread 30256] read_thread loop: ret=0, pkt->stream_index=0, audioq.size=21268, videoq.size=653702, eof=0
[2026-03-19 12:04:13.497] [info] [thread 30256] audio_stream: 1, video_stream: 0
[2026-03-19 12:04:13.498] [info] [thread 30256] read_thread loop: ret=0, pkt->stream_index=1, audioq.size=21268, videoq.size=658358, eof=0
[2026-03-19 12:04:13.498] [info] [thread 30256] audio_stream: 1, video_stream: 0
[2026-03-19 12:04:13.498] [info] [thread 30256] audio packet pts: 169984, audio_pkt_size=400
[2026-03-19 12:04:13.532] [info] [thread 29772] audio.nb_samples=1024, channels=2, channel_layout=stereo, format=8, sample_rate=44100
[2026-03-19 12:04:13.533] [info] [thread 29772] audio frame data pointers: data[0]=0x1f2a9d6bbc0, data[1]=0x1f2a9d677c0
[2026-03-19 12:04:13.533] [info] [thread 29772] audio.nb_samples=1024, channels=2, channel_layout=stereo, format=8, sample_rate=44100
[2026-03-19 12:04:13.534] [info] [thread 29772] audio frame data pointers: data[0]=0x1f2a9d6ddc0, data[1]=0x1f2a9d70000
[2026-03-19 12:04:13.541] [info] [thread 30256] read_thread loop: ret=0, pkt->stream_index=0, audioq.size=20756, videoq.size=636403, eof=0
[2026-03-19 12:04:13.542] [info] [thread 30256] audio_stream: 1, video_stream: 0
[2026-03-19 12:04:13.542] [info] [thread 30256] read_thread loop: ret=0, pkt->stream_index=1, audioq.size=20756, videoq.size=641979, eof=0
[2026-03-19 12:04:13.543] [info] [thread 30256] audio_stream: 1, video_stream: 0
[2026-03-19 12:04:13.543] [info] [thread 30256] audio packet pts: 171008, audio_pkt_size=391
[2026-03-19 12:04:13.543] [info] [thread 30256] read_thread loop: ret=0, pkt->stream_index=0, audioq.size=21267, videoq.size=641979, eof=0
[2026-03-19 12:04:13.544] [info] [thread 30256] audio_stream: 1, video_stream: 0
[2026-03-19 12:04:13.544] [info] [thread 30256] read_thread loop: ret=0, pkt->stream_index=1, audioq.size=21267, videoq.size=659774, eof=0
[2026-03-19 12:04:13.544] [info] [thread 30256] audio_stream: 1, video_stream: 0
[2026-03-19 12:04:13.544] [info] [thread 30256] audio packet pts: 172032, audio_pkt_size=393
[2026-03-19 12:04:13.572] [info] [thread 29772] audio.nb_samples=1024, channels=2, channel_layout=stereo, format=8, sample_rate=44100
[2026-03-19 12:04:13.573] [info] [thread 29772] audio frame data pointers: data[0]=0x1f2a9d76600, data[1]=0x1f2a9d78840
[2026-03-19 12:04:13.573] [info] [thread 29772] audio.nb_samples=1024, channels=2, channel_layout=stereo, format=8, sample_rate=44100
[2026-03-19 12:04:13.573] [info] [thread 29772] audio frame data pointers: data[0]=0x1f2a9d7aa40, data[1]=0x1f2a9d72200
[2026-03-19 12:04:13.577] [info] [thread 30256] read_thread loop: ret=0, pkt->stream_index=0, audioq.size=20729, videoq.size=650953, eof=0
[2026-03-19 12:04:13.578] [info] [thread 30256] audio_stream: 1, video_stream: 0
[2026-03-19 12:04:13.578] [info] [thread 30256] read_thread loop: ret=0, pkt->stream_index=0, audioq.size=20729, videoq.size=659766, eof=0
[2026-03-19 12:04:13.579] [info] [thread 30256] audio_stream: 1, video_stream: 0
[2026-03-19 12:04:13.579] [info] [thread 30256] read_thread loop: ret=0, pkt->stream_index=1, audioq.size=20729, videoq.size=665034, eof=0
[2026-03-19 12:04:13.579] [info] [thread 30256] audio_stream: 1, video_stream: 0
[2026-03-19 12:04:13.579] [info] [thread 30256] audio packet pts: 173056, audio_pkt_size=368
[2026-03-19 12:04:13.580] [info] [thread 30256] read_thread loop: ret=0, pkt->stream_index=0, audioq.size=21217, videoq.size=665034, eof=0
[2026-03-19 12:04:13.580] [info] [thread 30256] audio_stream: 1, video_stream: 0
[2026-03-19 12:04:13.580] [info] [thread 30256] read_thread loop: ret=0, pkt->stream_index=1, audioq.size=21217, videoq.size=651673, eof=0
[2026-03-19 12:04:13.581] [info] [thread 30256] audio_stream: 1, video_stream: 0
[2026-03-19 12:04:13.581] [info] [thread 30256] audio packet pts: 174080, audio_pkt_size=376
[2026-03-19 12:04:13.623] [info] [thread 29772] audio.nb_samples=1024, channels=2, channel_layout=stereo, format=8, sample_rate=44100
[2026-03-19 12:04:13.623] [info] [thread 29772] audio frame data pointers: data[0]=0x1f2a9d7cc40, data[1]=0x1f2a9d74400
[2026-03-19 12:04:13.624] [info] [thread 29772] audio.nb_samples=1024, channels=2, channel_layout=stereo, format=8, sample_rate=44100
[2026-03-19 12:04:13.624] [info] [thread 29772] audio frame data pointers: data[0]=0x1f2aca59f00, data[1]=0x1f2aca5c100
[2026-03-19 12:04:13.633] [info] [thread 30256] read_thread loop: ret=0, pkt->stream_index=0, audioq.size=20834, videoq.size=632010, eof=0
[2026-03-19 12:04:13.634] [info] [thread 30256] audio_stream: 1, video_stream: 0
[2026-03-19 12:04:13.634] [info] [thread 30256] read_thread loop: ret=0, pkt->stream_index=1, audioq.size=20834, videoq.size=649095, eof=0
[2026-03-19 12:04:13.634] [info] [thread 30256] audio_stream: 1, video_stream: 0
[2026-03-19 12:04:13.635] [info] [thread 30256] audio packet pts: 175104, audio_pkt_size=367
[2026-03-19 12:04:13.635] [info] [thread 30256] read_thread loop: ret=0, pkt->stream_index=0, audioq.size=21321, videoq.size=649095, eof=0
[2026-03-19 12:04:13.635] [info] [thread 30256] audio_stream: 1, video_stream: 0
[2026-03-19 12:04:13.636] [info] [thread 30256] read_thread loop: ret=0, pkt->stream_index=0, audioq.size=21321, videoq.size=658219, eof=0
[2026-03-19 12:04:13.636] [info] [thread 30256] audio_stream: 1, video_stream: 0
[2026-03-19 12:04:13.636] [info] [thread 30256] read_thread loop: ret=0, pkt->stream_index=1, audioq.size=21321, videoq.size=663135, eof=0
[2026-03-19 12:04:13.637] [info] [thread 30256] audio_stream: 1, video_stream: 0
[2026-03-19 12:04:13.637] [info] [thread 30256] audio packet pts: 176128, audio_pkt_size=348
[2026-03-19 12:04:13.673] [info] [thread 29772] audio.nb_samples=1024, channels=2, channel_layout=stereo, format=8, sample_rate=44100
[2026-03-19 12:04:13.674] [info] [thread 29772] audio frame data pointers: data[0]=0x1f2aa220940, data[1]=0x1f2aa222980
[2026-03-19 12:04:13.674] [info] [thread 29772] audio.nb_samples=1024, channels=2, channel_layout=stereo, format=8, sample_rate=44100
[2026-03-19 12:04:13.674] [info] [thread 29772] audio frame data pointers: data[0]=0x1f2ac696cc0, data[1]=0x1f2a9d61180
[2026-03-19 12:04:13.677] [info] [thread 30256] read_thread loop: ret=0, pkt->stream_index=0, audioq.size=20876, videoq.size=626037, eof=0
[2026-03-19 12:04:13.678] [info] [thread 30256] audio_stream: 1, video_stream: 0
[2026-03-19 12:04:13.678] [info] [thread 30256] read_thread loop: ret=0, pkt->stream_index=1, audioq.size=20876, videoq.size=631660, eof=0
[2026-03-19 12:04:13.679] [info] [thread 30256] audio_stream: 1, video_stream: 0
[2026-03-19 12:04:13.679] [info] [thread 30256] audio packet pts: 177152, audio_pkt_size=362
[2026-03-19 12:04:13.679] [info] [thread 30256] read_thread loop: ret=0, pkt->stream_index=0, audioq.size=21358, videoq.size=631660, eof=0
[2026-03-19 12:04:13.680] [info] [thread 30256] audio_stream: 1, video_stream: 0
[2026-03-19 12:04:13.680] [info] [thread 30256] read_thread loop: ret=0, pkt->stream_index=0, audioq.size=21358, videoq.size=645104, eof=0
[2026-03-19 12:04:13.680] [info] [thread 30256] audio_stream: 1, video_stream: 0
[2026-03-19 12:04:13.680] [info] [thread 30256] read_thread loop: ret=0, pkt->stream_index=1, audioq.size=21358, videoq.size=656091, eof=0
[2026-03-19 12:04:13.681] [info] [thread 30256] audio_stream: 1, video_stream: 0
[2026-03-19 12:04:13.681] [info] [thread 30256] audio packet pts: 178176, audio_pkt_size=344
[2026-03-19 12:04:13.712] [info] [thread 29772] audio.nb_samples=1024, channels=2, channel_layout=stereo, format=8, sample_rate=44100
[2026-03-19 12:04:13.713] [info] [thread 29772] audio frame data pointers: data[0]=0x1f2a9d63380, data[1]=0x1f2a9d65580
[2026-03-19 12:04:13.713] [info] [thread 29772] audio.nb_samples=1024, channels=2, channel_layout=stereo, format=8, sample_rate=44100
[2026-03-19 12:04:13.713] [info] [thread 29772] audio frame data pointers: data[0]=0x1f2a9d5ef80, data[1]=0x1f2a9d699c0
[2026-03-19 12:04:13.731] [info] [thread 30256] read_thread loop: ret=0, pkt->stream_index=0, audioq.size=20894, videoq.size=623091, eof=0
[2026-03-19 12:04:13.732] [info] [thread 30256] audio_stream: 1, video_stream: 0
[2026-03-19 12:04:13.732] [info] [thread 30256] read_thread loop: ret=0, pkt->stream_index=1, audioq.size=20894, videoq.size=629321, eof=0
[2026-03-19 12:04:13.732] [info] [thread 30256] audio_stream: 1, video_stream: 0
[2026-03-19 12:04:13.733] [info] [thread 30256] audio packet pts: 179200, audio_pkt_size=332
[2026-03-19 12:04:13.733] [info] [thread 30256] read_thread loop: ret=0, pkt->stream_index=0, audioq.size=21346, videoq.size=629321, eof=0
[2026-03-19 12:04:13.734] [info] [thread 30256] audio_stream: 1, video_stream: 0
[2026-03-19 12:04:13.734] [info] [thread 30256] read_thread loop: ret=0, pkt->stream_index=1, audioq.size=21346, videoq.size=636141, eof=0
[2026-03-19 12:04:13.735] [info] [thread 30256] audio_stream: 1, video_stream: 0
[2026-03-19 12:04:13.735] [info] [thread 30256] audio packet pts: 180224, audio_pkt_size=355
[2026-03-19 12:04:13.762] [info] [thread 29772] audio.nb_samples=1024, channels=2, channel_layout=stereo, format=8, sample_rate=44100
[2026-03-19 12:04:13.763] [info] [thread 29772] audio frame data pointers: data[0]=0x1f2a9d677c0, data[1]=0x1f2a9d6bbc0
[2026-03-19 12:04:13.763] [info] [thread 29772] audio.nb_samples=1024, channels=2, channel_layout=stereo, format=8, sample_rate=44100
[2026-03-19 12:04:13.764] [info] [thread 29772] audio frame data pointers: data[0]=0x1f2a9d70000, data[1]=0x1f2a9d6ddc0
[2026-03-19 12:04:13.778] [info] [thread 30256] read_thread loop: ret=0, pkt->stream_index=0, audioq.size=20906, videoq.size=624795, eof=0
[2026-03-19 12:04:13.778] [info] [thread 30256] audio_stream: 1, video_stream: 0
[2026-03-19 12:04:13.779] [info] [thread 30256] read_thread loop: ret=0, pkt->stream_index=0, audioq.size=20906, videoq.size=638535, eof=0
[2026-03-19 12:04:13.779] [info] [thread 30256] audio_stream: 1, video_stream: 0
[2026-03-19 12:04:13.779] [info] [thread 30256] read_thread loop: ret=0, pkt->stream_index=1, audioq.size=20906, videoq.size=646619, eof=0
[2026-03-19 12:04:13.779] [info] [thread 30256] audio_stream: 1, video_stream: 0
[2026-03-19 12:04:13.780] [info] [thread 30256] audio packet pts: 181248, audio_pkt_size=341
[2026-03-19 12:04:13.780] [info] [thread 30256] read_thread loop: ret=0, pkt->stream_index=0, audioq.size=21367, videoq.size=632389, eof=0
[2026-03-19 12:04:13.780] [info] [thread 30256] audio_stream: 1, video_stream: 0
[2026-03-19 12:04:13.780] [info] [thread 30256] read_thread loop: ret=0, pkt->stream_index=1, audioq.size=21367, videoq.size=640519, eof=0
[2026-03-19 12:04:13.781] [info] [thread 30256] audio_stream: 1, video_stream: 0
[2026-03-19 12:04:13.781] [info] [thread 30256] audio packet pts: 182272, audio_pkt_size=348
[2026-03-19 12:04:13.813] [info] [thread 29772] audio.nb_samples=1024, channels=2, channel_layout=stereo, format=8, sample_rate=44100
[2026-03-19 12:04:13.813] [info] [thread 29772] audio frame data pointers: data[0]=0x1f2a9d78840, data[1]=0x1f2a9d76600
[2026-03-19 12:04:13.814] [info] [thread 29772] audio.nb_samples=1024, channels=2, channel_layout=stereo, format=8, sample_rate=44100
[2026-03-19 12:04:13.814] [info] [thread 29772] audio frame data pointers: data[0]=0x1f2a9d72200, data[1]=0x1f2a9d7aa40
[2026-03-19 12:04:13.824] [info] [thread 30256] read_thread loop: ret=0, pkt->stream_index=0, audioq.size=20901, videoq.size=624576, eof=0
[2026-03-19 12:04:13.825] [info] [thread 30256] audio_stream: 1, video_stream: 0
[2026-03-19 12:04:13.826] [info] [thread 30256] read_thread loop: ret=0, pkt->stream_index=0, audioq.size=20901, videoq.size=677588, eof=0
[2026-03-19 12:04:13.826] [info] [thread 30256] audio_stream: 1, video_stream: 0
[2026-03-19 12:04:13.827] [info] [thread 30256] read_thread loop: ret=0, pkt->stream_index=1, audioq.size=20901, videoq.size=695858, eof=0
[2026-03-19 12:04:13.827] [info] [thread 30256] audio_stream: 1, video_stream: 0
[2026-03-19 12:04:13.827] [info] [thread 30256] audio packet pts: 183296, audio_pkt_size=394
[2026-03-19 12:04:13.827] [info] [thread 30256] read_thread loop: ret=0, pkt->stream_index=0, audioq.size=21415, videoq.size=695858, eof=0
[2026-03-19 12:04:13.828] [info] [thread 30256] audio_stream: 1, video_stream: 0
[2026-03-19 12:04:13.828] [info] [thread 30256] read_thread loop: ret=0, pkt->stream_index=1, audioq.size=21415, videoq.size=704968, eof=0
[2026-03-19 12:04:13.828] [info] [thread 30256] audio_stream: 1, video_stream: 0
[2026-03-19 12:04:13.828] [info] [thread 30256] audio packet pts: 184320, audio_pkt_size=331
[2026-03-19 12:04:13.852] [info] [thread 29772] audio.nb_samples=1024, channels=2, channel_layout=stereo, format=8, sample_rate=44100
[2026-03-19 12:04:13.853] [info] [thread 29772] audio frame data pointers: data[0]=0x1f2a9d74400, data[1]=0x1f2a9d7cc40
[2026-03-19 12:04:13.853] [info] [thread 29772] audio.nb_samples=1024, channels=2, channel_layout=stereo, format=8, sample_rate=44100
[2026-03-19 12:04:13.854] [info] [thread 29772] audio frame data pointers: data[0]=0x1f2aca5c100, data[1]=0x1f2aca59f00
[2026-03-19 12:04:13.870] [info] [thread 30256] read_thread loop: ret=0, pkt->stream_index=0, audioq.size=20924, videoq.size=676097, eof=0
[2026-03-19 12:04:13.871] [info] [thread 30256] audio_stream: 1, video_stream: 0
[2026-03-19 12:04:13.871] [info] [thread 30256] read_thread loop: ret=0, pkt->stream_index=1, audioq.size=20924, videoq.size=682704, eof=0
[2026-03-19 12:04:13.871] [info] [thread 30256] audio_stream: 1, video_stream: 0
[2026-03-19 12:04:13.872] [info] [thread 30256] audio packet pts: 185344, audio_pkt_size=349
[2026-03-19 12:04:13.873] [info] [thread 30256] read_thread loop: ret=0, pkt->stream_index=0, audioq.size=21393, videoq.size=682704, eof=0
[2026-03-19 12:04:13.873] [info] [thread 30256] audio_stream: 1, video_stream: 0
[2026-03-19 12:04:13.873] [info] [thread 30256] read_thread loop: ret=0, pkt->stream_index=0, audioq.size=21393, videoq.size=689185, eof=0
[2026-03-19 12:04:13.874] [info] [thread 30256] audio_stream: 1, video_stream: 0
[2026-03-19 12:04:13.874] [info] [thread 30256] read_thread loop: ret=0, pkt->stream_index=1, audioq.size=21393, videoq.size=707628, eof=0
[2026-03-19 12:04:13.874] [info] [thread 30256] audio_stream: 1, video_stream: 0
[2026-03-19 12:04:13.875] [info] [thread 30256] audio packet pts: 186368, audio_pkt_size=331
[2026-03-19 12:04:13.903] [info] [thread 29772] audio.nb_samples=1024, channels=2, channel_layout=stereo, format=8, sample_rate=44100
[2026-03-19 12:04:13.903] [info] [thread 29772] audio frame data pointers: data[0]=0x1f2aa222980, data[1]=0x1f2aa220940
[2026-03-19 12:04:13.903] [info] [thread 29772] audio.nb_samples=1024, channels=2, channel_layout=stereo, format=8, sample_rate=44100
[2026-03-19 12:04:13.903] [info] [thread 29772] audio frame data pointers: data[0]=0x1f2a9d61180, data[1]=0x1f2ac696cc0
[2026-03-19 12:04:13.916] [info] [thread 30256] read_thread loop: ret=0, pkt->stream_index=0, audioq.size=20766, videoq.size=676073, eof=0
[2026-03-19 12:04:13.917] [info] [thread 30256] audio_stream: 1, video_stream: 0
[2026-03-19 12:04:13.917] [info] [thread 30256] read_thread loop: ret=0, pkt->stream_index=1, audioq.size=20766, videoq.size=685597, eof=0
[2026-03-19 12:04:13.918] [info] [thread 30256] audio_stream: 1, video_stream: 0
[2026-03-19 12:04:13.918] [info] [thread 30256] audio packet pts: 187392, audio_pkt_size=357
[2026-03-19 12:04:13.918] [info] [thread 30256] read_thread loop: ret=0, pkt->stream_index=0, audioq.size=21243, videoq.size=685597, eof=0
[2026-03-19 12:04:13.919] [info] [thread 30256] audio_stream: 1, video_stream: 0
[2026-03-19 12:04:13.919] [info] [thread 30256] read_thread loop: ret=0, pkt->stream_index=0, audioq.size=21243, videoq.size=692238, eof=0
[2026-03-19 12:04:13.919] [info] [thread 30256] audio_stream: 1, video_stream: 0
[2026-03-19 12:04:13.920] [info] [thread 30256] read_thread loop: ret=0, pkt->stream_index=1, audioq.size=21243, videoq.size=698107, eof=0
[2026-03-19 12:04:13.920] [info] [thread 30256] audio_stream: 1, video_stream: 0
[2026-03-19 12:04:13.920] [info] [thread 30256] audio packet pts: 188416, audio_pkt_size=361
[2026-03-19 12:04:13.953] [info] [thread 29772] audio.nb_samples=1024, channels=2, channel_layout=stereo, format=8, sample_rate=44100
[2026-03-19 12:04:13.954] [info] [thread 29772] audio frame data pointers: data[0]=0x1f2a9d65580, data[1]=0x1f2a9d63380
[2026-03-19 12:04:13.954] [info] [thread 29772] audio.nb_samples=1024, channels=2, channel_layout=stereo, format=8, sample_rate=44100
[2026-03-19 12:04:13.954] [info] [thread 29772] audio frame data pointers: data[0]=0x1f2a9d699c0, data[1]=0x1f2a9d5ef80
[2026-03-19 12:04:13.963] [info] [thread 30256] read_thread loop: ret=0, pkt->stream_index=0, audioq.size=20643, videoq.size=676581, eof=0
[2026-03-19 12:04:13.964] [info] [thread 30256] audio_stream: 1, video_stream: 0
[2026-03-19 12:04:13.964] [info] [thread 30256] read_thread loop: ret=0, pkt->stream_index=1, audioq.size=20643, videoq.size=685212, eof=0
[2026-03-19 12:04:13.965] [info] [thread 30256] audio_stream: 1, video_stream: 0
[2026-03-19 12:04:13.965] [info] [thread 30256] audio packet pts: 189440, audio_pkt_size=348
[2026-03-19 12:04:13.965] [info] [thread 30256] read_thread loop: ret=0, pkt->stream_index=0, audioq.size=21111, videoq.size=685212, eof=0
[2026-03-19 12:04:13.966] [info] [thread 30256] audio_stream: 1, video_stream: 0
[2026-03-19 12:04:13.966] [info] [thread 30256] read_thread loop: ret=0, pkt->stream_index=1, audioq.size=21111, videoq.size=693639, eof=0
[2026-03-19 12:04:13.966] [info] [thread 30256] audio_stream: 1, video_stream: 0
[2026-03-19 12:04:13.966] [info] [thread 30256] audio packet pts: 190464, audio_pkt_size=351
[2026-03-19 12:04:13.992] [info] [thread 29772] audio.nb_samples=1024, channels=2, channel_layout=stereo, format=8, sample_rate=44100
[2026-03-19 12:04:13.993] [info] [thread 29772] audio frame data pointers: data[0]=0x1f2a9d6bbc0, data[1]=0x1f2a9d677c0
[2026-03-19 12:04:13.993] [info] [thread 29772] audio.nb_samples=1024, channels=2, channel_layout=stereo, format=8, sample_rate=44100
[2026-03-19 12:04:13.993] [info] [thread 29772] audio frame data pointers: data[0]=0x1f2a9d6ddc0, data[1]=0x1f2a9d70000
[2026-03-19 12:04:13.997] [info] [thread 30256] read_thread loop: ret=0, pkt->stream_index=0, audioq.size=20577, videoq.size=683611, eof=0
[2026-03-19 12:04:13.998] [info] [thread 30256] audio_stream: 1, video_stream: 0
[2026-03-19 12:04:13.998] [info] [thread 30256] read_thread loop: ret=0, pkt->stream_index=0, audioq.size=20577, videoq.size=688588, eof=0
[2026-03-19 12:04:13.999] [info] [thread 30256] audio_stream: 1, video_stream: 0
[2026-03-19 12:04:13.999] [info] [thread 30256] read_thread loop: ret=0, pkt->stream_index=1, audioq.size=20577, videoq.size=693813, eof=0
[2026-03-19 12:04:13.999] [info] [thread 30256] audio_stream: 1, video_stream: 0
[2026-03-19 12:04:13.999] [info] [thread 30256] audio packet pts: 191488, audio_pkt_size=361
[2026-03-19 12:04:14.000] [info] [thread 30256] read_thread loop: ret=0, pkt->stream_index=0, audioq.size=21058, videoq.size=693813, eof=0
[2026-03-19 12:04:14.000] [info] [thread 30256] audio_stream: 1, video_stream: 0
[2026-03-19 12:04:14.000] [info] [thread 30256] read_thread loop: ret=0, pkt->stream_index=1, audioq.size=21058, videoq.size=711045, eof=0
[2026-03-19 12:04:14.000] [info] [thread 30256] audio_stream: 1, video_stream: 0
[2026-03-19 12:04:14.001] [info] [thread 30256] audio packet pts: 192512, audio_pkt_size=362
[2026-03-19 12:04:14.042] [info] [thread 29772] audio.nb_samples=1024, channels=2, channel_layout=stereo, format=8, sample_rate=44100
[2026-03-19 12:04:14.043] [info] [thread 29772] audio frame data pointers: data[0]=0x1f2a9d76600, data[1]=0x1f2a9d78840
[2026-03-19 12:04:14.043] [info] [thread 29772] audio.nb_samples=1024, channels=2, channel_layout=stereo, format=8, sample_rate=44100
[2026-03-19 12:04:14.044] [info] [thread 29772] audio frame data pointers: data[0]=0x1f2a9d7aa40, data[1]=0x1f2a9d72200
[2026-03-19 12:04:14.052] [info] [thread 30256] read_thread loop: ret=0, pkt->stream_index=0, audioq.size=20526, videoq.size=684008, eof=0
[2026-03-19 12:04:14.053] [info] [thread 30256] audio_stream: 1, video_stream: 0
[2026-03-19 12:04:14.053] [info] [thread 30256] read_thread loop: ret=0, pkt->stream_index=0, audioq.size=20526, videoq.size=692464, eof=0
[2026-03-19 12:04:14.054] [info] [thread 30256] audio_stream: 1, video_stream: 0
[2026-03-19 12:04:14.054] [info] [thread 30256] read_thread loop: ret=0, pkt->stream_index=1, audioq.size=20526, videoq.size=697685, eof=0
[2026-03-19 12:04:14.054] [info] [thread 30256] audio_stream: 1, video_stream: 0
[2026-03-19 12:04:14.055] [info] [thread 30256] audio packet pts: 193536, audio_pkt_size=360
[2026-03-19 12:04:14.055] [info] [thread 30256] read_thread loop: ret=0, pkt->stream_index=0, audioq.size=21006, videoq.size=697685, eof=0
[2026-03-19 12:04:14.055] [info] [thread 30256] audio_stream: 1, video_stream: 0
[2026-03-19 12:04:14.055] [info] [thread 30256] read_thread loop: ret=0, pkt->stream_index=1, audioq.size=21006, videoq.size=702747, eof=0
[2026-03-19 12:04:14.056] [info] [thread 30256] audio_stream: 1, video_stream: 0
[2026-03-19 12:04:14.056] [info] [thread 30256] audio packet pts: 194560, audio_pkt_size=370
[2026-03-19 12:04:14.092] [info] [thread 29772] audio.nb_samples=1024, channels=2, channel_layout=stereo, format=8, sample_rate=44100
[2026-03-19 12:04:14.093] [info] [thread 29772] audio frame data pointers: data[0]=0x1f2a9d7cc40, data[1]=0x1f2a9d74400
[2026-03-19 12:04:14.093] [info] [thread 29772] audio.nb_samples=1024, channels=2, channel_layout=stereo, format=8, sample_rate=44100
[2026-03-19 12:04:14.093] [info] [thread 29772] audio frame data pointers: data[0]=0x1f2aca59f00, data[1]=0x1f2aca5c100
[2026-03-19 12:04:14.099] [info] [thread 30256] read_thread loop: ret=0, pkt->stream_index=0, audioq.size=20423, videoq.size=677934, eof=0
[2026-03-19 12:04:14.099] [info] [thread 30256] audio_stream: 1, video_stream: 0
[2026-03-19 12:04:14.099] [info] [thread 30256] read_thread loop: ret=0, pkt->stream_index=1, audioq.size=20423, videoq.size=696789, eof=0
[2026-03-19 12:04:14.100] [info] [thread 30256] audio_stream: 1, video_stream: 0
[2026-03-19 12:04:14.100] [info] [thread 30256] audio packet pts: 195584, audio_pkt_size=361
[2026-03-19 12:04:14.101] [info] [thread 30256] read_thread loop: ret=0, pkt->stream_index=0, audioq.size=20904, videoq.size=696789, eof=0
[2026-03-19 12:04:14.101] [info] [thread 30256] audio_stream: 1, video_stream: 0
[2026-03-19 12:04:14.101] [info] [thread 30256] read_thread loop: ret=0, pkt->stream_index=0, audioq.size=20904, videoq.size=706936, eof=0
[2026-03-19 12:04:14.101] [info] [thread 30256] audio_stream: 1, video_stream: 0
[2026-03-19 12:04:14.102] [info] [thread 30256] read_thread loop: ret=0, pkt->stream_index=1, audioq.size=20904, videoq.size=713068, eof=0
[2026-03-19 12:04:14.102] [info] [thread 30256] audio_stream: 1, video_stream: 0
[2026-03-19 12:04:14.102] [info] [thread 30256] audio packet pts: 196608, audio_pkt_size=393
[2026-03-19 12:04:14.133] [info] [thread 29772] audio.nb_samples=1024, channels=2, channel_layout=stereo, format=8, sample_rate=44100
[2026-03-19 12:04:14.133] [info] [thread 29772] audio frame data pointers: data[0]=0x1f2aa220940, data[1]=0x1f2aa222980
[2026-03-19 12:04:14.133] [info] [thread 30256] read_thread loop: ret=0, pkt->stream_index=0, audioq.size=20954, videoq.size=703838, eof=0
[2026-03-19 12:04:14.133] [info] [thread 29772] audio.nb_samples=1024, channels=2, channel_layout=stereo, format=8, sample_rate=44100
[2026-03-19 12:04:14.134] [info] [thread 30256] audio_stream: 1, video_stream: 0
[2026-03-19 12:04:14.134] [info] [thread 29772] audio frame data pointers: data[0]=0x1f2ac696cc0, data[1]=0x1f2a9d61180
[2026-03-19 12:04:14.135] [info] [thread 30256] read_thread loop: ret=0, pkt->stream_index=1, audioq.size=20497, videoq.size=710151, eof=0
[2026-03-19 12:04:14.135] [info] [thread 30256] audio_stream: 1, video_stream: 0
[2026-03-19 12:04:14.136] [info] [thread 30256] audio packet pts: 197632, audio_pkt_size=347
[2026-03-19 12:04:14.136] [info] [thread 30256] read_thread loop: ret=0, pkt->stream_index=0, audioq.size=20964, videoq.size=710151, eof=0
[2026-03-19 12:04:14.136] [info] [thread 30256] audio_stream: 1, video_stream: 0
[2026-03-19 12:04:14.137] [info] [thread 30256] read_thread loop: ret=0, pkt->stream_index=0, audioq.size=20964, videoq.size=727660, eof=0
[2026-03-19 12:04:14.137] [info] [thread 30256] audio_stream: 1, video_stream: 0
[2026-03-19 12:04:14.137] [info] [thread 30256] read_thread loop: ret=0, pkt->stream_index=1, audioq.size=20964, videoq.size=736583, eof=0
[2026-03-19 12:04:14.137] [info] [thread 30256] audio_stream: 1, video_stream: 0
[2026-03-19 12:04:14.137] [info] [thread 30256] audio packet pts: 198656, audio_pkt_size=358
[2026-03-19 12:04:14.183] [info] [thread 29772] audio.nb_samples=1024, channels=2, channel_layout=stereo, format=8, sample_rate=44100
[2026-03-19 12:04:14.183] [info] [thread 29772] audio frame data pointers: data[0]=0x1f2a9d63380, data[1]=0x1f2a9d65580
[2026-03-19 12:04:14.183] [info] [thread 29772] audio.nb_samples=1024, channels=2, channel_layout=stereo, format=8, sample_rate=44100
[2026-03-19 12:04:14.183] [info] [thread 29772] audio frame data pointers: data[0]=0x1f2a9d5ef80, data[1]=0x1f2a9d699c0
[2026-03-19 12:04:14.200] [info] [thread 30256] read_thread loop: ret=0, pkt->stream_index=0, audioq.size=20500, videoq.size=693499, eof=0
[2026-03-19 12:04:14.201] [info] [thread 30256] audio_stream: 1, video_stream: 0
[2026-03-19 12:04:14.201] [info] [thread 30256] read_thread loop: ret=0, pkt->stream_index=1, audioq.size=20500, videoq.size=700732, eof=0
[2026-03-19 12:04:14.202] [info] [thread 30256] audio_stream: 1, video_stream: 0
[2026-03-19 12:04:14.202] [info] [thread 30256] audio packet pts: 199680, audio_pkt_size=412
[2026-03-19 12:04:14.202] [info] [thread 30256] read_thread loop: ret=0, pkt->stream_index=0, audioq.size=21032, videoq.size=700732, eof=0
[2026-03-19 12:04:14.202] [info] [thread 30256] audio_stream: 1, video_stream: 0
[2026-03-19 12:04:14.203] [info] [thread 30256] read_thread loop: ret=0, pkt->stream_index=1, audioq.size=21032, videoq.size=705589, eof=0
[2026-03-19 12:04:14.203] [info] [thread 30256] audio_stream: 1, video_stream: 0
[2026-03-19 12:04:14.203] [info] [thread 30256] audio packet pts: 200704, audio_pkt_size=357
[2026-03-19 12:04:14.232] [info] [thread 29772] audio.nb_samples=1024, channels=2, channel_layout=stereo, format=8, sample_rate=44100
[2026-03-19 12:04:14.233] [info] [thread 29772] audio frame data pointers: data[0]=0x1f2a9d677c0, data[1]=0x1f2a9d6bbc0
[2026-03-19 12:04:14.233] [info] [thread 29772] audio.nb_samples=1024, channels=2, channel_layout=stereo, format=8, sample_rate=44100
[2026-03-19 12:04:14.233] [info] [thread 29772] audio frame data pointers: data[0]=0x1f2a9d70000, data[1]=0x1f2a9d6ddc0
[2026-03-19 12:04:14.247] [info] [thread 30256] read_thread loop: ret=0, pkt->stream_index=0, audioq.size=20533, videoq.size=671920, eof=0
[2026-03-19 12:04:14.248] [info] [thread 30256] audio_stream: 1, video_stream: 0
[2026-03-19 12:04:14.248] [info] [thread 30256] read_thread loop: ret=0, pkt->stream_index=0, audioq.size=20533, videoq.size=693484, eof=0
[2026-03-19 12:04:14.249] [info] [thread 30256] audio_stream: 1, video_stream: 0
[2026-03-19 12:04:14.249] [info] [thread 30256] read_thread loop: ret=0, pkt->stream_index=1, audioq.size=20533, videoq.size=702670, eof=0
[2026-03-19 12:04:14.249] [info] [thread 30256] audio_stream: 1, video_stream: 0
[2026-03-19 12:04:14.250] [info] [thread 30256] audio packet pts: 201728, audio_pkt_size=349
[2026-03-19 12:04:14.250] [info] [thread 30256] read_thread loop: ret=0, pkt->stream_index=0, audioq.size=21002, videoq.size=702670, eof=0
[2026-03-19 12:04:14.250] [info] [thread 30256] audio_stream: 1, video_stream: 0
[2026-03-19 12:04:14.251] [info] [thread 30256] read_thread loop: ret=0, pkt->stream_index=1, audioq.size=21002, videoq.size=709134, eof=0
[2026-03-19 12:04:14.251] [info] [thread 30256] audio_stream: 1, video_stream: 0
[2026-03-19 12:04:14.251] [info] [thread 30256] audio packet pts: 202752, audio_pkt_size=348
[2026-03-19 12:04:14.273] [info] [thread 29772] audio.nb_samples=1024, channels=2, channel_layout=stereo, format=8, sample_rate=44100
[2026-03-19 12:04:14.273] [info] [thread 29772] audio frame data pointers: data[0]=0x1f2a9d78840, data[1]=0x1f2a9d76600
[2026-03-19 12:04:14.273] [info] [thread 29772] audio.nb_samples=1024, channels=2, channel_layout=stereo, format=8, sample_rate=44100
[2026-03-19 12:04:14.273] [info] [thread 29772] audio frame data pointers: data[0]=0x1f2a9d72200, data[1]=0x1f2a9d7aa40
[2026-03-19 12:04:14.293] [info] [thread 30256] read_thread loop: ret=0, pkt->stream_index=0, audioq.size=20400, videoq.size=686447, eof=0
[2026-03-19 12:04:14.293] [info] [thread 30256] audio_stream: 1, video_stream: 0
[2026-03-19 12:04:14.294] [info] [thread 30256] read_thread loop: ret=0, pkt->stream_index=1, audioq.size=20400, videoq.size=692831, eof=0
[2026-03-19 12:04:14.294] [info] [thread 30256] audio_stream: 1, video_stream: 0
[2026-03-19 12:04:14.294] [info] [thread 30256] audio packet pts: 203776, audio_pkt_size=354
[2026-03-19 12:04:14.295] [info] [thread 30256] read_thread loop: ret=0, pkt->stream_index=0, audioq.size=20874, videoq.size=692831, eof=0
[2026-03-19 12:04:14.295] [info] [thread 30256] audio_stream: 1, video_stream: 0
[2026-03-19 12:04:14.295] [info] [thread 30256] read_thread loop: ret=0, pkt->stream_index=0, audioq.size=20874, videoq.size=709212, eof=0
[2026-03-19 12:04:14.296] [info] [thread 30256] audio_stream: 1, video_stream: 0
[2026-03-19 12:04:14.296] [info] [thread 30256] read_thread loop: ret=0, pkt->stream_index=1, audioq.size=20874, videoq.size=718478, eof=0
[2026-03-19 12:04:14.296] [info] [thread 30256] audio_stream: 1, video_stream: 0
[2026-03-19 12:04:14.297] [info] [thread 30256] audio packet pts: 204800, audio_pkt_size=367
[2026-03-19 12:04:14.323] [info] [thread 29772] audio.nb_samples=1024, channels=2, channel_layout=stereo, format=8, sample_rate=44100
[2026-03-19 12:04:14.323] [info] [thread 29772] audio frame data pointers: data[0]=0x1f2a9d74400, data[1]=0x1f2a9d7cc40
[2026-03-19 12:04:14.323] [info] [thread 29772] audio.nb_samples=1024, channels=2, channel_layout=stereo, format=8, sample_rate=44100
[2026-03-19 12:04:14.324] [info] [thread 29772] audio frame data pointers: data[0]=0x1f2aca5c100, data[1]=0x1f2aca59f00
[2026-03-19 12:04:14.339] [info] [thread 30256] read_thread loop: ret=0, pkt->stream_index=0, audioq.size=20400, videoq.size=698995, eof=0
[2026-03-19 12:04:14.340] [info] [thread 30256] audio_stream: 1, video_stream: 0
[2026-03-19 12:04:14.340] [info] [thread 30256] read_thread loop: ret=0, pkt->stream_index=1, audioq.size=20400, videoq.size=704849, eof=0
[2026-03-19 12:04:14.341] [info] [thread 30256] audio_stream: 1, video_stream: 0
[2026-03-19 12:04:14.341] [info] [thread 30256] audio packet pts: 205824, audio_pkt_size=377
[2026-03-19 12:04:14.341] [info] [thread 30256] read_thread loop: ret=0, pkt->stream_index=0, audioq.size=20897, videoq.size=704849, eof=0
[2026-03-19 12:04:14.341] [info] [thread 30256] audio_stream: 1, video_stream: 0
[2026-03-19 12:04:14.342] [info] [thread 30256] read_thread loop: ret=0, pkt->stream_index=0, audioq.size=20897, videoq.size=710539, eof=0
[2026-03-19 12:04:14.342] [info] [thread 30256] audio_stream: 1, video_stream: 0
[2026-03-19 12:04:14.342] [info] [thread 30256] read_thread loop: ret=0, pkt->stream_index=1, audioq.size=20897, videoq.size=727420, eof=0
[2026-03-19 12:04:14.343] [info] [thread 30256] audio_stream: 1, video_stream: 0
[2026-03-19 12:04:14.343] [info] [thread 30256] audio packet pts: 206848, audio_pkt_size=377
[2026-03-19 12:04:14.362] [info] [thread 29772] audio.nb_samples=1024, channels=2, channel_layout=stereo, format=8, sample_rate=44100
[2026-03-19 12:04:14.363] [info] [thread 29772] audio frame data pointers: data[0]=0x1f2aa222980, data[1]=0x1f2aa220940
[2026-03-19 12:04:14.363] [info] [thread 29772] audio.nb_samples=1024, channels=2, channel_layout=stereo, format=8, sample_rate=44100
[2026-03-19 12:04:14.363] [info] [thread 29772] audio frame data pointers: data[0]=0x1f2a9d61180, data[1]=0x1f2ac696cc0
[2026-03-19 12:04:14.364] [info] [thread 30256] read_thread loop: ret=0, pkt->stream_index=0, audioq.size=20482, videoq.size=702623, eof=0
[2026-03-19 12:04:14.364] [info] [thread 30256] audio_stream: 1, video_stream: 0
[2026-03-19 12:04:14.364] [info] [thread 30256] read_thread loop: ret=0, pkt->stream_index=1, audioq.size=20482, videoq.size=711151, eof=0
[2026-03-19 12:04:14.365] [info] [thread 30256] audio_stream: 1, video_stream: 0
[2026-03-19 12:04:14.365] [info] [thread 30256] audio packet pts: 207872, audio_pkt_size=370
[2026-03-19 12:04:14.366] [info] [thread 30256] read_thread loop: ret=0, pkt->stream_index=0, audioq.size=20972, videoq.size=711151, eof=0
[2026-03-19 12:04:14.366] [info] [thread 30256] audio_stream: 1, video_stream: 0
[2026-03-19 12:04:14.367] [info] [thread 30256] read_thread loop: ret=0, pkt->stream_index=1, audioq.size=20972, videoq.size=716334, eof=0
[2026-03-19 12:04:14.367] [info] [thread 30256] audio_stream: 1, video_stream: 0
[2026-03-19 12:04:14.367] [info] [thread 30256] audio packet pts: 208896, audio_pkt_size=372
[2026-03-19 12:04:14.412] [info] [thread 29772] audio.nb_samples=1024, channels=2, channel_layout=stereo, format=8, sample_rate=44100
[2026-03-19 12:04:14.413] [info] [thread 29772] audio frame data pointers: data[0]=0x1f2a9d65580, data[1]=0x1f2a9d63380
[2026-03-19 12:04:14.413] [info] [thread 29772] audio.nb_samples=1024, channels=2, channel_layout=stereo, format=8, sample_rate=44100
[2026-03-19 12:04:14.413] [info] [thread 29772] audio frame data pointers: data[0]=0x1f2a9d699c0, data[1]=0x1f2a9d5ef80
[2026-03-19 12:04:14.418] [info] [thread 30256] read_thread loop: ret=0, pkt->stream_index=0, audioq.size=20418, videoq.size=693400, eof=0
[2026-03-19 12:04:14.419] [info] [thread 30256] audio_stream: 1, video_stream: 0
[2026-03-19 12:04:14.419] [info] [thread 30256] read_thread loop: ret=0, pkt->stream_index=0, audioq.size=20418, videoq.size=699393, eof=0
[2026-03-19 12:04:14.419] [info] [thread 30256] audio_stream: 1, video_stream: 0
[2026-03-19 12:04:14.420] [info] [thread 30256] read_thread loop: ret=0, pkt->stream_index=1, audioq.size=20418, videoq.size=715654, eof=0
[2026-03-19 12:04:14.420] [info] [thread 30256] audio_stream: 1, video_stream: 0
[2026-03-19 12:04:14.420] [info] [thread 30256] audio packet pts: 209920, audio_pkt_size=373
[2026-03-19 12:04:14.420] [info] [thread 30256] read_thread loop: ret=0, pkt->stream_index=0, audioq.size=20911, videoq.size=715654, eof=0
[2026-03-19 12:04:14.421] [info] [thread 30256] audio_stream: 1, video_stream: 0
[2026-03-19 12:04:14.421] [info] [thread 30256] read_thread loop: ret=0, pkt->stream_index=1, audioq.size=20911, videoq.size=724545, eof=0
[2026-03-19 12:04:14.421] [info] [thread 30256] audio_stream: 1, video_stream: 0
[2026-03-19 12:04:14.421] [info] [thread 30256] audio packet pts: 210944, audio_pkt_size=351
[2026-03-19 12:04:14.463] [info] [thread 29772] audio.nb_samples=1024, channels=2, channel_layout=stereo, format=8, sample_rate=44100
[2026-03-19 12:04:14.463] [info] [thread 29772] audio frame data pointers: data[0]=0x1f2a9d6bbc0, data[1]=0x1f2a9d677c0
[2026-03-19 12:04:14.463] [info] [thread 29772] audio.nb_samples=1024, channels=2, channel_layout=stereo, format=8, sample_rate=44100
[2026-03-19 12:04:14.464] [info] [thread 29772] audio frame data pointers: data[0]=0x1f2a9d6ddc0, data[1]=0x1f2a9d70000
[2026-03-19 12:04:14.472] [info] [thread 30256] read_thread loop: ret=0, pkt->stream_index=0, audioq.size=20314, videoq.size=712452, eof=0
[2026-03-19 12:04:14.473] [info] [thread 30256] audio_stream: 1, video_stream: 0
[2026-03-19 12:04:14.474] [info] [thread 30256] read_thread loop: ret=0, pkt->stream_index=0, audioq.size=20314, videoq.size=718146, eof=0
[2026-03-19 12:04:14.474] [info] [thread 30256] audio_stream: 1, video_stream: 0
[2026-03-19 12:04:14.475] [info] [thread 30256] read_thread loop: ret=0, pkt->stream_index=1, audioq.size=20314, videoq.size=724043, eof=0
[2026-03-19 12:04:14.475] [info] [thread 30256] audio_stream: 1, video_stream: 0
[2026-03-19 12:04:14.476] [info] [thread 30256] audio packet pts: 211968, audio_pkt_size=363
[2026-03-19 12:04:14.476] [info] [thread 30256] read_thread loop: ret=0, pkt->stream_index=0, audioq.size=20797, videoq.size=724043, eof=0
[2026-03-19 12:04:14.476] [info] [thread 30256] audio_stream: 1, video_stream: 0
[2026-03-19 12:04:14.477] [info] [thread 30256] read_thread loop: ret=0, pkt->stream_index=1, audioq.size=20797, videoq.size=741861, eof=0
[2026-03-19 12:04:14.477] [info] [thread 30256] audio_stream: 1, video_stream: 0
[2026-03-19 12:04:14.477] [info] [thread 30256] audio packet pts: 212992, audio_pkt_size=361
[2026-03-19 12:04:14.503] [info] [thread 29772] audio.nb_samples=1024, channels=2, channel_layout=stereo, format=8, sample_rate=44100
[2026-03-19 12:04:14.503] [info] [thread 29772] audio frame data pointers: data[0]=0x1f2a9d76600, data[1]=0x1f2a9d78840
[2026-03-19 12:04:14.504] [info] [thread 29772] audio.nb_samples=1024, channels=2, channel_layout=stereo, format=8, sample_rate=44100
[2026-03-19 12:04:14.504] [info] [thread 29772] audio frame data pointers: data[0]=0x1f2a9d7aa40, data[1]=0x1f2a9d72200
[2026-03-19 12:04:14.509] [info] [thread 30256] read_thread loop: ret=0, pkt->stream_index=0, audioq.size=20230, videoq.size=729106, eof=0
[2026-03-19 12:04:14.509] [info] [thread 30256] audio_stream: 1, video_stream: 0
[2026-03-19 12:04:14.510] [info] [thread 30256] read_thread loop: ret=0, pkt->stream_index=1, audioq.size=20230, videoq.size=737748, eof=0
[2026-03-19 12:04:14.510] [info] [thread 30256] audio_stream: 1, video_stream: 0
[2026-03-19 12:04:14.510] [info] [thread 30256] audio packet pts: 214016, audio_pkt_size=367
[2026-03-19 12:04:14.510] [info] [thread 30256] read_thread loop: ret=0, pkt->stream_index=0, audioq.size=20717, videoq.size=737748, eof=0
[2026-03-19 12:04:14.511] [info] [thread 30256] audio_stream: 1, video_stream: 0
[2026-03-19 12:04:14.512] [info] [thread 30256] read_thread loop: ret=0, pkt->stream_index=0, audioq.size=20717, videoq.size=744761, eof=0
[2026-03-19 12:04:14.512] [info] [thread 30256] audio_stream: 1, video_stream: 0
[2026-03-19 12:04:14.512] [info] [thread 30256] read_thread loop: ret=0, pkt->stream_index=1, audioq.size=20717, videoq.size=749561, eof=0
[2026-03-19 12:04:14.512] [info] [thread 30256] audio_stream: 1, video_stream: 0
[2026-03-19 12:04:14.513] [info] [thread 30256] audio packet pts: 215040, audio_pkt_size=360
[2026-03-19 12:04:14.552] [info] [thread 29772] audio.nb_samples=1024, channels=2, channel_layout=stereo, format=8, sample_rate=44100
[2026-03-19 12:04:14.553] [info] [thread 29772] audio frame data pointers: data[0]=0x1f2a9d7cc40, data[1]=0x1f2a9d74400
[2026-03-19 12:04:14.553] [info] [thread 29772] audio.nb_samples=1024, channels=2, channel_layout=stereo, format=8, sample_rate=44100
[2026-03-19 12:04:14.554] [info] [thread 29772] audio frame data pointers: data[0]=0x1f2aca59f00, data[1]=0x1f2aca5c100
[2026-03-19 12:04:14.555] [info] [thread 30256] read_thread loop: ret=0, pkt->stream_index=0, audioq.size=20173, videoq.size=720853, eof=0
[2026-03-19 12:04:14.556] [info] [thread 30256] audio_stream: 1, video_stream: 0
[2026-03-19 12:04:14.556] [info] [thread 30256] read_thread loop: ret=0, pkt->stream_index=1, audioq.size=20173, videoq.size=734718, eof=0
[2026-03-19 12:04:14.556] [info] [thread 30256] audio_stream: 1, video_stream: 0
[2026-03-19 12:04:14.556] [info] [thread 30256] audio packet pts: 216064, audio_pkt_size=373
[2026-03-19 12:04:14.556] [info] [thread 30256] read_thread loop: ret=0, pkt->stream_index=0, audioq.size=20666, videoq.size=734718, eof=0
[2026-03-19 12:04:14.557] [info] [thread 30256] audio_stream: 1, video_stream: 0
[2026-03-19 12:04:14.557] [info] [thread 30256] read_thread loop: ret=0, pkt->stream_index=0, audioq.size=20666, videoq.size=742356, eof=0
[2026-03-19 12:04:14.557] [info] [thread 30256] audio_stream: 1, video_stream: 0
[2026-03-19 12:04:14.557] [info] [thread 30256] read_thread loop: ret=0, pkt->stream_index=1, audioq.size=20666, videoq.size=747139, eof=0
[2026-03-19 12:04:14.557] [info] [thread 30256] audio_stream: 1, video_stream: 0
[2026-03-19 12:04:14.558] [info] [thread 30256] audio packet pts: 217088, audio_pkt_size=370
[2026-03-19 12:04:14.603] [info] [thread 29772] audio.nb_samples=1024, channels=2, channel_layout=stereo, format=8, sample_rate=44100
[2026-03-19 12:04:14.603] [info] [thread 29772] audio frame data pointers: data[0]=0x1f2aa220940, data[1]=0x1f2aa222980
[2026-03-19 12:04:14.604] [info] [thread 29772] audio.nb_samples=1024, channels=2, channel_layout=stereo, format=8, sample_rate=44100
[2026-03-19 12:04:14.604] [info] [thread 29772] audio frame data pointers: data[0]=0x1f2ac696cc0, data[1]=0x1f2a9d61180
[2026-03-19 12:04:14.620] [info] [thread 30256] read_thread loop: ret=0, pkt->stream_index=0, audioq.size=20172, videoq.size=705438, eof=0
[2026-03-19 12:04:14.620] [info] [thread 30256] audio_stream: 1, video_stream: 0
[2026-03-19 12:04:14.621] [info] [thread 30256] read_thread loop: ret=0, pkt->stream_index=1, audioq.size=20172, videoq.size=710085, eof=0
[2026-03-19 12:04:14.621] [info] [thread 30256] audio_stream: 1, video_stream: 0
[2026-03-19 12:04:14.622] [info] [thread 30256] audio packet pts: 218112, audio_pkt_size=357
[2026-03-19 12:04:14.622] [info] [thread 30256] read_thread loop: ret=0, pkt->stream_index=0, audioq.size=20649, videoq.size=710085, eof=0
[2026-03-19 12:04:14.622] [info] [thread 30256] audio_stream: 1, video_stream: 0
[2026-03-19 12:04:14.623] [info] [thread 30256] read_thread loop: ret=0, pkt->stream_index=1, audioq.size=20649, videoq.size=728857, eof=0
[2026-03-19 12:04:14.623] [info] [thread 30256] audio_stream: 1, video_stream: 0
[2026-03-19 12:04:14.623] [info] [thread 30256] audio packet pts: 219136, audio_pkt_size=375
[2026-03-19 12:04:14.642] [info] [thread 29772] audio.nb_samples=1024, channels=2, channel_layout=stereo, format=8, sample_rate=44100
[2026-03-19 12:04:14.643] [info] [thread 29772] audio frame data pointers: data[0]=0x1f2a9d63380, data[1]=0x1f2a9d65580
[2026-03-19 12:04:14.643] [info] [thread 29772] audio.nb_samples=1024, channels=2, channel_layout=stereo, format=8, sample_rate=44100
[2026-03-19 12:04:14.643] [info] [thread 29772] audio frame data pointers: data[0]=0x1f2a9d5ef80, data[1]=0x1f2a9d699c0
[2026-03-19 12:04:14.654] [info] [thread 30256] read_thread loop: ret=0, pkt->stream_index=0, audioq.size=20189, videoq.size=715243, eof=0
[2026-03-19 12:04:14.655] [info] [thread 30256] audio_stream: 1, video_stream: 0
[2026-03-19 12:04:14.656] [info] [thread 30256] read_thread loop: ret=0, pkt->stream_index=0, audioq.size=20189, videoq.size=724028, eof=0
[2026-03-19 12:04:14.656] [info] [thread 30256] audio_stream: 1, video_stream: 0
[2026-03-19 12:04:14.657] [info] [thread 30256] read_thread loop: ret=0, pkt->stream_index=1, audioq.size=20189, videoq.size=729854, eof=0
[2026-03-19 12:04:14.657] [info] [thread 30256] audio_stream: 1, video_stream: 0
[2026-03-19 12:04:14.657] [info] [thread 30256] audio packet pts: 220160, audio_pkt_size=409
[2026-03-19 12:04:14.658] [info] [thread 30256] read_thread loop: ret=0, pkt->stream_index=0, audioq.size=20718, videoq.size=729854, eof=0
[2026-03-19 12:04:14.658] [info] [thread 30256] audio_stream: 1, video_stream: 0
[2026-03-19 12:04:14.659] [info] [thread 30256] read_thread loop: ret=0, pkt->stream_index=1, audioq.size=20718, videoq.size=735553, eof=0
[2026-03-19 12:04:14.659] [info] [thread 30256] audio_stream: 1, video_stream: 0
[2026-03-19 12:04:14.659] [info] [thread 30256] audio packet pts: 221184, audio_pkt_size=424
[2026-03-19 12:04:14.692] [info] [thread 29772] audio.nb_samples=1024, channels=2, channel_layout=stereo, format=8, sample_rate=44100
[2026-03-19 12:04:14.693] [info] [thread 29772] audio frame data pointers: data[0]=0x1f2a9d677c0, data[1]=0x1f2a9d6bbc0
[2026-03-19 12:04:14.693] [info] [thread 29772] audio.nb_samples=1024, channels=2, channel_layout=stereo, format=8, sample_rate=44100
[2026-03-19 12:04:14.694] [info] [thread 29772] audio frame data pointers: data[0]=0x1f2a9d70000, data[1]=0x1f2a9d6ddc0
[2026-03-19 12:04:14.701] [info] [thread 30256] read_thread loop: ret=0, pkt->stream_index=0, audioq.size=20316, videoq.size=706789, eof=0
[2026-03-19 12:04:14.702] [info] [thread 30256] audio_stream: 1, video_stream: 0
[2026-03-19 12:04:14.702] [info] [thread 30256] read_thread loop: ret=0, pkt->stream_index=0, audioq.size=20316, videoq.size=722489, eof=0
[2026-03-19 12:04:14.703] [info] [thread 30256] audio_stream: 1, video_stream: 0
[2026-03-19 12:04:14.703] [info] [thread 30256] read_thread loop: ret=0, pkt->stream_index=1, audioq.size=20316, videoq.size=731480, eof=0
[2026-03-19 12:04:14.704] [info] [thread 30256] audio_stream: 1, video_stream: 0
[2026-03-19 12:04:14.705] [info] [thread 30256] audio packet pts: 222208, audio_pkt_size=364
[2026-03-19 12:04:14.705] [info] [thread 30256] read_thread loop: ret=0, pkt->stream_index=0, audioq.size=20800, videoq.size=731480, eof=0
[2026-03-19 12:04:14.706] [info] [thread 30256] audio_stream: 1, video_stream: 0
[2026-03-19 12:04:14.706] [info] [thread 30256] read_thread loop: ret=0, pkt->stream_index=1, audioq.size=20800, videoq.size=736419, eof=0
[2026-03-19 12:04:14.707] [info] [thread 30256] audio_stream: 1, video_stream: 0
[2026-03-19 12:04:14.707] [info] [thread 30256] audio packet pts: 223232, audio_pkt_size=343
[2026-03-19 12:04:14.743] [info] [thread 29772] audio.nb_samples=1024, channels=2, channel_layout=stereo, format=8, sample_rate=44100
[2026-03-19 12:04:14.743] [info] [thread 29772] audio frame data pointers: data[0]=0x1f2a9d78840, data[1]=0x1f2a9d76600
[2026-03-19 12:04:14.744] [info] [thread 29772] audio.nb_samples=1024, channels=2, channel_layout=stereo, format=8, sample_rate=44100
[2026-03-19 12:04:14.744] [info] [thread 29772] audio frame data pointers: data[0]=0x1f2a9d72200, data[1]=0x1f2a9d7aa40
[2026-03-19 12:04:14.760] [info] [thread 30256] read_thread loop: ret=0, pkt->stream_index=0, audioq.size=20336, videoq.size=708392, eof=0
[2026-03-19 12:04:14.760] [info] [thread 30256] audio_stream: 1, video_stream: 0
[2026-03-19 12:04:14.761] [info] [thread 30256] read_thread loop: ret=0, pkt->stream_index=1, audioq.size=20336, videoq.size=715281, eof=0
[2026-03-19 12:04:14.761] [info] [thread 30256] audio_stream: 1, video_stream: 0
[2026-03-19 12:04:14.761] [info] [thread 30256] audio packet pts: 224256, audio_pkt_size=360
[2026-03-19 12:04:14.762] [info] [thread 30256] read_thread loop: ret=0, pkt->stream_index=0, audioq.size=20816, videoq.size=715281, eof=0
[2026-03-19 12:04:14.762] [info] [thread 30256] audio_stream: 1, video_stream: 0
[2026-03-19 12:04:14.763] [info] [thread 30256] read_thread loop: ret=0, pkt->stream_index=0, audioq.size=20816, videoq.size=732918, eof=0
[2026-03-19 12:04:14.763] [info] [thread 30256] audio_stream: 1, video_stream: 0
[2026-03-19 12:04:14.763] [info] [thread 30256] read_thread loop: ret=0, pkt->stream_index=1, audioq.size=20816, videoq.size=742944, eof=0
[2026-03-19 12:04:14.764] [info] [thread 30256] audio_stream: 1, video_stream: 0
[2026-03-19 12:04:14.764] [info] [thread 30256] audio packet pts: 225280, audio_pkt_size=441
[2026-03-19 12:04:14.783] [info] [thread 29772] audio.nb_samples=1024, channels=2, channel_layout=stereo, format=8, sample_rate=44100
[2026-03-19 12:04:14.783] [info] [thread 29772] audio frame data pointers: data[0]=0x1f2a9d74400, data[1]=0x1f2a9d7cc40
[2026-03-19 12:04:14.783] [info] [thread 29772] audio.nb_samples=1024, channels=2, channel_layout=stereo, format=8, sample_rate=44100
[2026-03-19 12:04:14.783] [info] [thread 29772] audio frame data pointers: data[0]=0x1f2aca5c100, data[1]=0x1f2aca59f00
[2026-03-19 12:04:14.785] [info] [thread 30256] read_thread loop: ret=0, pkt->stream_index=0, audioq.size=20448, videoq.size=728863, eof=0
[2026-03-19 12:04:14.786] [info] [thread 30256] audio_stream: 1, video_stream: 0
[2026-03-19 12:04:14.786] [info] [thread 30256] read_thread loop: ret=0, pkt->stream_index=1, audioq.size=20448, videoq.size=736655, eof=0
[2026-03-19 12:04:14.787] [info] [thread 30256] audio_stream: 1, video_stream: 0
[2026-03-19 12:04:14.787] [info] [thread 30256] audio packet pts: 226304, audio_pkt_size=342
[2026-03-19 12:04:14.787] [info] [thread 30256] read_thread loop: ret=0, pkt->stream_index=0, audioq.size=20910, videoq.size=736655, eof=0
[2026-03-19 12:04:14.788] [info] [thread 30256] audio_stream: 1, video_stream: 0
[2026-03-19 12:04:14.788] [info] [thread 30256] read_thread loop: ret=0, pkt->stream_index=1, audioq.size=20910, videoq.size=742989, eof=0
[2026-03-19 12:04:14.788] [info] [thread 30256] audio_stream: 1, video_stream: 0
[2026-03-19 12:04:14.788] [info] [thread 30256] audio packet pts: 227328, audio_pkt_size=356
[2026-03-19 12:04:14.833] [info] [thread 29772] audio.nb_samples=1024, channels=2, channel_layout=stereo, format=8, sample_rate=44100
[2026-03-19 12:04:14.833] [info] [thread 29772] audio frame data pointers: data[0]=0x1f2aa222980, data[1]=0x1f2aa220940
[2026-03-19 12:04:14.833] [info] [thread 29772] audio.nb_samples=1024, channels=2, channel_layout=stereo, format=8, sample_rate=44100
[2026-03-19 12:04:14.833] [info] [thread 29772] audio frame data pointers: data[0]=0x1f2a9d61180, data[1]=0x1f2ac696cc0
[2026-03-19 12:04:14.840] [info] [thread 30256] read_thread loop: ret=0, pkt->stream_index=0, audioq.size=20421, videoq.size=711381, eof=0
[2026-03-19 12:04:14.841] [info] [thread 30256] audio_stream: 1, video_stream: 0
[2026-03-19 12:04:14.841] [info] [thread 30256] read_thread loop: ret=0, pkt->stream_index=0, audioq.size=20421, videoq.size=725449, eof=0
[2026-03-19 12:04:14.842] [info] [thread 30256] audio_stream: 1, video_stream: 0
[2026-03-19 12:04:14.842] [info] [thread 30256] read_thread loop: ret=0, pkt->stream_index=1, audioq.size=20421, videoq.size=731679, eof=0
[2026-03-19 12:04:14.842] [info] [thread 30256] audio_stream: 1, video_stream: 0
[2026-03-19 12:04:14.843] [info] [thread 30256] audio packet pts: 228352, audio_pkt_size=467
[2026-03-19 12:04:14.843] [info] [thread 30256] read_thread loop: ret=0, pkt->stream_index=0, audioq.size=21008, videoq.size=731679, eof=0
[2026-03-19 12:04:14.843] [info] [thread 30256] audio_stream: 1, video_stream: 0
[2026-03-19 12:04:14.843] [info] [thread 30256] read_thread loop: ret=0, pkt->stream_index=1, audioq.size=21008, videoq.size=744052, eof=0
[2026-03-19 12:04:14.844] [info] [thread 30256] audio_stream: 1, video_stream: 0
[2026-03-19 12:04:14.844] [info] [thread 30256] audio packet pts: 229376, audio_pkt_size=448
[2026-03-19 12:04:14.882] [info] [thread 29772] audio.nb_samples=1024, channels=2, channel_layout=stereo, format=8, sample_rate=44100
[2026-03-19 12:04:14.883] [info] [thread 29772] audio frame data pointers: data[0]=0x1f2a9d65580, data[1]=0x1f2a9d63380
[2026-03-19 12:04:14.883] [info] [thread 29772] audio.nb_samples=1024, channels=2, channel_layout=stereo, format=8, sample_rate=44100
[2026-03-19 12:04:14.884] [info] [thread 29772] audio frame data pointers: data[0]=0x1f2a9d699c0, data[1]=0x1f2a9d5ef80
[2026-03-19 12:04:14.885] [info] [thread 30256] read_thread loop: ret=0, pkt->stream_index=0, audioq.size=20656, videoq.size=713337, eof=0
[2026-03-19 12:04:14.885] [info] [thread 30256] audio_stream: 1, video_stream: 0
[2026-03-19 12:04:14.885] [info] [thread 30256] read_thread loop: ret=0, pkt->stream_index=0, audioq.size=20656, videoq.size=730005, eof=0
[2026-03-19 12:04:14.886] [info] [thread 30256] audio_stream: 1, video_stream: 0
[2026-03-19 12:04:14.886] [info] [thread 30256] read_thread loop: ret=0, pkt->stream_index=1, audioq.size=20656, videoq.size=741765, eof=0
[2026-03-19 12:04:14.886] [info] [thread 30256] audio_stream: 1, video_stream: 0
[2026-03-19 12:04:14.887] [info] [thread 30256] audio packet pts: 230400, audio_pkt_size=414
[2026-03-19 12:04:14.887] [info] [thread 30256] read_thread loop: ret=0, pkt->stream_index=0, audioq.size=21190, videoq.size=741765, eof=0
[2026-03-19 12:04:14.888] [info] [thread 30256] audio_stream: 1, video_stream: 0
[2026-03-19 12:04:14.888] [info] [thread 30256] read_thread loop: ret=0, pkt->stream_index=1, audioq.size=21190, videoq.size=750311, eof=0
[2026-03-19 12:04:14.888] [info] [thread 30256] audio_stream: 1, video_stream: 0
[2026-03-19 12:04:14.889] [info] [thread 30256] audio packet pts: 231424, audio_pkt_size=328
[2026-03-19 12:04:14.923] [info] [thread 29772] audio.nb_samples=1024, channels=2, channel_layout=stereo, format=8, sample_rate=44100
[2026-03-19 12:04:14.923] [info] [thread 29772] audio frame data pointers: data[0]=0x1f2a9d6bbc0, data[1]=0x1f2a9d677c0
[2026-03-19 12:04:14.924] [info] [thread 29772] audio.nb_samples=1024, channels=2, channel_layout=stereo, format=8, sample_rate=44100
[2026-03-19 12:04:14.924] [info] [thread 29772] audio frame data pointers: data[0]=0x1f2a9d6ddc0, data[1]=0x1f2a9d70000
[2026-03-19 12:04:14.930] [info] [thread 30256] read_thread loop: ret=0, pkt->stream_index=0, audioq.size=20680, videoq.size=733094, eof=0
[2026-03-19 12:04:14.930] [info] [thread 30256] audio_stream: 1, video_stream: 0
[2026-03-19 12:04:14.931] [info] [thread 30256] read_thread loop: ret=0, pkt->stream_index=1, audioq.size=20680, videoq.size=740079, eof=0
[2026-03-19 12:04:14.931] [info] [thread 30256] audio_stream: 1, video_stream: 0
[2026-03-19 12:04:14.931] [info] [thread 30256] audio packet pts: 232448, audio_pkt_size=333
[2026-03-19 12:04:14.932] [info] [thread 30256] read_thread loop: ret=0, pkt->stream_index=0, audioq.size=21133, videoq.size=733259, eof=0
[2026-03-19 12:04:14.932] [info] [thread 30256] audio_stream: 1, video_stream: 0
[2026-03-19 12:04:14.932] [info] [thread 30256] read_thread loop: ret=0, pkt->stream_index=0, audioq.size=21133, videoq.size=752033, eof=0
[2026-03-19 12:04:14.932] [info] [thread 30256] audio_stream: 1, video_stream: 0
[2026-03-19 12:04:14.932] [info] [thread 30256] read_thread loop: ret=0, pkt->stream_index=1, audioq.size=21133, videoq.size=763482, eof=0
[2026-03-19 12:04:14.933] [info] [thread 30256] audio_stream: 1, video_stream: 0
[2026-03-19 12:04:14.933] [info] [thread 30256] audio packet pts: 233472, audio_pkt_size=333
[2026-03-19 12:04:14.973] [info] [thread 29772] audio.nb_samples=1024, channels=2, channel_layout=stereo, format=8, sample_rate=44100
[2026-03-19 12:04:14.974] [info] [thread 29772] audio frame data pointers: data[0]=0x1f2a9d76600, data[1]=0x1f2a9d78840
[2026-03-19 12:04:14.974] [info] [thread 29772] audio.nb_samples=1024, channels=2, channel_layout=stereo, format=8, sample_rate=44100
[2026-03-19 12:04:14.974] [info] [thread 29772] audio frame data pointers: data[0]=0x1f2a9d7aa40, data[1]=0x1f2a9d72200
[2026-03-19 12:04:14.974] [info] [thread 30256] read_thread loop: ret=0, pkt->stream_index=0, audioq.size=20647, videoq.size=741658, eof=0
[2026-03-19 12:04:14.975] [info] [thread 30256] audio_stream: 1, video_stream: 0
[2026-03-19 12:04:14.975] [info] [thread 30256] read_thread loop: ret=0, pkt->stream_index=1, audioq.size=20647, videoq.size=748788, eof=0
[2026-03-19 12:04:14.975] [info] [thread 30256] audio_stream: 1, video_stream: 0
[2026-03-19 12:04:14.976] [info] [thread 30256] audio packet pts: 234496, audio_pkt_size=345
[2026-03-19 12:04:14.976] [info] [thread 30256] read_thread loop: ret=0, pkt->stream_index=0, audioq.size=21112, videoq.size=748788, eof=0
[2026-03-19 12:04:14.977] [info] [thread 30256] audio_stream: 1, video_stream: 0
[2026-03-19 12:04:14.977] [info] [thread 30256] read_thread loop: ret=0, pkt->stream_index=0, audioq.size=21112, videoq.size=756490, eof=0
[2026-03-19 12:04:14.977] [info] [thread 30256] audio_stream: 1, video_stream: 0
[2026-03-19 12:04:14.978] [info] [thread 30256] read_thread loop: ret=0, pkt->stream_index=1, audioq.size=21112, videoq.size=771811, eof=0
[2026-03-19 12:04:14.978] [info] [thread 30256] audio_stream: 1, video_stream: 0
[2026-03-19 12:04:14.978] [info] [thread 30256] audio packet pts: 235520, audio_pkt_size=339
[2026-03-19 12:04:15.013] [info] [thread 29772] audio.nb_samples=1024, channels=2, channel_layout=stereo, format=8, sample_rate=44100
[2026-03-19 12:04:15.013] [info] [thread 29772] audio frame data pointers: data[0]=0x1f2a9d7cc40, data[1]=0x1f2a9d74400
[2026-03-19 12:04:15.013] [info] [thread 29772] audio.nb_samples=1024, channels=2, channel_layout=stereo, format=8, sample_rate=44100
[2026-03-19 12:04:15.014] [info] [thread 29772] audio frame data pointers: data[0]=0x1f2aca59f00, data[1]=0x1f2aca5c100
[2026-03-19 12:04:15.019] [info] [thread 30256] read_thread loop: ret=0, pkt->stream_index=0, audioq.size=20608, videoq.size=692399, eof=0
[2026-03-19 12:04:15.020] [info] [thread 30256] audio_stream: 1, video_stream: 0
[2026-03-19 12:04:15.020] [info] [thread 30256] read_thread loop: ret=0, pkt->stream_index=1, audioq.size=20608, videoq.size=697132, eof=0
[2026-03-19 12:04:15.021] [info] [thread 30256] audio_stream: 1, video_stream: 0
[2026-03-19 12:04:15.021] [info] [thread 30256] audio packet pts: 236544, audio_pkt_size=357
[2026-03-19 12:04:15.021] [info] [thread 30256] read_thread loop: ret=0, pkt->stream_index=0, audioq.size=21085, videoq.size=697132, eof=0
[2026-03-19 12:04:15.021] [info] [thread 30256] audio_stream: 1, video_stream: 0
[2026-03-19 12:04:15.021] [info] [thread 30256] read_thread loop: ret=0, pkt->stream_index=1, audioq.size=21085, videoq.size=701281, eof=0
[2026-03-19 12:04:15.022] [info] [thread 30256] audio_stream: 1, video_stream: 0
[2026-03-19 12:04:15.022] [info] [thread 30256] audio packet pts: 237568, audio_pkt_size=355
[2026-03-19 12:04:15.063] [info] [thread 29772] audio.nb_samples=1024, channels=2, channel_layout=stereo, format=8, sample_rate=44100
[2026-03-19 12:04:15.064] [info] [thread 29772] audio frame data pointers: data[0]=0x1f2aa220940, data[1]=0x1f2aa222980
[2026-03-19 12:04:15.064] [info] [thread 29772] audio.nb_samples=1024, channels=2, channel_layout=stereo, format=8, sample_rate=44100
[2026-03-19 12:04:15.064] [info] [thread 29772] audio frame data pointers: data[0]=0x1f2ac696cc0, data[1]=0x1f2a9d61180
[2026-03-19 12:04:15.076] [info] [thread 30256] read_thread loop: ret=0, pkt->stream_index=0, audioq.size=20590, videoq.size=679083, eof=0
[2026-03-19 12:04:15.076] [info] [thread 30256] audio_stream: 1, video_stream: 0
[2026-03-19 12:04:15.077] [info] [thread 30256] read_thread loop: ret=0, pkt->stream_index=0, audioq.size=20590, videoq.size=681049, eof=0
[2026-03-19 12:04:15.078] [info] [thread 30256] audio_stream: 1, video_stream: 0
[2026-03-19 12:04:15.078] [info] [thread 30256] read_thread loop: ret=0, pkt->stream_index=1, audioq.size=20590, videoq.size=689673, eof=0
[2026-03-19 12:04:15.078] [info] [thread 30256] audio_stream: 1, video_stream: 0
[2026-03-19 12:04:15.079] [info] [thread 30256] audio packet pts: 238592, audio_pkt_size=408
[2026-03-19 12:04:15.079] [info] [thread 30256] read_thread loop: ret=0, pkt->stream_index=0, audioq.size=21118, videoq.size=689673, eof=0
[2026-03-19 12:04:15.079] [info] [thread 30256] audio_stream: 1, video_stream: 0
[2026-03-19 12:04:15.080] [info] [thread 30256] read_thread loop: ret=0, pkt->stream_index=1, audioq.size=21118, videoq.size=693805, eof=0
[2026-03-19 12:04:15.080] [info] [thread 30256] audio_stream: 1, video_stream: 0
[2026-03-19 12:04:15.080] [info] [thread 30256] audio packet pts: 239616, audio_pkt_size=429
[2026-03-19 12:04:15.112] [info] [thread 29772] audio.nb_samples=1024, channels=2, channel_layout=stereo, format=8, sample_rate=44100
[2026-03-19 12:04:15.113] [info] [thread 29772] audio frame data pointers: data[0]=0x1f2a9d63380, data[1]=0x1f2a9d65580
[2026-03-19 12:04:15.113] [info] [thread 29772] audio.nb_samples=1024, channels=2, channel_layout=stereo, format=8, sample_rate=44100
[2026-03-19 12:04:15.113] [info] [thread 29772] audio frame data pointers: data[0]=0x1f2a9d5ef80, data[1]=0x1f2a9d699c0
[2026-03-19 12:04:15.122] [info] [thread 30256] read_thread loop: ret=0, pkt->stream_index=0, audioq.size=20673, videoq.size=659197, eof=0
[2026-03-19 12:04:15.122] [info] [thread 30256] audio_stream: 1, video_stream: 0
[2026-03-19 12:04:15.122] [info] [thread 30256] read_thread loop: ret=0, pkt->stream_index=0, audioq.size=20673, videoq.size=661566, eof=0
[2026-03-19 12:04:15.123] [info] [thread 30256] audio_stream: 1, video_stream: 0
[2026-03-19 12:04:15.124] [info] [thread 30256] read_thread loop: ret=0, pkt->stream_index=1, audioq.size=20673, videoq.size=664014, eof=0
[2026-03-19 12:04:15.124] [info] [thread 30256] audio_stream: 1, video_stream: 0
[2026-03-19 12:04:15.124] [info] [thread 30256] audio packet pts: 240640, audio_pkt_size=344
[2026-03-19 12:04:15.124] [info] [thread 30256] read_thread loop: ret=0, pkt->stream_index=0, audioq.size=21137, videoq.size=664014, eof=0
[2026-03-19 12:04:15.125] [info] [thread 30256] audio_stream: 1, video_stream: 0
[2026-03-19 12:04:15.125] [info] [thread 30256] read_thread loop: ret=0, pkt->stream_index=1, audioq.size=21137, videoq.size=675768, eof=0
[2026-03-19 12:04:15.125] [info] [thread 30256] audio_stream: 1, video_stream: 0
[2026-03-19 12:04:15.125] [info] [thread 30256] audio packet pts: 241664, audio_pkt_size=349
[2026-03-19 12:04:15.153] [info] [thread 29772] audio.nb_samples=1024, channels=2, channel_layout=stereo, format=8, sample_rate=44100
[2026-03-19 12:04:15.153] [info] [thread 29772] audio frame data pointers: data[0]=0x1f2a9d677c0, data[1]=0x1f2a9d6bbc0
[2026-03-19 12:04:15.154] [info] [thread 29772] audio.nb_samples=1024, channels=2, channel_layout=stereo, format=8, sample_rate=44100
[2026-03-19 12:04:15.154] [info] [thread 29772] audio frame data pointers: data[0]=0x1f2a9d70000, data[1]=0x1f2a9d6ddc0
[2026-03-19 12:04:15.168] [info] [thread 30256] read_thread loop: ret=0, pkt->stream_index=0, audioq.size=20661, videoq.size=644036, eof=0
[2026-03-19 12:04:15.169] [info] [thread 30256] audio_stream: 1, video_stream: 0
[2026-03-19 12:04:15.170] [info] [thread 30256] read_thread loop: ret=0, pkt->stream_index=1, audioq.size=20661, videoq.size=649027, eof=0
[2026-03-19 12:04:15.170] [info] [thread 30256] audio_stream: 1, video_stream: 0
[2026-03-19 12:04:15.170] [info] [thread 30256] audio packet pts: 242688, audio_pkt_size=351
[2026-03-19 12:04:15.171] [info] [thread 30256] read_thread loop: ret=0, pkt->stream_index=0, audioq.size=21132, videoq.size=649027, eof=0
[2026-03-19 12:04:15.171] [info] [thread 30256] audio_stream: 1, video_stream: 0
[2026-03-19 12:04:15.172] [info] [thread 30256] read_thread loop: ret=0, pkt->stream_index=0, audioq.size=21132, videoq.size=651755, eof=0
[2026-03-19 12:04:15.172] [info] [thread 30256] audio_stream: 1, video_stream: 0
[2026-03-19 12:04:15.172] [info] [thread 30256] read_thread loop: ret=0, pkt->stream_index=1, audioq.size=21132, videoq.size=655224, eof=0
[2026-03-19 12:04:15.172] [info] [thread 30256] audio_stream: 1, video_stream: 0
[2026-03-19 12:04:15.172] [info] [thread 30256] audio packet pts: 243712, audio_pkt_size=353
[2026-03-19 12:04:15.203] [info] [thread 29772] audio.nb_samples=1024, channels=2, channel_layout=stereo, format=8, sample_rate=44100
[2026-03-19 12:04:15.203] [info] [thread 29772] audio frame data pointers: data[0]=0x1f2a9d78840, data[1]=0x1f2a9d76600
[2026-03-19 12:04:15.204] [info] [thread 29772] audio.nb_samples=1024, channels=2, channel_layout=stereo, format=8, sample_rate=44100
[2026-03-19 12:04:15.204] [info] [thread 29772] audio frame data pointers: data[0]=0x1f2a9d72200, data[1]=0x1f2a9d7aa40
[2026-03-19 12:04:15.214] [info] [thread 30256] read_thread loop: ret=0, pkt->stream_index=0, audioq.size=20596, videoq.size=645022, eof=0
[2026-03-19 12:04:15.215] [info] [thread 30256] audio_stream: 1, video_stream: 0
[2026-03-19 12:04:15.215] [info] [thread 30256] read_thread loop: ret=0, pkt->stream_index=1, audioq.size=20596, videoq.size=640706, eof=0
[2026-03-19 12:04:15.216] [info] [thread 30256] audio_stream: 1, video_stream: 0
[2026-03-19 12:04:15.216] [info] [thread 30256] audio packet pts: 244736, audio_pkt_size=351
[2026-03-19 12:04:15.216] [info] [thread 30256] read_thread loop: ret=0, pkt->stream_index=0, audioq.size=21067, videoq.size=640706, eof=0
[2026-03-19 12:04:15.217] [info] [thread 30256] audio_stream: 1, video_stream: 0
[2026-03-19 12:04:15.217] [info] [thread 30256] read_thread loop: ret=0, pkt->stream_index=0, audioq.size=21067, videoq.size=647907, eof=0
[2026-03-19 12:04:15.217] [info] [thread 30256] audio_stream: 1, video_stream: 0
[2026-03-19 12:04:15.217] [info] [thread 30256] read_thread loop: ret=0, pkt->stream_index=1, audioq.size=21067, videoq.size=652243, eof=0
[2026-03-19 12:04:15.218] [info] [thread 30256] audio_stream: 1, video_stream: 0
[2026-03-19 12:04:15.218] [info] [thread 30256] audio packet pts: 245760, audio_pkt_size=355
[2026-03-19 12:04:15.252] [info] [thread 29772] audio.nb_samples=1024, channels=2, channel_layout=stereo, format=8, sample_rate=44100
[2026-03-19 12:04:15.253] [info] [thread 29772] audio frame data pointers: data[0]=0x1f2a9d74400, data[1]=0x1f2a9d7cc40
[2026-03-19 12:04:15.253] [info] [thread 29772] audio.nb_samples=1024, channels=2, channel_layout=stereo, format=8, sample_rate=44100
[2026-03-19 12:04:15.253] [info] [thread 29772] audio frame data pointers: data[0]=0x1f2aca5c100, data[1]=0x1f2aca59f00
[2026-03-19 12:04:15.259] [info] [thread 30256] read_thread loop: ret=0, pkt->stream_index=0, audioq.size=20605, videoq.size=638566, eof=0
[2026-03-19 12:04:15.260] [info] [thread 30256] audio_stream: 1, video_stream: 0
[2026-03-19 12:04:15.260] [info] [thread 30256] read_thread loop: ret=0, pkt->stream_index=1, audioq.size=20605, videoq.size=643440, eof=0
[2026-03-19 12:04:15.260] [info] [thread 30256] audio_stream: 1, video_stream: 0
[2026-03-19 12:04:15.260] [info] [thread 30256] audio packet pts: 246784, audio_pkt_size=355
[2026-03-19 12:04:15.261] [info] [thread 30256] read_thread loop: ret=0, pkt->stream_index=0, audioq.size=21080, videoq.size=643440, eof=0
[2026-03-19 12:04:15.261] [info] [thread 30256] audio_stream: 1, video_stream: 0
[2026-03-19 12:04:15.262] [info] [thread 30256] read_thread loop: ret=0, pkt->stream_index=1, audioq.size=21080, videoq.size=659503, eof=0
[2026-03-19 12:04:15.262] [info] [thread 30256] audio_stream: 1, video_stream: 0
[2026-03-19 12:04:15.262] [info] [thread 30256] audio packet pts: 247808, audio_pkt_size=364
[2026-03-19 12:04:15.293] [info] [thread 29772] audio.nb_samples=1024, channels=2, channel_layout=stereo, format=8, sample_rate=44100
[2026-03-19 12:04:15.293] [info] [thread 29772] audio frame data pointers: data[0]=0x1f2aa222980, data[1]=0x1f2aa220940
[2026-03-19 12:04:15.293] [info] [thread 29772] audio.nb_samples=1024, channels=2, channel_layout=stereo, format=8, sample_rate=44100
[2026-03-19 12:04:15.294] [info] [thread 29772] audio frame data pointers: data[0]=0x1f2a9d61180, data[1]=0x1f2ac696cc0
[2026-03-19 12:04:15.294] [info] [thread 30256] read_thread loop: ret=0, pkt->stream_index=0, audioq.size=20603, videoq.size=635586, eof=0
[2026-03-19 12:04:15.294] [info] [thread 30256] audio_stream: 1, video_stream: 0
[2026-03-19 12:04:15.295] [info] [thread 30256] read_thread loop: ret=0, pkt->stream_index=0, audioq.size=20603, videoq.size=644829, eof=0
[2026-03-19 12:04:15.296] [info] [thread 30256] audio_stream: 1, video_stream: 0
[2026-03-19 12:04:15.296] [info] [thread 30256] read_thread loop: ret=0, pkt->stream_index=1, audioq.size=20603, videoq.size=650076, eof=0
[2026-03-19 12:04:15.296] [info] [thread 30256] audio_stream: 1, video_stream: 0
[2026-03-19 12:04:15.297] [info] [thread 30256] audio packet pts: 248832, audio_pkt_size=353
[2026-03-19 12:04:15.297] [info] [thread 30256] read_thread loop: ret=0, pkt->stream_index=0, audioq.size=21076, videoq.size=650076, eof=0
[2026-03-19 12:04:15.297] [info] [thread 30256] audio_stream: 1, video_stream: 0
[2026-03-19 12:04:15.298] [info] [thread 30256] read_thread loop: ret=0, pkt->stream_index=1, audioq.size=21076, videoq.size=658690, eof=0
[2026-03-19 12:04:15.298] [info] [thread 30256] audio_stream: 1, video_stream: 0
[2026-03-19 12:04:15.298] [info] [thread 30256] audio packet pts: 249856, audio_pkt_size=458
[2026-03-19 12:04:15.343] [info] [thread 29772] audio.nb_samples=1024, channels=2, channel_layout=stereo, format=8, sample_rate=44100
[2026-03-19 12:04:15.343] [info] [thread 29772] audio frame data pointers: data[0]=0x1f2a9d65580, data[1]=0x1f2a9d63380
[2026-03-19 12:04:15.344] [info] [thread 29772] audio.nb_samples=1024, channels=2, channel_layout=stereo, format=8, sample_rate=44100
[2026-03-19 12:04:15.344] [info] [thread 29772] audio frame data pointers: data[0]=0x1f2a9d699c0, data[1]=0x1f2a9d5ef80
[2026-03-19 12:04:15.352] [info] [thread 30256] read_thread loop: ret=0, pkt->stream_index=0, audioq.size=20660, videoq.size=618589, eof=0
[2026-03-19 12:04:15.352] [info] [thread 30256] audio_stream: 1, video_stream: 0
[2026-03-19 12:04:15.353] [info] [thread 30256] read_thread loop: ret=0, pkt->stream_index=1, audioq.size=20660, videoq.size=634458, eof=0
[2026-03-19 12:04:15.353] [info] [thread 30256] audio_stream: 1, video_stream: 0
[2026-03-19 12:04:15.353] [info] [thread 30256] audio packet pts: 250880, audio_pkt_size=362
[2026-03-19 12:04:15.354] [info] [thread 30256] read_thread loop: ret=0, pkt->stream_index=0, audioq.size=21142, videoq.size=634458, eof=0
[2026-03-19 12:04:15.354] [info] [thread 30256] audio_stream: 1, video_stream: 0
[2026-03-19 12:04:15.354] [info] [thread 30256] read_thread loop: ret=0, pkt->stream_index=0, audioq.size=21142, videoq.size=644324, eof=0
[2026-03-19 12:04:15.354] [info] [thread 30256] audio_stream: 1, video_stream: 0
[2026-03-19 12:04:15.354] [info] [thread 30256] read_thread loop: ret=0, pkt->stream_index=1, audioq.size=21142, videoq.size=652530, eof=0
[2026-03-19 12:04:15.355] [info] [thread 30256] audio_stream: 1, video_stream: 0
[2026-03-19 12:04:15.355] [info] [thread 30256] audio packet pts: 251904, audio_pkt_size=356
[2026-03-19 12:04:15.393] [info] [thread 29772] audio.nb_samples=1024, channels=2, channel_layout=stereo, format=8, sample_rate=44100
[2026-03-19 12:04:15.393] [info] [thread 29772] audio frame data pointers: data[0]=0x1f2a9d6bbc0, data[1]=0x1f2a9d677c0
[2026-03-19 12:04:15.394] [info] [thread 29772] audio.nb_samples=1024, channels=2, channel_layout=stereo, format=8, sample_rate=44100
[2026-03-19 12:04:15.394] [info] [thread 29772] audio frame data pointers: data[0]=0x1f2a9d6ddc0, data[1]=0x1f2a9d70000
[2026-03-19 12:04:15.397] [info] [thread 30256] read_thread loop: ret=0, pkt->stream_index=0, audioq.size=20636, videoq.size=636374, eof=0
[2026-03-19 12:04:15.398] [info] [thread 30256] audio_stream: 1, video_stream: 0
[2026-03-19 12:04:15.398] [info] [thread 30256] read_thread loop: ret=0, pkt->stream_index=1, audioq.size=20636, videoq.size=652407, eof=0
[2026-03-19 12:04:15.398] [info] [thread 30256] audio_stream: 1, video_stream: 0
[2026-03-19 12:04:15.399] [info] [thread 30256] audio packet pts: 252928, audio_pkt_size=357
[2026-03-19 12:04:15.399] [info] [thread 30256] read_thread loop: ret=0, pkt->stream_index=0, audioq.size=21113, videoq.size=652407, eof=0
[2026-03-19 12:04:15.400] [info] [thread 30256] audio_stream: 1, video_stream: 0
[2026-03-19 12:04:15.401] [info] [thread 30256] read_thread loop: ret=0, pkt->stream_index=0, audioq.size=21113, videoq.size=662425, eof=0
[2026-03-19 12:04:15.401] [info] [thread 30256] audio_stream: 1, video_stream: 0
[2026-03-19 12:04:15.401] [info] [thread 30256] read_thread loop: ret=0, pkt->stream_index=1, audioq.size=21113, videoq.size=671239, eof=0
[2026-03-19 12:04:15.402] [info] [thread 30256] audio_stream: 1, video_stream: 0
[2026-03-19 12:04:15.402] [info] [thread 30256] audio packet pts: 253952, audio_pkt_size=369
[2026-03-19 12:04:15.433] [info] [thread 29772] audio.nb_samples=1024, channels=2, channel_layout=stereo, format=8, sample_rate=44100
[2026-03-19 12:04:15.433] [info] [thread 29772] audio frame data pointers: data[0]=0x1f2a9d76600, data[1]=0x1f2a9d78840
[2026-03-19 12:04:15.433] [info] [thread 29772] audio.nb_samples=1024, channels=2, channel_layout=stereo, format=8, sample_rate=44100
[2026-03-19 12:04:15.434] [info] [thread 29772] audio frame data pointers: data[0]=0x1f2a9d7aa40, data[1]=0x1f2a9d72200
[2026-03-19 12:04:15.435] [info] [thread 30256] read_thread loop: ret=0, pkt->stream_index=0, audioq.size=20638, videoq.size=640489, eof=0
[2026-03-19 12:04:15.436] [info] [thread 30256] audio_stream: 1, video_stream: 0
[2026-03-19 12:04:15.436] [info] [thread 30256] read_thread loop: ret=0, pkt->stream_index=1, audioq.size=20638, videoq.size=646252, eof=0
[2026-03-19 12:04:15.437] [info] [thread 30256] audio_stream: 1, video_stream: 0
[2026-03-19 12:04:15.437] [info] [thread 30256] audio packet pts: 254976, audio_pkt_size=384
[2026-03-19 12:04:15.437] [info] [thread 30256] read_thread loop: ret=0, pkt->stream_index=0, audioq.size=21142, videoq.size=646252, eof=0
[2026-03-19 12:04:15.438] [info] [thread 30256] audio_stream: 1, video_stream: 0
[2026-03-19 12:04:15.438] [info] [thread 30256] read_thread loop: ret=0, pkt->stream_index=1, audioq.size=21142, videoq.size=663510, eof=0
[2026-03-19 12:04:15.438] [info] [thread 30256] audio_stream: 1, video_stream: 0
[2026-03-19 12:04:15.439] [info] [thread 30256] audio packet pts: 256000, audio_pkt_size=484
[2026-03-19 12:04:15.483] [info] [thread 29772] audio.nb_samples=1024, channels=2, channel_layout=stereo, format=8, sample_rate=44100
[2026-03-19 12:04:15.483] [info] [thread 29772] audio frame data pointers: data[0]=0x1f2a9d7cc40, data[1]=0x1f2a9d74400
[2026-03-19 12:04:15.483] [info] [thread 29772] audio.nb_samples=1024, channels=2, channel_layout=stereo, format=8, sample_rate=44100
[2026-03-19 12:04:15.483] [info] [thread 29772] audio frame data pointers: data[0]=0x1f2aca59f00, data[1]=0x1f2aca5c100
[2026-03-19 12:04:15.491] [info] [thread 30256] read_thread loop: ret=0, pkt->stream_index=0, audioq.size=20782, videoq.size=634281, eof=0
[2026-03-19 12:04:15.492] [info] [thread 30256] audio_stream: 1, video_stream: 0
[2026-03-19 12:04:15.492] [info] [thread 30256] read_thread loop: ret=0, pkt->stream_index=0, audioq.size=20782, videoq.size=641390, eof=0
[2026-03-19 12:04:15.493] [info] [thread 30256] audio_stream: 1, video_stream: 0
[2026-03-19 12:04:15.493] [info] [thread 30256] read_thread loop: ret=0, pkt->stream_index=1, audioq.size=20782, videoq.size=646250, eof=0
[2026-03-19 12:04:15.494] [info] [thread 30256] audio_stream: 1, video_stream: 0
[2026-03-19 12:04:15.494] [info] [thread 30256] audio packet pts: 257024, audio_pkt_size=448
[2026-03-19 12:04:15.494] [info] [thread 30256] read_thread loop: ret=0, pkt->stream_index=0, audioq.size=21350, videoq.size=646250, eof=0
[2026-03-19 12:04:15.494] [info] [thread 30256] audio_stream: 1, video_stream: 0
[2026-03-19 12:04:15.495] [info] [thread 30256] read_thread loop: ret=0, pkt->stream_index=1, audioq.size=21350, videoq.size=650813, eof=0
[2026-03-19 12:04:15.495] [info] [thread 30256] audio_stream: 1, video_stream: 0
[2026-03-19 12:04:15.495] [info] [thread 30256] audio packet pts: 258048, audio_pkt_size=354
[2026-03-19 12:04:15.533] [info] [thread 29772] audio.nb_samples=1024, channels=2, channel_layout=stereo, format=8, sample_rate=44100
[2026-03-19 12:04:15.533] [info] [thread 29772] audio frame data pointers: data[0]=0x1f2aa220940, data[1]=0x1f2aa222980
[2026-03-19 12:04:15.533] [info] [thread 29772] audio.nb_samples=1024, channels=2, channel_layout=stereo, format=8, sample_rate=44100
[2026-03-19 12:04:15.533] [info] [thread 29772] audio frame data pointers: data[0]=0x1f2ac696cc0, data[1]=0x1f2a9d61180
[2026-03-19 12:04:15.538] [info] [thread 30256] read_thread loop: ret=0, pkt->stream_index=0, audioq.size=20857, videoq.size=630003, eof=0
[2026-03-19 12:04:15.538] [info] [thread 30256] audio_stream: 1, video_stream: 0
[2026-03-19 12:04:15.539] [info] [thread 30256] read_thread loop: ret=0, pkt->stream_index=0, audioq.size=20857, videoq.size=648240, eof=0
[2026-03-19 12:04:15.540] [info] [thread 30256] audio_stream: 1, video_stream: 0
[2026-03-19 12:04:15.540] [info] [thread 30256] read_thread loop: ret=0, pkt->stream_index=1, audioq.size=20857, videoq.size=656367, eof=0
[2026-03-19 12:04:15.541] [info] [thread 30256] audio_stream: 1, video_stream: 0
[2026-03-19 12:04:15.541] [info] [thread 30256] audio packet pts: 259072, audio_pkt_size=350
[2026-03-19 12:04:15.541] [info] [thread 30256] read_thread loop: ret=0, pkt->stream_index=0, audioq.size=21327, videoq.size=656367, eof=0
[2026-03-19 12:04:15.542] [info] [thread 30256] audio_stream: 1, video_stream: 0
[2026-03-19 12:04:15.542] [info] [thread 30256] read_thread loop: ret=0, pkt->stream_index=1, audioq.size=21327, videoq.size=661447, eof=0
[2026-03-19 12:04:15.542] [info] [thread 30256] audio_stream: 1, video_stream: 0
[2026-03-19 12:04:15.542] [info] [thread 30256] audio packet pts: 260096, audio_pkt_size=350
[2026-03-19 12:04:15.573] [info] [thread 29772] audio.nb_samples=1024, channels=2, channel_layout=stereo, format=8, sample_rate=44100
[2026-03-19 12:04:15.573] [info] [thread 29772] audio frame data pointers: data[0]=0x1f2a9d63380, data[1]=0x1f2a9d65580
[2026-03-19 12:04:15.573] [info] [thread 29772] audio.nb_samples=1024, channels=2, channel_layout=stereo, format=8, sample_rate=44100
[2026-03-19 12:04:15.574] [info] [thread 29772] audio frame data pointers: data[0]=0x1f2a9d5ef80, data[1]=0x1f2a9d699c0
[2026-03-19 12:04:15.575] [info] [thread 30256] read_thread loop: ret=0, pkt->stream_index=0, audioq.size=20814, videoq.size=636038, eof=0
[2026-03-19 12:04:15.575] [info] [thread 30256] audio_stream: 1, video_stream: 0
[2026-03-19 12:04:15.575] [info] [thread 30256] read_thread loop: ret=0, pkt->stream_index=1, audioq.size=20814, videoq.size=640889, eof=0
[2026-03-19 12:04:15.576] [info] [thread 30256] audio_stream: 1, video_stream: 0
[2026-03-19 12:04:15.576] [info] [thread 30256] audio packet pts: 261120, audio_pkt_size=355
[2026-03-19 12:04:15.576] [info] [thread 30256] read_thread loop: ret=0, pkt->stream_index=0, audioq.size=21289, videoq.size=640889, eof=0
[2026-03-19 12:04:15.577] [info] [thread 30256] audio_stream: 1, video_stream: 0
[2026-03-19 12:04:15.577] [info] [thread 30256] read_thread loop: ret=0, pkt->stream_index=0, audioq.size=21289, videoq.size=662309, eof=0
[2026-03-19 12:04:15.580] [info] [thread 30256] audio_stream: 1, video_stream: 0
[2026-03-19 12:04:15.581] [info] [thread 30256] read_thread loop: ret=0, pkt->stream_index=1, audioq.size=21289, videoq.size=671812, eof=0
[2026-03-19 12:04:15.581] [info] [thread 30256] audio_stream: 1, video_stream: 0
[2026-03-19 12:04:15.581] [info] [thread 30256] audio packet pts: 262144, audio_pkt_size=334
[2026-03-19 12:04:15.622] [info] [thread 29772] audio.nb_samples=1024, channels=2, channel_layout=stereo, format=8, sample_rate=44100
[2026-03-19 12:04:15.623] [info] [thread 29772] audio frame data pointers: data[0]=0x1f2a9d677c0, data[1]=0x1f2a9d6bbc0
[2026-03-19 12:04:15.623] [info] [thread 29772] audio.nb_samples=1024, channels=2, channel_layout=stereo, format=8, sample_rate=44100
[2026-03-19 12:04:15.624] [info] [thread 29772] audio frame data pointers: data[0]=0x1f2a9d70000, data[1]=0x1f2a9d6ddc0
[2026-03-19 12:04:15.634] [info] [thread 30256] read_thread loop: ret=0, pkt->stream_index=0, audioq.size=20771, videoq.size=635484, eof=0
[2026-03-19 12:04:15.635] [info] [thread 30256] audio_stream: 1, video_stream: 0
[2026-03-19 12:04:15.636] [info] [thread 30256] read_thread loop: ret=0, pkt->stream_index=1, audioq.size=20771, videoq.size=641364, eof=0
[2026-03-19 12:04:15.636] [info] [thread 30256] audio_stream: 1, video_stream: 0
[2026-03-19 12:04:15.637] [info] [thread 30256] audio packet pts: 263168, audio_pkt_size=349
[2026-03-19 12:04:15.637] [info] [thread 30256] read_thread loop: ret=0, pkt->stream_index=0, audioq.size=21240, videoq.size=641364, eof=0
[2026-03-19 12:04:15.637] [info] [thread 30256] audio_stream: 1, video_stream: 0
[2026-03-19 12:04:15.638] [info] [thread 30256] read_thread loop: ret=0, pkt->stream_index=0, audioq.size=21240, videoq.size=647149, eof=0
[2026-03-19 12:04:15.638] [info] [thread 30256] audio_stream: 1, video_stream: 0
[2026-03-19 12:04:15.638] [info] [thread 30256] read_thread loop: ret=0, pkt->stream_index=1, audioq.size=21240, videoq.size=666186, eof=0
[2026-03-19 12:04:15.638] [info] [thread 30256] audio_stream: 1, video_stream: 0
[2026-03-19 12:04:15.639] [info] [thread 30256] audio packet pts: 264192, audio_pkt_size=345
[2026-03-19 12:04:15.663] [info] [thread 29772] audio.nb_samples=1024, channels=2, channel_layout=stereo, format=8, sample_rate=44100
[2026-03-19 12:04:15.663] [info] [thread 29772] audio frame data pointers: data[0]=0x1f2a9d78840, data[1]=0x1f2a9d76600
[2026-03-19 12:04:15.664] [info] [thread 29772] audio.nb_samples=1024, channels=2, channel_layout=stereo, format=8, sample_rate=44100
[2026-03-19 12:04:15.664] [info] [thread 29772] audio frame data pointers: data[0]=0x1f2a9d72200, data[1]=0x1f2a9d7aa40
[2026-03-19 12:04:15.681] [info] [thread 30256] read_thread loop: ret=0, pkt->stream_index=0, audioq.size=20632, videoq.size=636777, eof=0
[2026-03-19 12:04:15.682] [info] [thread 30256] audio_stream: 1, video_stream: 0
[2026-03-19 12:04:15.682] [info] [thread 30256] read_thread loop: ret=0, pkt->stream_index=1, audioq.size=20632, videoq.size=643446, eof=0
[2026-03-19 12:04:15.682] [info] [thread 30256] audio_stream: 1, video_stream: 0
[2026-03-19 12:04:15.682] [info] [thread 30256] audio packet pts: 265216, audio_pkt_size=376
[2026-03-19 12:04:15.684] [info] [thread 30256] read_thread loop: ret=0, pkt->stream_index=0, audioq.size=21128, videoq.size=643446, eof=0
[2026-03-19 12:04:15.684] [info] [thread 30256] audio_stream: 1, video_stream: 0
[2026-03-19 12:04:15.684] [info] [thread 30256] read_thread loop: ret=0, pkt->stream_index=1, audioq.size=21128, videoq.size=649230, eof=0
[2026-03-19 12:04:15.687] [info] [thread 30256] audio_stream: 1, video_stream: 0
[2026-03-19 12:04:15.688] [info] [thread 30256] audio packet pts: 266240, audio_pkt_size=329
[2026-03-19 12:04:15.712] [info] [thread 29772] audio.nb_samples=1024, channels=2, channel_layout=stereo, format=8, sample_rate=44100
[2026-03-19 12:04:15.713] [info] [thread 29772] audio frame data pointers: data[0]=0x1f2a9d74400, data[1]=0x1f2a9d7cc40
[2026-03-19 12:04:15.713] [info] [thread 29772] audio.nb_samples=1024, channels=2, channel_layout=stereo, format=8, sample_rate=44100
[2026-03-19 12:04:15.713] [info] [thread 29772] audio frame data pointers: data[0]=0x1f2aca5c100, data[1]=0x1f2aca59f00
[2026-03-19 12:04:15.729] [info] [thread 30256] read_thread loop: ret=0, pkt->stream_index=0, audioq.size=20630, videoq.size=633575, eof=0
[2026-03-19 12:04:15.740] [info] [thread 30256] audio_stream: 1, video_stream: 0
[2026-03-19 12:04:15.743] [info] [thread 30256] read_thread loop: ret=0, pkt->stream_index=0, audioq.size=20630, videoq.size=632441, eof=0
[2026-03-19 12:04:15.747] [info] [thread 30256] audio_stream: 1, video_stream: 0
[2026-03-19 12:04:15.748] [info] [thread 30256] read_thread loop: ret=0, pkt->stream_index=1, audioq.size=20630, videoq.size=647613, eof=0
[2026-03-19 12:04:15.749] [info] [thread 30256] audio_stream: 1, video_stream: 0
[2026-03-19 12:04:15.749] [info] [thread 30256] audio packet pts: 267264, audio_pkt_size=343
[2026-03-19 12:04:15.750] [info] [thread 30256] read_thread loop: ret=0, pkt->stream_index=0, audioq.size=21093, videoq.size=633748, eof=0
[2026-03-19 12:04:15.750] [info] [thread 30256] audio_stream: 1, video_stream: 0
[2026-03-19 12:04:15.750] [info] [thread 30256] read_thread loop: ret=0, pkt->stream_index=1, audioq.size=21093, videoq.size=640295, eof=0
[2026-03-19 12:04:15.751] [info] [thread 30256] audio_stream: 1, video_stream: 0
[2026-03-19 12:04:15.751] [info] [thread 30256] audio packet pts: 268288, audio_pkt_size=353
[2026-03-19 12:04:15.762] [info] [thread 29772] audio.nb_samples=1024, channels=2, channel_layout=stereo, format=8, sample_rate=44100
[2026-03-19 12:04:15.763] [info] [thread 29772] audio frame data pointers: data[0]=0x1f2aa222980, data[1]=0x1f2aa220940
[2026-03-19 12:04:15.763] [info] [thread 29772] audio.nb_samples=1024, channels=2, channel_layout=stereo, format=8, sample_rate=44100
[2026-03-19 12:04:15.763] [info] [thread 29772] audio frame data pointers: data[0]=0x1f2a9d61180, data[1]=0x1f2ac696cc0
[2026-03-19 12:04:15.772] [info] [thread 30256] read_thread loop: ret=0, pkt->stream_index=0, audioq.size=20525, videoq.size=632657, eof=0
[2026-03-19 12:04:15.772] [info] [thread 30256] audio_stream: 1, video_stream: 0
[2026-03-19 12:04:15.772] [info] [thread 30256] read_thread loop: ret=0, pkt->stream_index=0, audioq.size=20525, videoq.size=636031, eof=0
[2026-03-19 12:04:15.772] [info] [thread 30256] audio_stream: 1, video_stream: 0
[2026-03-19 12:04:15.774] [info] [thread 30256] read_thread loop: ret=0, pkt->stream_index=1, audioq.size=20525, videoq.size=639948, eof=0
[2026-03-19 12:04:15.776] [info] [thread 30256] audio_stream: 1, video_stream: 0
[2026-03-19 12:04:15.777] [info] [thread 30256] audio packet pts: 269312, audio_pkt_size=366
[2026-03-19 12:04:15.777] [info] [thread 30256] read_thread loop: ret=0, pkt->stream_index=0, audioq.size=21011, videoq.size=639948, eof=0
[2026-03-19 12:04:15.777] [info] [thread 30256] audio_stream: 1, video_stream: 0
[2026-03-19 12:04:15.778] [info] [thread 30256] read_thread loop: ret=0, pkt->stream_index=1, audioq.size=21011, videoq.size=655391, eof=0
[2026-03-19 12:04:15.778] [info] [thread 30256] audio_stream: 1, video_stream: 0
[2026-03-19 12:04:15.778] [info] [thread 30256] audio packet pts: 270336, audio_pkt_size=394
[2026-03-19 12:04:15.802] [info] [thread 29772] audio.nb_samples=1024, channels=2, channel_layout=stereo, format=8, sample_rate=44100
[2026-03-19 12:04:15.803] [info] [thread 29772] audio frame data pointers: data[0]=0x1f2a9d65580, data[1]=0x1f2a9d63380
[2026-03-19 12:04:15.803] [info] [thread 29772] audio.nb_samples=1024, channels=2, channel_layout=stereo, format=8, sample_rate=44100
[2026-03-19 12:04:15.803] [info] [thread 29772] audio frame data pointers: data[0]=0x1f2a9d699c0, data[1]=0x1f2a9d5ef80
[2026-03-19 12:04:15.810] [info] [thread 30256] read_thread loop: ret=0, pkt->stream_index=0, audioq.size=20587, videoq.size=645961, eof=0
[2026-03-19 12:04:15.810] [info] [thread 30256] audio_stream: 1, video_stream: 0
[2026-03-19 12:04:15.811] [info] [thread 30256] read_thread loop: ret=0, pkt->stream_index=1, audioq.size=20587, videoq.size=652464, eof=0
[2026-03-19 12:04:15.811] [info] [thread 30256] audio_stream: 1, video_stream: 0
[2026-03-19 12:04:15.811] [info] [thread 30256] audio packet pts: 271360, audio_pkt_size=407
[2026-03-19 12:04:15.813] [info] [thread 30256] read_thread loop: ret=0, pkt->stream_index=0, audioq.size=21114, videoq.size=652464, eof=0
[2026-03-19 12:04:15.814] [info] [thread 30256] audio_stream: 1, video_stream: 0
[2026-03-19 12:04:15.814] [info] [thread 30256] read_thread loop: ret=0, pkt->stream_index=0, audioq.size=21114, videoq.size=657100, eof=0
[2026-03-19 12:04:15.814] [info] [thread 30256] audio_stream: 1, video_stream: 0
[2026-03-19 12:04:15.814] [info] [thread 30256] read_thread loop: ret=0, pkt->stream_index=1, audioq.size=21114, videoq.size=660643, eof=0
[2026-03-19 12:04:15.816] [info] [thread 30256] audio_stream: 1, video_stream: 0
[2026-03-19 12:04:15.817] [info] [thread 30256] audio packet pts: 272384, audio_pkt_size=414
[2026-03-19 12:04:15.852] [info] [thread 29772] audio.nb_samples=1024, channels=2, channel_layout=stereo, format=8, sample_rate=44100
[2026-03-19 12:04:15.853] [info] [thread 29772] audio frame data pointers: data[0]=0x1f2a9d6bbc0, data[1]=0x1f2a9d677c0
[2026-03-19 12:04:15.853] [info] [thread 29772] audio.nb_samples=1024, channels=2, channel_layout=stereo, format=8, sample_rate=44100
[2026-03-19 12:04:15.853] [info] [thread 29772] audio frame data pointers: data[0]=0x1f2a9d6ddc0, data[1]=0x1f2a9d70000
[2026-03-19 12:04:15.871] [info] [thread 30256] read_thread loop: ret=0, pkt->stream_index=0, audioq.size=20493, videoq.size=621561, eof=0
[2026-03-19 12:04:15.871] [info] [thread 30256] audio_stream: 1, video_stream: 0
[2026-03-19 12:04:15.871] [info] [thread 30256] read_thread loop: ret=0, pkt->stream_index=1, audioq.size=20493, videoq.size=633140, eof=0
[2026-03-19 12:04:15.871] [info] [thread 30256] audio_stream: 1, video_stream: 0
[2026-03-19 12:04:15.872] [info] [thread 30256] audio packet pts: 273408, audio_pkt_size=404
[2026-03-19 12:04:15.872] [info] [thread 30256] read_thread loop: ret=0, pkt->stream_index=0, audioq.size=21017, videoq.size=633140, eof=0
[2026-03-19 12:04:15.872] [info] [thread 30256] audio_stream: 1, video_stream: 0
[2026-03-19 12:04:15.872] [info] [thread 30256] read_thread loop: ret=0, pkt->stream_index=0, audioq.size=21017, videoq.size=638839, eof=0
[2026-03-19 12:04:15.873] [info] [thread 30256] audio_stream: 1, video_stream: 0
[2026-03-19 12:04:15.873] [info] [thread 30256] read_thread loop: ret=0, pkt->stream_index=1, audioq.size=21017, videoq.size=641501, eof=0
[2026-03-19 12:04:15.873] [info] [thread 30256] audio_stream: 1, video_stream: 0
[2026-03-19 12:04:15.873] [info] [thread 30256] audio packet pts: 274432, audio_pkt_size=506
[2026-03-19 12:04:15.902] [info] [thread 29772] audio.nb_samples=1024, channels=2, channel_layout=stereo, format=8, sample_rate=44100
[2026-03-19 12:04:15.903] [info] [thread 29772] audio frame data pointers: data[0]=0x1f2a9d76600, data[1]=0x1f2a9d78840
[2026-03-19 12:04:15.903] [info] [thread 29772] audio.nb_samples=1024, channels=2, channel_layout=stereo, format=8, sample_rate=44100
[2026-03-19 12:04:15.903] [info] [thread 29772] audio frame data pointers: data[0]=0x1f2a9d7aa40, data[1]=0x1f2a9d72200
[2026-03-19 12:04:15.904] [info] [thread 30256] read_thread loop: ret=0, pkt->stream_index=0, audioq.size=20661, videoq.size=616810, eof=0
[2026-03-19 12:04:15.904] [info] [thread 30256] audio_stream: 1, video_stream: 0
[2026-03-19 12:04:15.905] [info] [thread 30256] read_thread loop: ret=0, pkt->stream_index=1, audioq.size=20661, videoq.size=620489, eof=0
[2026-03-19 12:04:15.905] [info] [thread 30256] audio_stream: 1, video_stream: 0
[2026-03-19 12:04:15.905] [info] [thread 30256] audio packet pts: 275456, audio_pkt_size=335
[2026-03-19 12:04:15.905] [info] [thread 30256] read_thread loop: ret=0, pkt->stream_index=0, audioq.size=21116, videoq.size=620489, eof=0
[2026-03-19 12:04:15.906] [info] [thread 30256] audio_stream: 1, video_stream: 0
[2026-03-19 12:04:15.906] [info] [thread 30256] read_thread loop: ret=0, pkt->stream_index=1, audioq.size=21116, videoq.size=633315, eof=0
[2026-03-19 12:04:15.906] [info] [thread 30256] audio_stream: 1, video_stream: 0
[2026-03-19 12:04:15.906] [info] [thread 30256] audio packet pts: 276480, audio_pkt_size=377
[2026-03-19 12:04:15.942] [info] [thread 29772] audio.nb_samples=1024, channels=2, channel_layout=stereo, format=8, sample_rate=44100
[2026-03-19 12:04:15.943] [info] [thread 29772] audio frame data pointers: data[0]=0x1f2a9d7cc40, data[1]=0x1f2a9d74400
[2026-03-19 12:04:15.943] [info] [thread 29772] audio.nb_samples=1024, channels=2, channel_layout=stereo, format=8, sample_rate=44100
[2026-03-19 12:04:15.943] [info] [thread 29772] audio frame data pointers: data[0]=0x1f2aca59f00, data[1]=0x1f2aca5c100
[2026-03-19 12:04:15.949] [info] [thread 30256] read_thread loop: ret=0, pkt->stream_index=0, audioq.size=20707, videoq.size=603850, eof=0
[2026-03-19 12:04:15.950] [info] [thread 30256] audio_stream: 1, video_stream: 0
[2026-03-19 12:04:15.950] [info] [thread 30256] read_thread loop: ret=0, pkt->stream_index=0, audioq.size=20707, videoq.size=609372, eof=0
[2026-03-19 12:04:15.950] [info] [thread 30256] audio_stream: 1, video_stream: 0
[2026-03-19 12:04:15.950] [info] [thread 30256] read_thread loop: ret=0, pkt->stream_index=1, audioq.size=20707, videoq.size=612164, eof=0
[2026-03-19 12:04:15.950] [info] [thread 30256] audio_stream: 1, video_stream: 0
[2026-03-19 12:04:15.950] [info] [thread 30256] audio packet pts: 277504, audio_pkt_size=413
[2026-03-19 12:04:15.951] [info] [thread 30256] read_thread loop: ret=0, pkt->stream_index=0, audioq.size=21240, videoq.size=612164, eof=0
[2026-03-19 12:04:15.951] [info] [thread 30256] audio_stream: 1, video_stream: 0
[2026-03-19 12:04:15.951] [info] [thread 30256] read_thread loop: ret=0, pkt->stream_index=1, audioq.size=21240, videoq.size=616009, eof=0
[2026-03-19 12:04:15.951] [info] [thread 30256] audio_stream: 1, video_stream: 0
[2026-03-19 12:04:15.952] [info] [thread 30256] audio packet pts: 278528, audio_pkt_size=389
[2026-03-19 12:04:15.992] [info] [thread 29772] audio.nb_samples=1024, channels=2, channel_layout=stereo, format=8, sample_rate=44100
[2026-03-19 12:04:15.993] [info] [thread 29772] audio frame data pointers: data[0]=0x1f2aa220940, data[1]=0x1f2aa222980
[2026-03-19 12:04:15.993] [info] [thread 29772] audio.nb_samples=1024, channels=2, channel_layout=stereo, format=8, sample_rate=44100
[2026-03-19 12:04:15.993] [info] [thread 29772] audio frame data pointers: data[0]=0x1f2ac696cc0, data[1]=0x1f2a9d61180
[2026-03-19 12:04:15.994] [info] [thread 30256] read_thread loop: ret=0, pkt->stream_index=0, audioq.size=20825, videoq.size=598191, eof=0
[2026-03-19 12:04:15.994] [info] [thread 30256] audio_stream: 1, video_stream: 0
[2026-03-19 12:04:15.994] [info] [thread 30256] read_thread loop: ret=0, pkt->stream_index=1, audioq.size=20825, videoq.size=613543, eof=0
[2026-03-19 12:04:15.994] [info] [thread 30256] audio_stream: 1, video_stream: 0
[2026-03-19 12:04:15.994] [info] [thread 30256] audio packet pts: 279552, audio_pkt_size=354
[2026-03-19 12:04:15.995] [info] [thread 30256] read_thread loop: ret=0, pkt->stream_index=0, audioq.size=21299, videoq.size=613543, eof=0
[2026-03-19 12:04:15.995] [info] [thread 30256] audio_stream: 1, video_stream: 0
[2026-03-19 12:04:15.995] [info] [thread 30256] read_thread loop: ret=0, pkt->stream_index=0, audioq.size=21299, videoq.size=621433, eof=0
[2026-03-19 12:04:15.995] [info] [thread 30256] audio_stream: 1, video_stream: 0
[2026-03-19 12:04:15.995] [info] [thread 30256] read_thread loop: ret=0, pkt->stream_index=1, audioq.size=21299, videoq.size=626460, eof=0
[2026-03-19 12:04:15.996] [info] [thread 30256] audio_stream: 1, video_stream: 0
[2026-03-19 12:04:15.996] [info] [thread 30256] audio packet pts: 280576, audio_pkt_size=426
[2026-03-19 12:04:16.042] [info] [thread 29772] audio.nb_samples=1024, channels=2, channel_layout=stereo, format=8, sample_rate=44100
[2026-03-19 12:04:16.043] [info] [thread 29772] audio frame data pointers: data[0]=0x1f2a9d63380, data[1]=0x1f2a9d65580
[2026-03-19 12:04:16.043] [info] [thread 29772] audio.nb_samples=1024, channels=2, channel_layout=stereo, format=8, sample_rate=44100
[2026-03-19 12:04:16.043] [info] [thread 29772] audio frame data pointers: data[0]=0x1f2a9d5ef80, data[1]=0x1f2a9d699c0
[2026-03-19 12:04:16.061] [info] [thread 30256] read_thread loop: ret=0, pkt->stream_index=0, audioq.size=20893, videoq.size=587455, eof=0
[2026-03-19 12:04:16.061] [info] [thread 30256] audio_stream: 1, video_stream: 0
[2026-03-19 12:04:16.061] [info] [thread 30256] read_thread loop: ret=0, pkt->stream_index=1, audioq.size=20893, videoq.size=591807, eof=0
[2026-03-19 12:04:16.061] [info] [thread 30256] audio_stream: 1, video_stream: 0
[2026-03-19 12:04:16.061] [info] [thread 30256] audio packet pts: 281600, audio_pkt_size=427
[2026-03-19 12:04:16.062] [info] [thread 30256] read_thread loop: ret=0, pkt->stream_index=0, audioq.size=21440, videoq.size=591807, eof=0
[2026-03-19 12:04:16.062] [info] [thread 30256] audio_stream: 1, video_stream: 0
[2026-03-19 12:04:16.062] [info] [thread 30256] read_thread loop: ret=0, pkt->stream_index=0, audioq.size=21440, videoq.size=605225, eof=0
[2026-03-19 12:04:16.062] [info] [thread 30256] audio_stream: 1, video_stream: 0
[2026-03-19 12:04:16.062] [info] [thread 30256] read_thread loop: ret=0, pkt->stream_index=1, audioq.size=21440, videoq.size=612423, eof=0
[2026-03-19 12:04:16.062] [info] [thread 30256] audio_stream: 1, video_stream: 0
[2026-03-19 12:04:16.063] [info] [thread 30256] audio packet pts: 282624, audio_pkt_size=385
[2026-03-19 12:04:16.082] [info] [thread 29772] audio.nb_samples=1024, channels=2, channel_layout=stereo, format=8, sample_rate=44100
[2026-03-19 12:04:16.083] [info] [thread 29772] audio frame data pointers: data[0]=0x1f2a9d677c0, data[1]=0x1f2a9d6bbc0
[2026-03-19 12:04:16.083] [info] [thread 29772] audio.nb_samples=1024, channels=2, channel_layout=stereo, format=8, sample_rate=44100
[2026-03-19 12:04:16.083] [info] [thread 29772] audio frame data pointers: data[0]=0x1f2a9d70000, data[1]=0x1f2a9d6ddc0
[2026-03-19 12:04:16.104] [info] [thread 30256] read_thread loop: ret=0, pkt->stream_index=0, audioq.size=20868, videoq.size=575449, eof=0
[2026-03-19 12:04:16.104] [info] [thread 30256] audio_stream: 1, video_stream: 0
[2026-03-19 12:04:16.104] [info] [thread 30256] read_thread loop: ret=0, pkt->stream_index=1, audioq.size=20868, videoq.size=579835, eof=0
[2026-03-19 12:04:16.105] [info] [thread 30256] audio_stream: 1, video_stream: 0
[2026-03-19 12:04:16.105] [info] [thread 30256] audio packet pts: 283648, audio_pkt_size=349
[2026-03-19 12:04:16.105] [info] [thread 30256] read_thread loop: ret=0, pkt->stream_index=0, audioq.size=21337, videoq.size=579835, eof=0
[2026-03-19 12:04:16.105] [info] [thread 30256] audio_stream: 1, video_stream: 0
[2026-03-19 12:04:16.105] [info] [thread 30256] read_thread loop: ret=0, pkt->stream_index=1, audioq.size=21337, videoq.size=584169, eof=0
[2026-03-19 12:04:16.106] [info] [thread 30256] audio_stream: 1, video_stream: 0
[2026-03-19 12:04:16.106] [info] [thread 30256] audio packet pts: 284672, audio_pkt_size=352
[2026-03-19 12:04:16.132] [info] [thread 29772] audio.nb_samples=1024, channels=2, channel_layout=stereo, format=8, sample_rate=44100
[2026-03-19 12:04:16.133] [info] [thread 29772] audio frame data pointers: data[0]=0x1f2a9d78840, data[1]=0x1f2a9d76600
[2026-03-19 12:04:16.133] [info] [thread 29772] audio.nb_samples=1024, channels=2, channel_layout=stereo, format=8, sample_rate=44100
[2026-03-19 12:04:16.133] [info] [thread 29772] audio frame data pointers: data[0]=0x1f2a9d72200, data[1]=0x1f2a9d7aa40
[2026-03-19 12:04:16.136] [info] [thread 30256] read_thread loop: ret=0, pkt->stream_index=0, audioq.size=20876, videoq.size=558410, eof=0
[2026-03-19 12:04:16.137] [info] [thread 30256] audio_stream: 1, video_stream: 0
[2026-03-19 12:04:16.137] [info] [thread 30256] read_thread loop: ret=0, pkt->stream_index=0, audioq.size=20876, videoq.size=574987, eof=0
[2026-03-19 12:04:16.137] [info] [thread 30256] audio_stream: 1, video_stream: 0
[2026-03-19 12:04:16.137] [info] [thread 30256] read_thread loop: ret=0, pkt->stream_index=1, audioq.size=20876, videoq.size=579767, eof=0
[2026-03-19 12:04:16.138] [info] [thread 30256] audio_stream: 1, video_stream: 0
[2026-03-19 12:04:16.138] [info] [thread 30256] audio packet pts: 285696, audio_pkt_size=346
[2026-03-19 12:04:16.138] [info] [thread 30256] read_thread loop: ret=0, pkt->stream_index=0, audioq.size=21342, videoq.size=579767, eof=0
[2026-03-19 12:04:16.138] [info] [thread 30256] audio_stream: 1, video_stream: 0
[2026-03-19 12:04:16.139] [info] [thread 30256] read_thread loop: ret=0, pkt->stream_index=1, audioq.size=21342, videoq.size=583220, eof=0
[2026-03-19 12:04:16.139] [info] [thread 30256] audio_stream: 1, video_stream: 0
[2026-03-19 12:04:16.139] [info] [thread 30256] audio packet pts: 286720, audio_pkt_size=330
[2026-03-19 12:04:16.183] [info] [thread 29772] audio.nb_samples=1024, channels=2, channel_layout=stereo, format=8, sample_rate=44100
[2026-03-19 12:04:16.183] [info] [thread 29772] audio frame data pointers: data[0]=0x1f2a9d74400, data[1]=0x1f2a9d7cc40
[2026-03-19 12:04:16.184] [info] [thread 29772] audio.nb_samples=1024, channels=2, channel_layout=stereo, format=8, sample_rate=44100
[2026-03-19 12:04:16.184] [info] [thread 29772] audio frame data pointers: data[0]=0x1f2aca5c100, data[1]=0x1f2aca59f00
[2026-03-19 12:04:16.191] [info] [thread 30256] read_thread loop: ret=0, pkt->stream_index=0, audioq.size=20848, videoq.size=556939, eof=0
[2026-03-19 12:04:16.192] [info] [thread 30256] audio_stream: 1, video_stream: 0
[2026-03-19 12:04:16.192] [info] [thread 30256] read_thread loop: ret=0, pkt->stream_index=0, audioq.size=20848, videoq.size=561114, eof=0
[2026-03-19 12:04:16.192] [info] [thread 30256] audio_stream: 1, video_stream: 0
[2026-03-19 12:04:16.192] [info] [thread 30256] read_thread loop: ret=0, pkt->stream_index=1, audioq.size=20848, videoq.size=581700, eof=0
[2026-03-19 12:04:16.192] [info] [thread 30256] audio_stream: 1, video_stream: 0
[2026-03-19 12:04:16.193] [info] [thread 30256] audio packet pts: 287744, audio_pkt_size=358
[2026-03-19 12:04:16.193] [info] [thread 30256] read_thread loop: ret=0, pkt->stream_index=0, audioq.size=21326, videoq.size=581700, eof=0
[2026-03-19 12:04:16.193] [info] [thread 30256] audio_stream: 1, video_stream: 0
[2026-03-19 12:04:16.193] [info] [thread 30256] read_thread loop: ret=0, pkt->stream_index=1, audioq.size=21326, videoq.size=588806, eof=0
[2026-03-19 12:04:16.193] [info] [thread 30256] audio_stream: 1, video_stream: 0
[2026-03-19 12:04:16.193] [info] [thread 30256] audio packet pts: 288768, audio_pkt_size=387
[2026-03-19 12:04:16.222] [info] [thread 29772] audio.nb_samples=1024, channels=2, channel_layout=stereo, format=8, sample_rate=44100
[2026-03-19 12:04:16.223] [info] [thread 29772] audio frame data pointers: data[0]=0x1f2aa222980, data[1]=0x1f2aa220940
[2026-03-19 12:04:16.223] [info] [thread 29772] audio.nb_samples=1024, channels=2, channel_layout=stereo, format=8, sample_rate=44100
[2026-03-19 12:04:16.223] [info] [thread 29772] audio frame data pointers: data[0]=0x1f2a9d61180, data[1]=0x1f2ac696cc0
[2026-03-19 12:04:16.223] [info] [thread 30256] read_thread loop: ret=0, pkt->stream_index=0, audioq.size=20887, videoq.size=568752, eof=0
[2026-03-19 12:04:16.224] [info] [thread 30256] audio_stream: 1, video_stream: 0
[2026-03-19 12:04:16.224] [info] [thread 30256] read_thread loop: ret=0, pkt->stream_index=1, audioq.size=20887, videoq.size=573268, eof=0
[2026-03-19 12:04:16.224] [info] [thread 30256] audio_stream: 1, video_stream: 0
[2026-03-19 12:04:16.224] [info] [thread 30256] audio packet pts: 289792, audio_pkt_size=387
[2026-03-19 12:04:16.224] [info] [thread 30256] read_thread loop: ret=0, pkt->stream_index=0, audioq.size=21394, videoq.size=573268, eof=0
[2026-03-19 12:04:16.224] [info] [thread 30256] audio_stream: 1, video_stream: 0
[2026-03-19 12:04:16.225] [info] [thread 30256] read_thread loop: ret=0, pkt->stream_index=0, audioq.size=21394, videoq.size=578232, eof=0
[2026-03-19 12:04:16.225] [info] [thread 30256] audio_stream: 1, video_stream: 0
[2026-03-19 12:04:16.225] [info] [thread 30256] read_thread loop: ret=0, pkt->stream_index=1, audioq.size=21394, videoq.size=592746, eof=0
[2026-03-19 12:04:16.225] [info] [thread 30256] audio_stream: 1, video_stream: 0
[2026-03-19 12:04:16.225] [info] [thread 30256] audio packet pts: 290816, audio_pkt_size=418
[2026-03-19 12:04:16.272] [info] [thread 29772] audio.nb_samples=1024, channels=2, channel_layout=stereo, format=8, sample_rate=44100
[2026-03-19 12:04:16.273] [info] [thread 29772] audio frame data pointers: data[0]=0x1f2a9d65580, data[1]=0x1f2a9d63380
[2026-03-19 12:04:16.273] [info] [thread 29772] audio.nb_samples=1024, channels=2, channel_layout=stereo, format=8, sample_rate=44100
[2026-03-19 12:04:16.273] [info] [thread 29772] audio frame data pointers: data[0]=0x1f2a9d699c0, data[1]=0x1f2a9d5ef80
[2026-03-19 12:04:16.277] [info] [thread 30256] read_thread loop: ret=0, pkt->stream_index=0, audioq.size=20973, videoq.size=578007, eof=0
[2026-03-19 12:04:16.277] [info] [thread 30256] audio_stream: 1, video_stream: 0
[2026-03-19 12:04:16.277] [info] [thread 30256] read_thread loop: ret=0, pkt->stream_index=1, audioq.size=20973, videoq.size=585776, eof=0
[2026-03-19 12:04:16.278] [info] [thread 30256] audio_stream: 1, video_stream: 0
[2026-03-19 12:04:16.278] [info] [thread 30256] audio packet pts: 291840, audio_pkt_size=422
[2026-03-19 12:04:16.278] [info] [thread 30256] read_thread loop: ret=0, pkt->stream_index=0, audioq.size=21515, videoq.size=585776, eof=0
[2026-03-19 12:04:16.279] [info] [thread 30256] audio_stream: 1, video_stream: 0
[2026-03-19 12:04:16.279] [info] [thread 30256] read_thread loop: ret=0, pkt->stream_index=0, audioq.size=21515, videoq.size=590856, eof=0
[2026-03-19 12:04:16.279] [info] [thread 30256] audio_stream: 1, video_stream: 0
[2026-03-19 12:04:16.280] [info] [thread 30256] read_thread loop: ret=0, pkt->stream_index=1, audioq.size=21515, videoq.size=595748, eof=0
[2026-03-19 12:04:16.281] [info] [thread 30256] audio_stream: 1, video_stream: 0
[2026-03-19 12:04:16.282] [info] [thread 30256] audio packet pts: 292864, audio_pkt_size=332
[2026-03-19 12:04:16.312] [info] [thread 29772] audio.nb_samples=1024, channels=2, channel_layout=stereo, format=8, sample_rate=44100
[2026-03-19 12:04:16.313] [info] [thread 29772] audio frame data pointers: data[0]=0x1f2a9d6bbc0, data[1]=0x1f2a9d677c0
[2026-03-19 12:04:16.313] [info] [thread 29772] audio.nb_samples=1024, channels=2, channel_layout=stereo, format=8, sample_rate=44100
[2026-03-19 12:04:16.313] [info] [thread 29772] audio frame data pointers: data[0]=0x1f2a9d6ddc0, data[1]=0x1f2a9d70000
[2026-03-19 12:04:16.324] [info] [thread 30256] read_thread loop: ret=0, pkt->stream_index=0, audioq.size=20916, videoq.size=586799, eof=0
[2026-03-19 12:04:16.324] [info] [thread 30256] audio_stream: 1, video_stream: 0
[2026-03-19 12:04:16.324] [info] [thread 30256] read_thread loop: ret=0, pkt->stream_index=1, audioq.size=20916, videoq.size=604440, eof=0
[2026-03-19 12:04:16.325] [info] [thread 30256] audio_stream: 1, video_stream: 0
[2026-03-19 12:04:16.325] [info] [thread 30256] audio packet pts: 293888, audio_pkt_size=347
[2026-03-19 12:04:16.325] [info] [thread 30256] read_thread loop: ret=0, pkt->stream_index=0, audioq.size=21383, videoq.size=604440, eof=0
[2026-03-19 12:04:16.325] [info] [thread 30256] audio_stream: 1, video_stream: 0
[2026-03-19 12:04:16.325] [info] [thread 30256] read_thread loop: ret=0, pkt->stream_index=1, audioq.size=21383, videoq.size=611765, eof=0
[2026-03-19 12:04:16.325] [info] [thread 30256] audio_stream: 1, video_stream: 0
[2026-03-19 12:04:16.326] [info] [thread 30256] audio packet pts: 294912, audio_pkt_size=341
[2026-03-19 12:04:16.363] [info] [thread 29772] audio.nb_samples=1024, channels=2, channel_layout=stereo, format=8, sample_rate=44100
[2026-03-19 12:04:16.363] [info] [thread 29772] audio frame data pointers: data[0]=0x1f2a9d76600, data[1]=0x1f2a9d78840
[2026-03-19 12:04:16.363] [info] [thread 29772] audio.nb_samples=1024, channels=2, channel_layout=stereo, format=8, sample_rate=44100
[2026-03-19 12:04:16.363] [info] [thread 29772] audio frame data pointers: data[0]=0x1f2a9d7aa40, data[1]=0x1f2a9d72200
[2026-03-19 12:04:16.366] [info] [thread 30256] read_thread loop: ret=0, pkt->stream_index=0, audioq.size=20886, videoq.size=595020, eof=0
[2026-03-19 12:04:16.366] [info] [thread 30256] audio_stream: 1, video_stream: 0
[2026-03-19 12:04:16.367] [info] [thread 30256] read_thread loop: ret=0, pkt->stream_index=0, audioq.size=20886, videoq.size=595389, eof=0
[2026-03-19 12:04:16.367] [info] [thread 30256] audio_stream: 1, video_stream: 0
[2026-03-19 12:04:16.367] [info] [thread 30256] read_thread loop: ret=0, pkt->stream_index=1, audioq.size=20886, videoq.size=601407, eof=0
[2026-03-19 12:04:16.367] [info] [thread 30256] audio_stream: 1, video_stream: 0
[2026-03-19 12:04:16.367] [info] [thread 30256] audio packet pts: 295936, audio_pkt_size=343
[2026-03-19 12:04:16.367] [info] [thread 30256] read_thread loop: ret=0, pkt->stream_index=0, audioq.size=21349, videoq.size=601407, eof=0
[2026-03-19 12:04:16.367] [info] [thread 30256] audio_stream: 1, video_stream: 0
[2026-03-19 12:04:16.368] [info] [thread 30256] read_thread loop: ret=0, pkt->stream_index=1, audioq.size=21349, videoq.size=626443, eof=0
[2026-03-19 12:04:16.368] [info] [thread 30256] audio_stream: 1, video_stream: 0
[2026-03-19 12:04:16.368] [info] [thread 30256] audio packet pts: 296960, audio_pkt_size=375
[2026-03-19 12:04:16.413] [info] [thread 29772] audio.nb_samples=1024, channels=2, channel_layout=stereo, format=8, sample_rate=44100
[2026-03-19 12:04:16.413] [info] [thread 29772] audio frame data pointers: data[0]=0x1f2a9d7cc40, data[1]=0x1f2a9d74400
[2026-03-19 12:04:16.413] [info] [thread 29772] audio.nb_samples=1024, channels=2, channel_layout=stereo, format=8, sample_rate=44100
[2026-03-19 12:04:16.413] [info] [thread 29772] audio frame data pointers: data[0]=0x1f2aca59f00, data[1]=0x1f2aca5c100
[2026-03-19 12:04:16.430] [info] [thread 30256] read_thread loop: ret=0, pkt->stream_index=0, audioq.size=20878, videoq.size=602857, eof=0
[2026-03-19 12:04:16.431] [info] [thread 30256] audio_stream: 1, video_stream: 0
[2026-03-19 12:04:16.432] [info] [thread 30256] read_thread loop: ret=0, pkt->stream_index=0, audioq.size=20878, videoq.size=617004, eof=0
[2026-03-19 12:04:16.432] [info] [thread 30256] audio_stream: 1, video_stream: 0
[2026-03-19 12:04:16.432] [info] [thread 30256] read_thread loop: ret=0, pkt->stream_index=1, audioq.size=20878, videoq.size=627609, eof=0
[2026-03-19 12:04:16.433] [info] [thread 30256] audio_stream: 1, video_stream: 0
[2026-03-19 12:04:16.433] [info] [thread 30256] audio packet pts: 297984, audio_pkt_size=410
[2026-03-19 12:04:16.433] [info] [thread 30256] read_thread loop: ret=0, pkt->stream_index=0, audioq.size=21408, videoq.size=623273, eof=0
[2026-03-19 12:04:16.434] [info] [thread 30256] audio_stream: 1, video_stream: 0
[2026-03-19 12:04:16.434] [info] [thread 30256] read_thread loop: ret=0, pkt->stream_index=1, audioq.size=21408, videoq.size=632262, eof=0
[2026-03-19 12:04:16.434] [info] [thread 30256] audio_stream: 1, video_stream: 0
[2026-03-19 12:04:16.434] [info] [thread 30256] audio packet pts: 299008, audio_pkt_size=333
[2026-03-19 12:04:16.452] [info] [thread 29772] audio.nb_samples=1024, channels=2, channel_layout=stereo, format=8, sample_rate=44100
[2026-03-19 12:04:16.453] [info] [thread 29772] audio frame data pointers: data[0]=0x1f2aa220940, data[1]=0x1f2aa222980
[2026-03-19 12:04:16.453] [info] [thread 29772] audio.nb_samples=1024, channels=2, channel_layout=stereo, format=8, sample_rate=44100
[2026-03-19 12:04:16.454] [info] [thread 29772] audio frame data pointers: data[0]=0x1f2ac696cc0, data[1]=0x1f2a9d61180
[2026-03-19 12:04:16.465] [info] [thread 30256] read_thread loop: ret=0, pkt->stream_index=0, audioq.size=20753, videoq.size=627388, eof=0
[2026-03-19 12:04:16.466] [info] [thread 30256] audio_stream: 1, video_stream: 0
[2026-03-19 12:04:16.466] [info] [thread 30256] read_thread loop: ret=0, pkt->stream_index=1, audioq.size=20753, videoq.size=631830, eof=0
[2026-03-19 12:04:16.467] [info] [thread 30256] audio_stream: 1, video_stream: 0
[2026-03-19 12:04:16.467] [info] [thread 30256] audio packet pts: 300032, audio_pkt_size=330
[2026-03-19 12:04:16.467] [info] [thread 30256] read_thread loop: ret=0, pkt->stream_index=0, audioq.size=21203, videoq.size=631830, eof=0
[2026-03-19 12:04:16.468] [info] [thread 30256] audio_stream: 1, video_stream: 0
[2026-03-19 12:04:16.468] [info] [thread 30256] read_thread loop: ret=0, pkt->stream_index=0, audioq.size=21203, videoq.size=642176, eof=0
[2026-03-19 12:04:16.468] [info] [thread 30256] audio_stream: 1, video_stream: 0
[2026-03-19 12:04:16.468] [info] [thread 30256] read_thread loop: ret=0, pkt->stream_index=1, audioq.size=21203, videoq.size=647818, eof=0
[2026-03-19 12:04:16.468] [info] [thread 30256] audio_stream: 1, video_stream: 0
[2026-03-19 12:04:16.469] [info] [thread 30256] audio packet pts: 301056, audio_pkt_size=399
[2026-03-19 12:04:16.502] [info] [thread 29772] audio.nb_samples=1024, channels=2, channel_layout=stereo, format=8, sample_rate=44100
[2026-03-19 12:04:16.503] [info] [thread 29772] audio frame data pointers: data[0]=0x1f2a9d63380, data[1]=0x1f2a9d65580
[2026-03-19 12:04:16.503] [info] [thread 29772] audio.nb_samples=1024, channels=2, channel_layout=stereo, format=8, sample_rate=44100
[2026-03-19 12:04:16.503] [info] [thread 29772] audio frame data pointers: data[0]=0x1f2a9d5ef80, data[1]=0x1f2a9d699c0
[2026-03-19 12:04:16.512] [info] [thread 30256] read_thread loop: ret=0, pkt->stream_index=0, audioq.size=20680, videoq.size=633328, eof=0
[2026-03-19 12:04:16.512] [info] [thread 30256] audio_stream: 1, video_stream: 0
[2026-03-19 12:04:16.513] [info] [thread 30256] read_thread loop: ret=0, pkt->stream_index=1, audioq.size=20680, videoq.size=640785, eof=0
[2026-03-19 12:04:16.513] [info] [thread 30256] audio_stream: 1, video_stream: 0
[2026-03-19 12:04:16.513] [info] [thread 30256] audio packet pts: 302080, audio_pkt_size=350
[2026-03-19 12:04:16.514] [info] [thread 30256] read_thread loop: ret=0, pkt->stream_index=0, audioq.size=21150, videoq.size=640785, eof=0
[2026-03-19 12:04:16.514] [info] [thread 30256] audio_stream: 1, video_stream: 0
[2026-03-19 12:04:16.514] [info] [thread 30256] read_thread loop: ret=0, pkt->stream_index=1, audioq.size=21150, videoq.size=656337, eof=0
[2026-03-19 12:04:16.514] [info] [thread 30256] audio_stream: 1, video_stream: 0
[2026-03-19 12:04:16.514] [info] [thread 30256] audio packet pts: 303104, audio_pkt_size=344
[2026-03-19 12:04:16.552] [info] [thread 29772] audio.nb_samples=1024, channels=2, channel_layout=stereo, format=8, sample_rate=44100
[2026-03-19 12:04:16.553] [info] [thread 29772] audio frame data pointers: data[0]=0x1f2a9d677c0, data[1]=0x1f2a9d6bbc0
[2026-03-19 12:04:16.553] [info] [thread 29772] audio.nb_samples=1024, channels=2, channel_layout=stereo, format=8, sample_rate=44100
[2026-03-19 12:04:16.553] [info] [thread 29772] audio frame data pointers: data[0]=0x1f2a9d70000, data[1]=0x1f2a9d6ddc0
[2026-03-19 12:04:16.556] [info] [thread 30256] read_thread loop: ret=0, pkt->stream_index=0, audioq.size=20674, videoq.size=621988, eof=0
[2026-03-19 12:04:16.556] [info] [thread 30256] audio_stream: 1, video_stream: 0
[2026-03-19 12:04:16.556] [info] [thread 30256] read_thread loop: ret=0, pkt->stream_index=0, audioq.size=20674, videoq.size=628374, eof=0
[2026-03-19 12:04:16.556] [info] [thread 30256] audio_stream: 1, video_stream: 0
[2026-03-19 12:04:16.557] [info] [thread 30256] read_thread loop: ret=0, pkt->stream_index=1, audioq.size=20674, videoq.size=631710, eof=0
[2026-03-19 12:04:16.557] [info] [thread 30256] audio_stream: 1, video_stream: 0
[2026-03-19 12:04:16.557] [info] [thread 30256] audio packet pts: 304128, audio_pkt_size=341
[2026-03-19 12:04:16.557] [info] [thread 30256] read_thread loop: ret=0, pkt->stream_index=0, audioq.size=21135, videoq.size=631710, eof=0
[2026-03-19 12:04:16.557] [info] [thread 30256] audio_stream: 1, video_stream: 0
[2026-03-19 12:04:16.557] [info] [thread 30256] read_thread loop: ret=0, pkt->stream_index=1, audioq.size=21135, videoq.size=637016, eof=0
[2026-03-19 12:04:16.558] [info] [thread 30256] audio_stream: 1, video_stream: 0
[2026-03-19 12:04:16.558] [info] [thread 30256] audio packet pts: 305152, audio_pkt_size=388
[2026-03-19 12:04:16.593] [info] [thread 29772] audio.nb_samples=1024, channels=2, channel_layout=stereo, format=8, sample_rate=44100
[2026-03-19 12:04:16.594] [info] [thread 29772] audio frame data pointers: data[0]=0x1f2a9d78840, data[1]=0x1f2a9d76600
[2026-03-19 12:04:16.594] [info] [thread 29772] audio.nb_samples=1024, channels=2, channel_layout=stereo, format=8, sample_rate=44100
[2026-03-19 12:04:16.594] [info] [thread 29772] audio frame data pointers: data[0]=0x1f2a9d72200, data[1]=0x1f2a9d7aa40
[2026-03-19 12:04:16.598] [info] [thread 30256] read_thread loop: ret=0, pkt->stream_index=0, audioq.size=20714, videoq.size=607920, eof=0
[2026-03-19 12:04:16.599] [info] [thread 30256] audio_stream: 1, video_stream: 0
[2026-03-19 12:04:16.599] [info] [thread 30256] read_thread loop: ret=0, pkt->stream_index=0, audioq.size=20714, videoq.size=621241, eof=0
[2026-03-19 12:04:16.600] [info] [thread 30256] audio_stream: 1, video_stream: 0
[2026-03-19 12:04:16.600] [info] [thread 30256] read_thread loop: ret=0, pkt->stream_index=1, audioq.size=20714, videoq.size=617485, eof=0
[2026-03-19 12:04:16.600] [info] [thread 30256] audio_stream: 1, video_stream: 0
[2026-03-19 12:04:16.601] [info] [thread 30256] audio packet pts: 306176, audio_pkt_size=493
[2026-03-19 12:04:16.601] [info] [thread 30256] read_thread loop: ret=0, pkt->stream_index=0, audioq.size=21327, videoq.size=617485, eof=0
[2026-03-19 12:04:16.601] [info] [thread 30256] audio_stream: 1, video_stream: 0
[2026-03-19 12:04:16.602] [info] [thread 30256] read_thread loop: ret=0, pkt->stream_index=1, audioq.size=21327, videoq.size=621434, eof=0
[2026-03-19 12:04:16.602] [info] [thread 30256] audio_stream: 1, video_stream: 0
[2026-03-19 12:04:16.602] [info] [thread 30256] audio packet pts: 307200, audio_pkt_size=403
[2026-03-19 12:04:16.642] [info] [thread 29772] audio.nb_samples=1024, channels=2, channel_layout=stereo, format=8, sample_rate=44100
[2026-03-19 12:04:16.643] [info] [thread 29772] audio frame data pointers: data[0]=0x1f2a9d74400, data[1]=0x1f2a9d7cc40
[2026-03-19 12:04:16.643] [info] [thread 29772] audio.nb_samples=1024, channels=2, channel_layout=stereo, format=8, sample_rate=44100
[2026-03-19 12:04:16.643] [info] [thread 29772] audio frame data pointers: data[0]=0x1f2aca5c100, data[1]=0x1f2aca59f00
[2026-03-19 12:04:16.644] [info] [thread 30256] read_thread loop: ret=0, pkt->stream_index=0, audioq.size=20916, videoq.size=606857, eof=0
[2026-03-19 12:04:16.644] [info] [thread 30256] audio_stream: 1, video_stream: 0
[2026-03-19 12:04:16.644] [info] [thread 30256] read_thread loop: ret=0, pkt->stream_index=1, audioq.size=20916, videoq.size=608657, eof=0
[2026-03-19 12:04:16.644] [info] [thread 30256] audio_stream: 1, video_stream: 0
[2026-03-19 12:04:16.645] [info] [thread 30256] audio packet pts: 308224, audio_pkt_size=360
[2026-03-19 12:04:16.645] [info] [thread 30256] read_thread loop: ret=0, pkt->stream_index=0, audioq.size=21396, videoq.size=608657, eof=0
[2026-03-19 12:04:16.645] [info] [thread 30256] audio_stream: 1, video_stream: 0
[2026-03-19 12:04:16.645] [info] [thread 30256] read_thread loop: ret=0, pkt->stream_index=0, audioq.size=21396, videoq.size=622082, eof=0
[2026-03-19 12:04:16.645] [info] [thread 30256] audio_stream: 1, video_stream: 0
[2026-03-19 12:04:16.645] [info] [thread 30256] read_thread loop: ret=0, pkt->stream_index=1, audioq.size=21396, videoq.size=629193, eof=0
[2026-03-19 12:04:16.645] [info] [thread 30256] audio_stream: 1, video_stream: 0
[2026-03-19 12:04:16.645] [info] [thread 30256] audio packet pts: 309248, audio_pkt_size=388
[2026-03-19 12:04:16.693] [info] [thread 29772] audio.nb_samples=1024, channels=2, channel_layout=stereo, format=8, sample_rate=44100
[2026-03-19 12:04:16.693] [info] [thread 29772] audio frame data pointers: data[0]=0x1f2aa222980, data[1]=0x1f2aa220940
[2026-03-19 12:04:16.693] [info] [thread 29772] audio.nb_samples=1024, channels=2, channel_layout=stereo, format=8, sample_rate=44100
[2026-03-19 12:04:16.693] [info] [thread 29772] audio frame data pointers: data[0]=0x1f2a9d61180, data[1]=0x1f2ac696cc0
[2026-03-19 12:04:16.697] [info] [thread 30256] read_thread loop: ret=0, pkt->stream_index=0, audioq.size=20959, videoq.size=599966, eof=0
[2026-03-19 12:04:16.698] [info] [thread 30256] audio_stream: 1, video_stream: 0
[2026-03-19 12:04:16.698] [info] [thread 30256] read_thread loop: ret=0, pkt->stream_index=1, audioq.size=20959, videoq.size=603635, eof=0
[2026-03-19 12:04:16.699] [info] [thread 30256] audio_stream: 1, video_stream: 0
[2026-03-19 12:04:16.699] [info] [thread 30256] audio packet pts: 310272, audio_pkt_size=414
[2026-03-19 12:04:16.699] [info] [thread 30256] read_thread loop: ret=0, pkt->stream_index=0, audioq.size=21493, videoq.size=603635, eof=0
[2026-03-19 12:04:16.699] [info] [thread 30256] audio_stream: 1, video_stream: 0
[2026-03-19 12:04:16.700] [info] [thread 30256] read_thread loop: ret=0, pkt->stream_index=0, audioq.size=21493, videoq.size=602553, eof=0
[2026-03-19 12:04:16.700] [info] [thread 30256] audio_stream: 1, video_stream: 0
[2026-03-19 12:04:16.700] [info] [thread 30256] read_thread loop: ret=0, pkt->stream_index=1, audioq.size=21493, videoq.size=617255, eof=0
[2026-03-19 12:04:16.701] [info] [thread 30256] audio_stream: 1, video_stream: 0
[2026-03-19 12:04:16.701] [info] [thread 30256] audio packet pts: 311296, audio_pkt_size=375
[2026-03-19 12:04:16.732] [info] [thread 29772] audio.nb_samples=1024, channels=2, channel_layout=stereo, format=8, sample_rate=44100
[2026-03-19 12:04:16.733] [info] [thread 29772] audio frame data pointers: data[0]=0x1f2a9d65580, data[1]=0x1f2a9d63380
[2026-03-19 12:04:16.733] [info] [thread 29772] audio.nb_samples=1024, channels=2, channel_layout=stereo, format=8, sample_rate=44100
[2026-03-19 12:04:16.733] [info] [thread 29772] audio frame data pointers: data[0]=0x1f2a9d699c0, data[1]=0x1f2a9d5ef80
[2026-03-19 12:04:16.742] [info] [thread 30256] read_thread loop: ret=0, pkt->stream_index=0, audioq.size=21052, videoq.size=590891, eof=0
[2026-03-19 12:04:16.743] [info] [thread 30256] audio_stream: 1, video_stream: 0
[2026-03-19 12:04:16.743] [info] [thread 30256] read_thread loop: ret=0, pkt->stream_index=1, audioq.size=21052, videoq.size=597588, eof=0
[2026-03-19 12:04:16.744] [info] [thread 30256] audio_stream: 1, video_stream: 0
[2026-03-19 12:04:16.744] [info] [thread 30256] audio packet pts: 312320, audio_pkt_size=340
[2026-03-19 12:04:16.744] [info] [thread 30256] read_thread loop: ret=0, pkt->stream_index=0, audioq.size=21512, videoq.size=597588, eof=0
[2026-03-19 12:04:16.744] [info] [thread 30256] audio_stream: 1, video_stream: 0
[2026-03-19 12:04:16.745] [info] [thread 30256] read_thread loop: ret=0, pkt->stream_index=1, audioq.size=21512, videoq.size=601713, eof=0
[2026-03-19 12:04:16.745] [info] [thread 30256] audio_stream: 1, video_stream: 0
[2026-03-19 12:04:16.745] [info] [thread 30256] audio packet pts: 313344, audio_pkt_size=338
[2026-03-19 12:04:16.783] [info] [thread 29772] audio.nb_samples=1024, channels=2, channel_layout=stereo, format=8, sample_rate=44100
[2026-03-19 12:04:16.783] [info] [thread 29772] audio frame data pointers: data[0]=0x1f2a9d6bbc0, data[1]=0x1f2a9d677c0
[2026-03-19 12:04:16.783] [info] [thread 29772] audio.nb_samples=1024, channels=2, channel_layout=stereo, format=8, sample_rate=44100
[2026-03-19 12:04:16.783] [info] [thread 29772] audio frame data pointers: data[0]=0x1f2a9d6ddc0, data[1]=0x1f2a9d70000
[2026-03-19 12:04:16.787] [info] [thread 30256] read_thread loop: ret=0, pkt->stream_index=0, audioq.size=20970, videoq.size=570362, eof=0
[2026-03-19 12:04:16.788] [info] [thread 30256] audio_stream: 1, video_stream: 0
[2026-03-19 12:04:16.788] [info] [thread 30256] read_thread loop: ret=0, pkt->stream_index=0, audioq.size=20970, videoq.size=575419, eof=0
[2026-03-19 12:04:16.789] [info] [thread 30256] audio_stream: 1, video_stream: 0
[2026-03-19 12:04:16.790] [info] [thread 30256] read_thread loop: ret=0, pkt->stream_index=1, audioq.size=20970, videoq.size=586114, eof=0
[2026-03-19 12:04:16.790] [info] [thread 30256] audio_stream: 1, video_stream: 0
[2026-03-19 12:04:16.790] [info] [thread 30256] audio packet pts: 314368, audio_pkt_size=334
[2026-03-19 12:04:16.790] [info] [thread 30256] read_thread loop: ret=0, pkt->stream_index=0, audioq.size=21424, videoq.size=586114, eof=0
[2026-03-19 12:04:16.791] [info] [thread 30256] audio_stream: 1, video_stream: 0
[2026-03-19 12:04:16.791] [info] [thread 30256] read_thread loop: ret=0, pkt->stream_index=1, audioq.size=21424, videoq.size=591347, eof=0
[2026-03-19 12:04:16.791] [info] [thread 30256] audio_stream: 1, video_stream: 0
[2026-03-19 12:04:16.791] [info] [thread 30256] audio packet pts: 315392, audio_pkt_size=352
[2026-03-19 12:04:16.833] [info] [thread 29772] audio.nb_samples=1024, channels=2, channel_layout=stereo, format=8, sample_rate=44100
[2026-03-19 12:04:16.833] [info] [thread 29772] audio frame data pointers: data[0]=0x1f2a9d76600, data[1]=0x1f2a9d78840
[2026-03-19 12:04:16.833] [info] [thread 30256] read_thread loop: ret=0, pkt->stream_index=0, audioq.size=21369, videoq.size=575964, eof=0
[2026-03-19 12:04:16.833] [info] [thread 29772] audio.nb_samples=1024, channels=2, channel_layout=stereo, format=8, sample_rate=44100
[2026-03-19 12:04:16.833] [info] [thread 30256] audio_stream: 1, video_stream: 0
[2026-03-19 12:04:16.834] [info] [thread 29772] audio frame data pointers: data[0]=0x1f2a9d7aa40, data[1]=0x1f2a9d72200
[2026-03-19 12:04:16.834] [info] [thread 30256] read_thread loop: ret=0, pkt->stream_index=0, audioq.size=20835, videoq.size=573936, eof=0
[2026-03-19 12:04:16.835] [info] [thread 30256] audio_stream: 1, video_stream: 0
[2026-03-19 12:04:16.835] [info] [thread 30256] read_thread loop: ret=0, pkt->stream_index=1, audioq.size=20835, videoq.size=577271, eof=0
[2026-03-19 12:04:16.835] [info] [thread 30256] audio_stream: 1, video_stream: 0
[2026-03-19 12:04:16.836] [info] [thread 30256] audio packet pts: 316416, audio_pkt_size=333
[2026-03-19 12:04:16.836] [info] [thread 30256] read_thread loop: ret=0, pkt->stream_index=0, audioq.size=21288, videoq.size=577271, eof=0
[2026-03-19 12:04:16.837] [info] [thread 30256] audio_stream: 1, video_stream: 0
[2026-03-19 12:04:16.837] [info] [thread 30256] read_thread loop: ret=0, pkt->stream_index=1, audioq.size=21288, videoq.size=589115, eof=0
[2026-03-19 12:04:16.837] [info] [thread 30256] audio_stream: 1, video_stream: 0
[2026-03-19 12:04:16.837] [info] [thread 30256] audio packet pts: 317440, audio_pkt_size=345
[2026-03-19 12:04:16.872] [info] [thread 29772] audio.nb_samples=1024, channels=2, channel_layout=stereo, format=8, sample_rate=44100
[2026-03-19 12:04:16.873] [info] [thread 29772] audio frame data pointers: data[0]=0x1f2a9d7cc40, data[1]=0x1f2a9d74400
[2026-03-19 12:04:16.873] [info] [thread 29772] audio.nb_samples=1024, channels=2, channel_layout=stereo, format=8, sample_rate=44100
[2026-03-19 12:04:16.873] [info] [thread 29772] audio frame data pointers: data[0]=0x1f2aca59f00, data[1]=0x1f2aca5c100
[2026-03-19 12:04:16.888] [info] [thread 30256] read_thread loop: ret=0, pkt->stream_index=0, audioq.size=20603, videoq.size=557625, eof=0
[2026-03-19 12:04:16.888] [info] [thread 30256] audio_stream: 1, video_stream: 0
[2026-03-19 12:04:16.889] [info] [thread 30256] read_thread loop: ret=0, pkt->stream_index=1, audioq.size=20603, videoq.size=563587, eof=0
[2026-03-19 12:04:16.889] [info] [thread 30256] audio_stream: 1, video_stream: 0
[2026-03-19 12:04:16.889] [info] [thread 30256] audio packet pts: 318464, audio_pkt_size=349
[2026-03-19 12:04:16.890] [info] [thread 30256] read_thread loop: ret=0, pkt->stream_index=0, audioq.size=21072, videoq.size=563587, eof=0
[2026-03-19 12:04:16.890] [info] [thread 30256] audio_stream: 1, video_stream: 0
[2026-03-19 12:04:16.890] [info] [thread 30256] read_thread loop: ret=0, pkt->stream_index=0, audioq.size=21072, videoq.size=567098, eof=0
[2026-03-19 12:04:16.890] [info] [thread 30256] audio_stream: 1, video_stream: 0
[2026-03-19 12:04:16.890] [info] [thread 30256] read_thread loop: ret=0, pkt->stream_index=1, audioq.size=21072, videoq.size=570537, eof=0
[2026-03-19 12:04:16.890] [info] [thread 30256] audio_stream: 1, video_stream: 0
[2026-03-19 12:04:16.891] [info] [thread 30256] audio packet pts: 319488, audio_pkt_size=358
[2026-03-19 12:04:16.922] [info] [thread 29772] audio.nb_samples=1024, channels=2, channel_layout=stereo, format=8, sample_rate=44100
[2026-03-19 12:04:16.923] [info] [thread 29772] audio frame data pointers: data[0]=0x1f2aa220940, data[1]=0x1f2aa222980
[2026-03-19 12:04:16.923] [info] [thread 29772] audio.nb_samples=1024, channels=2, channel_layout=stereo, format=8, sample_rate=44100
[2026-03-19 12:04:16.924] [info] [thread 29772] audio frame data pointers: data[0]=0x1f2ac696cc0, data[1]=0x1f2a9d61180
[2026-03-19 12:04:16.933] [info] [thread 30256] read_thread loop: ret=0, pkt->stream_index=0, audioq.size=20598, videoq.size=545152, eof=0
[2026-03-19 12:04:16.933] [info] [thread 30256] audio_stream: 1, video_stream: 0
[2026-03-19 12:04:16.934] [info] [thread 30256] read_thread loop: ret=0, pkt->stream_index=1, audioq.size=20598, videoq.size=557866, eof=0
[2026-03-19 12:04:16.934] [info] [thread 30256] audio_stream: 1, video_stream: 0
[2026-03-19 12:04:16.935] [info] [thread 30256] audio packet pts: 320512, audio_pkt_size=374
[2026-03-19 12:04:16.935] [info] [thread 30256] read_thread loop: ret=0, pkt->stream_index=0, audioq.size=21092, videoq.size=557866, eof=0
[2026-03-19 12:04:16.936] [info] [thread 30256] audio_stream: 1, video_stream: 0
[2026-03-19 12:04:16.936] [info] [thread 30256] read_thread loop: ret=0, pkt->stream_index=0, audioq.size=21092, videoq.size=564835, eof=0
[2026-03-19 12:04:16.936] [info] [thread 30256] audio_stream: 1, video_stream: 0
[2026-03-19 12:04:16.936] [info] [thread 30256] read_thread loop: ret=0, pkt->stream_index=1, audioq.size=21092, videoq.size=568303, eof=0
[2026-03-19 12:04:16.937] [info] [thread 30256] audio_stream: 1, video_stream: 0
[2026-03-19 12:04:16.937] [info] [thread 30256] audio packet pts: 321536, audio_pkt_size=348
[2026-03-19 12:04:16.973] [info] [thread 29772] audio.nb_samples=1024, channels=2, channel_layout=stereo, format=8, sample_rate=44100
[2026-03-19 12:04:16.973] [info] [thread 29772] audio frame data pointers: data[0]=0x1f2a9d63380, data[1]=0x1f2a9d65580
[2026-03-19 12:04:16.973] [info] [thread 29772] audio.nb_samples=1024, channels=2, channel_layout=stereo, format=8, sample_rate=44100
[2026-03-19 12:04:16.974] [info] [thread 29772] audio frame data pointers: data[0]=0x1f2a9d5ef80, data[1]=0x1f2a9d699c0
[2026-03-19 12:04:16.979] [info] [thread 30256] read_thread loop: ret=0, pkt->stream_index=0, audioq.size=20518, videoq.size=561012, eof=0
[2026-03-19 12:04:16.979] [info] [thread 30256] audio_stream: 1, video_stream: 0
[2026-03-19 12:04:16.980] [info] [thread 30256] read_thread loop: ret=0, pkt->stream_index=1, audioq.size=20518, videoq.size=564695, eof=0
[2026-03-19 12:04:16.980] [info] [thread 30256] audio_stream: 1, video_stream: 0
[2026-03-19 12:04:16.980] [info] [thread 30256] audio packet pts: 322560, audio_pkt_size=359
[2026-03-19 12:04:16.980] [info] [thread 30256] read_thread loop: ret=0, pkt->stream_index=0, audioq.size=20997, videoq.size=564695, eof=0
[2026-03-19 12:04:16.981] [info] [thread 30256] audio_stream: 1, video_stream: 0
[2026-03-19 12:04:16.981] [info] [thread 30256] read_thread loop: ret=0, pkt->stream_index=1, audioq.size=20997, videoq.size=582693, eof=0
[2026-03-19 12:04:16.981] [info] [thread 30256] audio_stream: 1, video_stream: 0
[2026-03-19 12:04:16.981] [info] [thread 30256] audio packet pts: 323584, audio_pkt_size=380
[2026-03-19 12:04:17.012] [info] [thread 29772] audio.nb_samples=1024, channels=2, channel_layout=stereo, format=8, sample_rate=44100
[2026-03-19 12:04:17.013] [info] [thread 29772] audio frame data pointers: data[0]=0x1f2a9d677c0, data[1]=0x1f2a9d6bbc0
[2026-03-19 12:04:17.013] [info] [thread 30256] read_thread loop: ret=0, pkt->stream_index=0, audioq.size=21023, videoq.size=560747, eof=0
[2026-03-19 12:04:17.013] [info] [thread 29772] audio.nb_samples=1024, channels=2, channel_layout=stereo, format=8, sample_rate=44100
[2026-03-19 12:04:17.013] [info] [thread 30256] audio_stream: 1, video_stream: 0
[2026-03-19 12:04:17.014] [info] [thread 29772] audio frame data pointers: data[0]=0x1f2a9d70000, data[1]=0x1f2a9d6ddc0
[2026-03-19 12:04:17.014] [info] [thread 30256] read_thread loop: ret=0, pkt->stream_index=0, audioq.size=20477, videoq.size=568715, eof=0
[2026-03-19 12:04:17.015] [info] [thread 30256] audio_stream: 1, video_stream: 0
[2026-03-19 12:04:17.015] [info] [thread 30256] read_thread loop: ret=0, pkt->stream_index=1, audioq.size=20477, videoq.size=573770, eof=0
[2026-03-19 12:04:17.015] [info] [thread 30256] audio_stream: 1, video_stream: 0
[2026-03-19 12:04:17.016] [info] [thread 30256] audio packet pts: 324608, audio_pkt_size=440
[2026-03-19 12:04:17.016] [info] [thread 30256] read_thread loop: ret=0, pkt->stream_index=0, audioq.size=21037, videoq.size=573770, eof=0
[2026-03-19 12:04:17.016] [info] [thread 30256] audio_stream: 1, video_stream: 0
[2026-03-19 12:04:17.017] [info] [thread 30256] read_thread loop: ret=0, pkt->stream_index=1, audioq.size=21037, videoq.size=581853, eof=0
[2026-03-19 12:04:17.017] [info] [thread 30256] audio_stream: 1, video_stream: 0
[2026-03-19 12:04:17.017] [info] [thread 30256] audio packet pts: 325632, audio_pkt_size=386
[2026-03-19 12:04:17.063] [info] [thread 29772] audio.nb_samples=1024, channels=2, channel_layout=stereo, format=8, sample_rate=44100
[2026-03-19 12:04:17.064] [info] [thread 29772] audio frame data pointers: data[0]=0x1f2a9d78840, data[1]=0x1f2a9d76600
[2026-03-19 12:04:17.064] [info] [thread 29772] audio.nb_samples=1024, channels=2, channel_layout=stereo, format=8, sample_rate=44100
[2026-03-19 12:04:17.064] [info] [thread 29772] audio frame data pointers: data[0]=0x1f2a9d72200, data[1]=0x1f2a9d7aa40
[2026-03-19 12:04:17.069] [info] [thread 30256] read_thread loop: ret=0, pkt->stream_index=0, audioq.size=20491, videoq.size=556396, eof=0
[2026-03-19 12:04:17.070] [info] [thread 30256] audio_stream: 1, video_stream: 0
[2026-03-19 12:04:17.070] [info] [thread 30256] read_thread loop: ret=0, pkt->stream_index=1, audioq.size=20491, videoq.size=570392, eof=0
[2026-03-19 12:04:17.071] [info] [thread 30256] audio_stream: 1, video_stream: 0
[2026-03-19 12:04:17.071] [info] [thread 30256] audio packet pts: 326656, audio_pkt_size=380
[2026-03-19 12:04:17.071] [info] [thread 30256] read_thread loop: ret=0, pkt->stream_index=0, audioq.size=20991, videoq.size=570392, eof=0
[2026-03-19 12:04:17.072] [info] [thread 30256] audio_stream: 1, video_stream: 0
[2026-03-19 12:04:17.072] [info] [thread 30256] read_thread loop: ret=0, pkt->stream_index=0, audioq.size=20991, videoq.size=613854, eof=0
[2026-03-19 12:04:17.072] [info] [thread 30256] audio_stream: 1, video_stream: 0
[2026-03-19 12:04:17.072] [info] [thread 30256] read_thread loop: ret=0, pkt->stream_index=1, audioq.size=20991, videoq.size=632059, eof=0
[2026-03-19 12:04:17.073] [info] [thread 30256] audio_stream: 1, video_stream: 0
[2026-03-19 12:04:17.073] [info] [thread 30256] audio packet pts: 327680, audio_pkt_size=387
[2026-03-19 12:04:17.102] [info] [thread 29772] audio.nb_samples=1024, channels=2, channel_layout=stereo, format=8, sample_rate=44100
[2026-03-19 12:04:17.103] [info] [thread 29772] audio frame data pointers: data[0]=0x1f2a9d74400, data[1]=0x1f2a9d7cc40
[2026-03-19 12:04:17.103] [info] [thread 29772] audio.nb_samples=1024, channels=2, channel_layout=stereo, format=8, sample_rate=44100
[2026-03-19 12:04:17.104] [info] [thread 29772] audio frame data pointers: data[0]=0x1f2aca5c100, data[1]=0x1f2aca59f00
[2026-03-19 12:04:17.104] [info] [thread 30256] read_thread loop: ret=0, pkt->stream_index=0, audioq.size=20557, videoq.size=625718, eof=0
[2026-03-19 12:04:17.105] [info] [thread 30256] audio_stream: 1, video_stream: 0
[2026-03-19 12:04:17.105] [info] [thread 30256] read_thread loop: ret=0, pkt->stream_index=1, audioq.size=20557, videoq.size=646974, eof=0
[2026-03-19 12:04:17.105] [info] [thread 30256] audio_stream: 1, video_stream: 0
[2026-03-19 12:04:17.106] [info] [thread 30256] audio packet pts: 328704, audio_pkt_size=358
[2026-03-19 12:04:17.106] [info] [thread 30256] read_thread loop: ret=0, pkt->stream_index=0, audioq.size=21035, videoq.size=646974, eof=0
[2026-03-19 12:04:17.106] [info] [thread 30256] audio_stream: 1, video_stream: 0
[2026-03-19 12:04:17.106] [info] [thread 30256] read_thread loop: ret=0, pkt->stream_index=0, audioq.size=21035, videoq.size=662643, eof=0
[2026-03-19 12:04:17.106] [info] [thread 30256] audio_stream: 1, video_stream: 0
[2026-03-19 12:04:17.106] [info] [thread 30256] read_thread loop: ret=0, pkt->stream_index=1, audioq.size=21035, videoq.size=670325, eof=0
[2026-03-19 12:04:17.107] [info] [thread 30256] audio_stream: 1, video_stream: 0
[2026-03-19 12:04:17.107] [info] [thread 30256] audio packet pts: 329728, audio_pkt_size=357
[2026-03-19 12:04:17.152] [info] [thread 29772] audio.nb_samples=1024, channels=2, channel_layout=stereo, format=8, sample_rate=44100
[2026-03-19 12:04:17.153] [info] [thread 29772] audio frame data pointers: data[0]=0x1f2aa222980, data[1]=0x1f2aa220940
[2026-03-19 12:04:17.153] [info] [thread 29772] audio.nb_samples=1024, channels=2, channel_layout=stereo, format=8, sample_rate=44100
[2026-03-19 12:04:17.154] [info] [thread 29772] audio frame data pointers: data[0]=0x1f2a9d61180, data[1]=0x1f2ac696cc0
[2026-03-19 12:04:17.169] [info] [thread 30256] read_thread loop: ret=0, pkt->stream_index=0, audioq.size=20596, videoq.size=645340, eof=0
[2026-03-19 12:04:17.169] [info] [thread 30256] audio_stream: 1, video_stream: 0
[2026-03-19 12:04:17.170] [info] [thread 30256] read_thread loop: ret=0, pkt->stream_index=1, audioq.size=20596, videoq.size=662559, eof=0
[2026-03-19 12:04:17.170] [info] [thread 30256] audio_stream: 1, video_stream: 0
[2026-03-19 12:04:17.171] [info] [thread 30256] audio packet pts: 330752, audio_pkt_size=397
[2026-03-19 12:04:17.171] [info] [thread 30256] read_thread loop: ret=0, pkt->stream_index=0, audioq.size=21113, videoq.size=662559, eof=0
[2026-03-19 12:04:17.171] [info] [thread 30256] audio_stream: 1, video_stream: 0
[2026-03-19 12:04:17.171] [info] [thread 30256] read_thread loop: ret=0, pkt->stream_index=1, audioq.size=21113, videoq.size=674543, eof=0
[2026-03-19 12:04:17.171] [info] [thread 30256] audio_stream: 1, video_stream: 0
[2026-03-19 12:04:17.172] [info] [thread 30256] audio packet pts: 331776, audio_pkt_size=396
[2026-03-19 12:04:17.203] [info] [thread 29772] audio.nb_samples=1024, channels=2, channel_layout=stereo, format=8, sample_rate=44100
[2026-03-19 12:04:17.203] [info] [thread 29772] audio frame data pointers: data[0]=0x1f2a9d65580, data[1]=0x1f2a9d63380
[2026-03-19 12:04:17.203] [info] [thread 29772] audio.nb_samples=1024, channels=2, channel_layout=stereo, format=8, sample_rate=44100
[2026-03-19 12:04:17.203] [info] [thread 29772] audio frame data pointers: data[0]=0x1f2a9d699c0, data[1]=0x1f2a9d5ef80
[2026-03-19 12:04:17.214] [info] [thread 30256] read_thread loop: ret=0, pkt->stream_index=0, audioq.size=20644, videoq.size=651301, eof=0
[2026-03-19 12:04:17.215] [info] [thread 30256] audio_stream: 1, video_stream: 0
[2026-03-19 12:04:17.215] [info] [thread 30256] read_thread loop: ret=0, pkt->stream_index=0, audioq.size=20644, videoq.size=660579, eof=0
[2026-03-19 12:04:17.216] [info] [thread 30256] audio_stream: 1, video_stream: 0
[2026-03-19 12:04:17.216] [info] [thread 30256] read_thread loop: ret=0, pkt->stream_index=1, audioq.size=20644, videoq.size=678722, eof=0
[2026-03-19 12:04:17.217] [info] [thread 30256] audio_stream: 1, video_stream: 0
[2026-03-19 12:04:17.217] [info] [thread 30256] audio packet pts: 332800, audio_pkt_size=387
[2026-03-19 12:04:17.217] [info] [thread 30256] read_thread loop: ret=0, pkt->stream_index=0, audioq.size=21151, videoq.size=673695, eof=0
[2026-03-19 12:04:17.218] [info] [thread 30256] audio_stream: 1, video_stream: 0
[2026-03-19 12:04:17.218] [info] [thread 30256] read_thread loop: ret=0, pkt->stream_index=1, audioq.size=21151, videoq.size=683101, eof=0
[2026-03-19 12:04:17.218] [info] [thread 30256] audio_stream: 1, video_stream: 0
[2026-03-19 12:04:17.218] [info] [thread 30256] audio packet pts: 333824, audio_pkt_size=341
[2026-03-19 12:04:17.243] [info] [thread 29772] audio.nb_samples=1024, channels=2, channel_layout=stereo, format=8, sample_rate=44100
[2026-03-19 12:04:17.243] [info] [thread 29772] audio frame data pointers: data[0]=0x1f2a9d6bbc0, data[1]=0x1f2a9d677c0
[2026-03-19 12:04:17.243] [info] [thread 29772] audio.nb_samples=1024, channels=2, channel_layout=stereo, format=8, sample_rate=44100
[2026-03-19 12:04:17.243] [info] [thread 29772] audio frame data pointers: data[0]=0x1f2a9d6ddc0, data[1]=0x1f2a9d70000
[2026-03-19 12:04:17.259] [info] [thread 30256] read_thread loop: ret=0, pkt->stream_index=0, audioq.size=20567, videoq.size=665331, eof=0
[2026-03-19 12:04:17.260] [info] [thread 30256] audio_stream: 1, video_stream: 0
[2026-03-19 12:04:17.261] [info] [thread 30256] read_thread loop: ret=0, pkt->stream_index=0, audioq.size=20567, videoq.size=672824, eof=0
[2026-03-19 12:04:17.261] [info] [thread 30256] audio_stream: 1, video_stream: 0
[2026-03-19 12:04:17.261] [info] [thread 30256] read_thread loop: ret=0, pkt->stream_index=1, audioq.size=20567, videoq.size=678125, eof=0
[2026-03-19 12:04:17.262] [info] [thread 30256] audio_stream: 1, video_stream: 0
[2026-03-19 12:04:17.262] [info] [thread 30256] audio packet pts: 334848, audio_pkt_size=337
[2026-03-19 12:04:17.262] [info] [thread 30256] read_thread loop: ret=0, pkt->stream_index=0, audioq.size=21024, videoq.size=678125, eof=0
[2026-03-19 12:04:17.262] [info] [thread 30256] audio_stream: 1, video_stream: 0
[2026-03-19 12:04:17.262] [info] [thread 30256] read_thread loop: ret=0, pkt->stream_index=1, audioq.size=21024, videoq.size=691395, eof=0
[2026-03-19 12:04:17.263] [info] [thread 30256] audio_stream: 1, video_stream: 0
[2026-03-19 12:04:17.263] [info] [thread 30256] audio packet pts: 335872, audio_pkt_size=344
[2026-03-19 12:04:17.293] [info] [thread 29772] audio.nb_samples=1024, channels=2, channel_layout=stereo, format=8, sample_rate=44100
[2026-03-19 12:04:17.293] [info] [thread 29772] audio frame data pointers: data[0]=0x1f2a9d76600, data[1]=0x1f2a9d78840
[2026-03-19 12:04:17.293] [info] [thread 29772] audio.nb_samples=1024, channels=2, channel_layout=stereo, format=8, sample_rate=44100
[2026-03-19 12:04:17.294] [info] [thread 29772] audio frame data pointers: data[0]=0x1f2a9d7aa40, data[1]=0x1f2a9d72200
[2026-03-19 12:04:17.304] [info] [thread 30256] read_thread loop: ret=0, pkt->stream_index=0, audioq.size=20494, videoq.size=675477, eof=0
[2026-03-19 12:04:17.304] [info] [thread 30256] audio_stream: 1, video_stream: 0
[2026-03-19 12:04:17.305] [info] [thread 30256] read_thread loop: ret=0, pkt->stream_index=1, audioq.size=20494, videoq.size=682483, eof=0
[2026-03-19 12:04:17.305] [info] [thread 30256] audio_stream: 1, video_stream: 0
[2026-03-19 12:04:17.306] [info] [thread 30256] audio packet pts: 336896, audio_pkt_size=352
[2026-03-19 12:04:17.306] [info] [thread 30256] read_thread loop: ret=0, pkt->stream_index=0, audioq.size=20966, videoq.size=682483, eof=0
[2026-03-19 12:04:17.306] [info] [thread 30256] audio_stream: 1, video_stream: 0
[2026-03-19 12:04:17.306] [info] [thread 30256] read_thread loop: ret=0, pkt->stream_index=0, audioq.size=20966, videoq.size=689062, eof=0
[2026-03-19 12:04:17.307] [info] [thread 30256] audio_stream: 1, video_stream: 0
[2026-03-19 12:04:17.307] [info] [thread 30256] read_thread loop: ret=0, pkt->stream_index=1, audioq.size=20966, videoq.size=703517, eof=0
[2026-03-19 12:04:17.307] [info] [thread 30256] audio_stream: 1, video_stream: 0
[2026-03-19 12:04:17.307] [info] [thread 30256] audio packet pts: 337920, audio_pkt_size=360
[2026-03-19 12:04:17.343] [info] [thread 29772] audio.nb_samples=1024, channels=2, channel_layout=stereo, format=8, sample_rate=44100
[2026-03-19 12:04:17.343] [info] [thread 29772] audio frame data pointers: data[0]=0x1f2a9d7cc40, data[1]=0x1f2a9d74400
[2026-03-19 12:04:17.344] [info] [thread 29772] audio.nb_samples=1024, channels=2, channel_layout=stereo, format=8, sample_rate=44100
[2026-03-19 12:04:17.344] [info] [thread 29772] audio frame data pointers: data[0]=0x1f2aca59f00, data[1]=0x1f2aca5c100
[2026-03-19 12:04:17.350] [info] [thread 30256] read_thread loop: ret=0, pkt->stream_index=0, audioq.size=20518, videoq.size=678707, eof=0
[2026-03-19 12:04:17.350] [info] [thread 30256] audio_stream: 1, video_stream: 0
[2026-03-19 12:04:17.351] [info] [thread 30256] read_thread loop: ret=0, pkt->stream_index=1, audioq.size=20518, videoq.size=688919, eof=0
[2026-03-19 12:04:17.351] [info] [thread 30256] audio_stream: 1, video_stream: 0
[2026-03-19 12:04:17.351] [info] [thread 30256] audio packet pts: 338944, audio_pkt_size=351
[2026-03-19 12:04:17.352] [info] [thread 30256] read_thread loop: ret=0, pkt->stream_index=0, audioq.size=20989, videoq.size=688919, eof=0
[2026-03-19 12:04:17.352] [info] [thread 30256] audio_stream: 1, video_stream: 0
[2026-03-19 12:04:17.353] [info] [thread 30256] read_thread loop: ret=0, pkt->stream_index=0, audioq.size=20989, videoq.size=695775, eof=0
[2026-03-19 12:04:17.353] [info] [thread 30256] audio_stream: 1, video_stream: 0
[2026-03-19 12:04:17.353] [info] [thread 30256] read_thread loop: ret=0, pkt->stream_index=1, audioq.size=20989, videoq.size=702872, eof=0
[2026-03-19 12:04:17.354] [info] [thread 30256] audio_stream: 1, video_stream: 0
[2026-03-19 12:04:17.354] [info] [thread 30256] audio packet pts: 339968, audio_pkt_size=352
[2026-03-19 12:04:17.382] [info] [thread 29772] audio.nb_samples=1024, channels=2, channel_layout=stereo, format=8, sample_rate=44100
[2026-03-19 12:04:17.383] [info] [thread 29772] audio frame data pointers: data[0]=0x1f2aa220940, data[1]=0x1f2aa222980
[2026-03-19 12:04:17.383] [info] [thread 29772] audio.nb_samples=1024, channels=2, channel_layout=stereo, format=8, sample_rate=44100
[2026-03-19 12:04:17.383] [info] [thread 29772] audio frame data pointers: data[0]=0x1f2ac696cc0, data[1]=0x1f2a9d61180
[2026-03-19 12:04:17.384] [info] [thread 30256] read_thread loop: ret=0, pkt->stream_index=0, audioq.size=20503, videoq.size=678111, eof=0
[2026-03-19 12:04:17.384] [info] [thread 30256] audio_stream: 1, video_stream: 0
[2026-03-19 12:04:17.384] [info] [thread 30256] read_thread loop: ret=0, pkt->stream_index=1, audioq.size=20503, videoq.size=689173, eof=0
[2026-03-19 12:04:17.385] [info] [thread 30256] audio_stream: 1, video_stream: 0
[2026-03-19 12:04:17.386] [info] [thread 30256] audio packet pts: 340992, audio_pkt_size=352
[2026-03-19 12:04:17.386] [info] [thread 30256] read_thread loop: ret=0, pkt->stream_index=0, audioq.size=20975, videoq.size=689173, eof=0
[2026-03-19 12:04:17.386] [info] [thread 30256] audio_stream: 1, video_stream: 0
[2026-03-19 12:04:17.387] [info] [thread 30256] read_thread loop: ret=0, pkt->stream_index=1, audioq.size=20975, videoq.size=697633, eof=0
[2026-03-19 12:04:17.387] [info] [thread 30256] audio_stream: 1, video_stream: 0
[2026-03-19 12:04:17.387] [info] [thread 30256] audio packet pts: 342016, audio_pkt_size=382
[2026-03-19 12:04:17.432] [info] [thread 29772] audio.nb_samples=1024, channels=2, channel_layout=stereo, format=8, sample_rate=44100
[2026-03-19 12:04:17.433] [info] [thread 29772] audio frame data pointers: data[0]=0x1f2a9d63380, data[1]=0x1f2a9d65580
[2026-03-19 12:04:17.433] [info] [thread 29772] audio.nb_samples=1024, channels=2, channel_layout=stereo, format=8, sample_rate=44100
[2026-03-19 12:04:17.433] [info] [thread 29772] audio frame data pointers: data[0]=0x1f2a9d5ef80, data[1]=0x1f2a9d699c0
[2026-03-19 12:04:17.451] [info] [thread 30256] read_thread loop: ret=0, pkt->stream_index=0, audioq.size=20494, videoq.size=666533, eof=0
[2026-03-19 12:04:17.451] [info] [thread 30256] audio_stream: 1, video_stream: 0
[2026-03-19 12:04:17.451] [info] [thread 30256] read_thread loop: ret=0, pkt->stream_index=0, audioq.size=20494, videoq.size=674272, eof=0
[2026-03-19 12:04:17.451] [info] [thread 30256] audio_stream: 1, video_stream: 0
[2026-03-19 12:04:17.452] [info] [thread 30256] read_thread loop: ret=0, pkt->stream_index=1, audioq.size=20494, videoq.size=692387, eof=0
[2026-03-19 12:04:17.452] [info] [thread 30256] audio_stream: 1, video_stream: 0
[2026-03-19 12:04:17.452] [info] [thread 30256] audio packet pts: 343040, audio_pkt_size=434
[2026-03-19 12:04:17.452] [info] [thread 30256] read_thread loop: ret=0, pkt->stream_index=0, audioq.size=21048, videoq.size=692387, eof=0
[2026-03-19 12:04:17.452] [info] [thread 30256] audio_stream: 1, video_stream: 0
[2026-03-19 12:04:17.453] [info] [thread 30256] read_thread loop: ret=0, pkt->stream_index=1, audioq.size=21048, videoq.size=699436, eof=0
[2026-03-19 12:04:17.453] [info] [thread 30256] audio_stream: 1, video_stream: 0
[2026-03-19 12:04:17.453] [info] [thread 30256] audio packet pts: 344064, audio_pkt_size=454
[2026-03-19 12:04:17.483] [info] [thread 29772] audio.nb_samples=1024, channels=2, channel_layout=stereo, format=8, sample_rate=44100
[2026-03-19 12:04:17.483] [info] [thread 29772] audio frame data pointers: data[0]=0x1f2a9d677c0, data[1]=0x1f2a9d6bbc0
[2026-03-19 12:04:17.483] [info] [thread 29772] audio.nb_samples=1024, channels=2, channel_layout=stereo, format=8, sample_rate=44100
[2026-03-19 12:04:17.484] [info] [thread 29772] audio frame data pointers: data[0]=0x1f2a9d70000, data[1]=0x1f2a9d6ddc0
[2026-03-19 12:04:17.496] [info] [thread 30256] read_thread loop: ret=0, pkt->stream_index=0, audioq.size=20653, videoq.size=686587, eof=0
[2026-03-19 12:04:17.496] [info] [thread 30256] audio_stream: 1, video_stream: 0
[2026-03-19 12:04:17.497] [info] [thread 30256] read_thread loop: ret=0, pkt->stream_index=0, audioq.size=20653, videoq.size=696337, eof=0
[2026-03-19 12:04:17.497] [info] [thread 30256] audio_stream: 1, video_stream: 0
[2026-03-19 12:04:17.498] [info] [thread 30256] read_thread loop: ret=0, pkt->stream_index=1, audioq.size=20653, videoq.size=701713, eof=0
[2026-03-19 12:04:17.498] [info] [thread 30256] audio_stream: 1, video_stream: 0
[2026-03-19 12:04:17.499] [info] [thread 30256] audio packet pts: 345088, audio_pkt_size=342
[2026-03-19 12:04:17.499] [info] [thread 30256] read_thread loop: ret=0, pkt->stream_index=0, audioq.size=21115, videoq.size=701713, eof=0
[2026-03-19 12:04:17.500] [info] [thread 30256] audio_stream: 1, video_stream: 0
[2026-03-19 12:04:17.500] [info] [thread 30256] read_thread loop: ret=0, pkt->stream_index=1, audioq.size=21115, videoq.size=706596, eof=0
[2026-03-19 12:04:17.501] [info] [thread 30256] audio_stream: 1, video_stream: 0
[2026-03-19 12:04:17.501] [info] [thread 30256] audio packet pts: 346112, audio_pkt_size=420
[2026-03-19 12:04:17.522] [info] [thread 29772] audio.nb_samples=1024, channels=2, channel_layout=stereo, format=8, sample_rate=44100
[2026-03-19 12:04:17.523] [info] [thread 30256] read_thread loop: ret=0, pkt->stream_index=0, audioq.size=21185, videoq.size=688955, eof=0
[2026-03-19 12:04:17.523] [info] [thread 30256] audio_stream: 1, video_stream: 0
[2026-03-19 12:04:17.523] [info] [thread 29772] audio frame data pointers: data[0]=0x1f2a9d78840, data[1]=0x1f2a9d76600
[2026-03-19 12:04:17.523] [info] [thread 30256] read_thread loop: ret=0, pkt->stream_index=1, audioq.size=21185, videoq.size=698819, eof=0
[2026-03-19 12:04:17.523] [info] [thread 29772] audio.nb_samples=1024, channels=2, channel_layout=stereo, format=8, sample_rate=44100
[2026-03-19 12:04:17.524] [info] [thread 30256] audio_stream: 1, video_stream: 0
[2026-03-19 12:04:17.524] [info] [thread 29772] audio frame data pointers: data[0]=0x1f2a9d72200, data[1]=0x1f2a9d7aa40
[2026-03-19 12:04:17.524] [info] [thread 30256] audio packet pts: 347136, audio_pkt_size=431
[2026-03-19 12:04:17.525] [info] [thread 30256] read_thread loop: ret=0, pkt->stream_index=0, audioq.size=21272, videoq.size=698819, eof=0
[2026-03-19 12:04:17.525] [info] [thread 30256] audio_stream: 1, video_stream: 0
[2026-03-19 12:04:17.525] [info] [thread 30256] read_thread loop: ret=0, pkt->stream_index=0, audioq.size=21272, videoq.size=703614, eof=0
[2026-03-19 12:04:17.525] [info] [thread 30256] audio_stream: 1, video_stream: 0
[2026-03-19 12:04:17.525] [info] [thread 30256] read_thread loop: ret=0, pkt->stream_index=1, audioq.size=21272, videoq.size=712263, eof=0
[2026-03-19 12:04:17.525] [info] [thread 30256] audio_stream: 1, video_stream: 0
[2026-03-19 12:04:17.526] [info] [thread 30256] audio packet pts: 348160, audio_pkt_size=380
[2026-03-19 12:04:17.572] [info] [thread 29772] audio.nb_samples=1024, channels=2, channel_layout=stereo, format=8, sample_rate=44100
[2026-03-19 12:04:17.573] [info] [thread 29772] audio frame data pointers: data[0]=0x1f2a9d74400, data[1]=0x1f2a9d7cc40
[2026-03-19 12:04:17.573] [info] [thread 29772] audio.nb_samples=1024, channels=2, channel_layout=stereo, format=8, sample_rate=44100
[2026-03-19 12:04:17.574] [info] [thread 29772] audio frame data pointers: data[0]=0x1f2aca5c100, data[1]=0x1f2aca59f00
[2026-03-19 12:04:17.587] [info] [thread 30256] read_thread loop: ret=0, pkt->stream_index=0, audioq.size=20803, videoq.size=670787, eof=0
[2026-03-19 12:04:17.587] [info] [thread 30256] audio_stream: 1, video_stream: 0
[2026-03-19 12:04:17.588] [info] [thread 30256] read_thread loop: ret=0, pkt->stream_index=1, audioq.size=20803, videoq.size=675176, eof=0
[2026-03-19 12:04:17.588] [info] [thread 30256] audio_stream: 1, video_stream: 0
[2026-03-19 12:04:17.589] [info] [thread 30256] audio packet pts: 349184, audio_pkt_size=395
[2026-03-19 12:04:17.589] [info] [thread 30256] read_thread loop: ret=0, pkt->stream_index=0, audioq.size=21318, videoq.size=675176, eof=0
[2026-03-19 12:04:17.589] [info] [thread 30256] audio_stream: 1, video_stream: 0
[2026-03-19 12:04:17.589] [info] [thread 30256] read_thread loop: ret=0, pkt->stream_index=1, audioq.size=21318, videoq.size=683597, eof=0
[2026-03-19 12:04:17.589] [info] [thread 30256] audio_stream: 1, video_stream: 0
[2026-03-19 12:04:17.590] [info] [thread 30256] audio packet pts: 350208, audio_pkt_size=364
[2026-03-19 12:04:17.622] [info] [thread 29772] audio.nb_samples=1024, channels=2, channel_layout=stereo, format=8, sample_rate=44100
[2026-03-19 12:04:17.639] [info] [thread 30256] read_thread loop: ret=0, pkt->stream_index=0, audioq.size=21189, videoq.size=658845, eof=0
[2026-03-19 12:04:17.646] [info] [thread 29772] audio frame data pointers: data[0]=0x1f2aa222980, data[1]=0x1f2aa220940
[2026-03-19 12:04:17.779] [info] [thread 30256] audio_stream: 1, video_stream: 0
[2026-03-19 12:04:17.780] [info] [thread 29772] audio.nb_samples=1024, channels=2, channel_layout=stereo, format=8, sample_rate=44100
[2026-03-19 12:04:17.781] [info] [thread 30256] read_thread loop: ret=0, pkt->stream_index=0, audioq.size=20666, videoq.size=579659, eof=0
[2026-03-19 12:04:17.781] [info] [thread 30256] audio_stream: 1, video_stream: 0
[2026-03-19 12:04:17.781] [info] [thread 29772] audio frame data pointers: data[0]=0x1f2a9d61180, data[1]=0x1f2ac696cc0
[2026-03-19 12:04:17.782] [info] [thread 30256] read_thread loop: ret=0, pkt->stream_index=1, audioq.size=20666, videoq.size=590433, eof=0
[2026-03-19 12:04:17.782] [info] [thread 30256] audio_stream: 1, video_stream: 0
[2026-03-19 12:04:17.782] [info] [thread 30256] audio packet pts: 351232, audio_pkt_size=375
[2026-03-19 12:04:17.783] [info] [thread 30256] read_thread loop: ret=0, pkt->stream_index=0, audioq.size=21161, videoq.size=590433, eof=0
[2026-03-19 12:04:17.783] [info] [thread 30256] audio_stream: 1, video_stream: 0
[2026-03-19 12:04:17.783] [info] [thread 30256] read_thread loop: ret=0, pkt->stream_index=1, audioq.size=21161, videoq.size=596540, eof=0
[2026-03-19 12:04:17.783] [info] [thread 30256] audio_stream: 1, video_stream: 0
[2026-03-19 12:04:17.784] [info] [thread 30256] audio packet pts: 352256, audio_pkt_size=362
[2026-03-19 12:04:17.803] [info] [thread 29772] audio.nb_samples=1024, channels=2, channel_layout=stereo, format=8, sample_rate=44100
[2026-03-19 12:04:17.810] [info] [thread 29772] audio frame data pointers: data[0]=0x1f2a9d65580, data[1]=0x1f2a9d63380
[2026-03-19 12:04:17.811] [info] [thread 29772] audio.nb_samples=1024, channels=2, channel_layout=stereo, format=8, sample_rate=44100
[2026-03-19 12:04:17.811] [info] [thread 29772] audio frame data pointers: data[0]=0x1f2a9d699c0, data[1]=0x1f2a9d5ef80
[2026-03-19 12:04:17.826] [info] [thread 30256] read_thread loop: ret=0, pkt->stream_index=0, audioq.size=20655, videoq.size=576957, eof=0
[2026-03-19 12:04:17.826] [info] [thread 30256] audio_stream: 1, video_stream: 0
[2026-03-19 12:04:17.827] [info] [thread 30256] read_thread loop: ret=0, pkt->stream_index=0, audioq.size=20655, videoq.size=580768, eof=0
[2026-03-19 12:04:17.827] [info] [thread 30256] audio_stream: 1, video_stream: 0
[2026-03-19 12:04:17.827] [info] [thread 30256] read_thread loop: ret=0, pkt->stream_index=1, audioq.size=20655, videoq.size=584891, eof=0
[2026-03-19 12:04:17.827] [info] [thread 30256] audio_stream: 1, video_stream: 0
[2026-03-19 12:04:17.828] [info] [thread 30256] audio packet pts: 353280, audio_pkt_size=357
[2026-03-19 12:04:17.828] [info] [thread 30256] read_thread loop: ret=0, pkt->stream_index=0, audioq.size=21132, videoq.size=584891, eof=0
[2026-03-19 12:04:17.828] [info] [thread 30256] audio_stream: 1, video_stream: 0
[2026-03-19 12:04:17.830] [info] [thread 30256] read_thread loop: ret=0, pkt->stream_index=1, audioq.size=21132, videoq.size=595391, eof=0
[2026-03-19 12:04:17.831] [info] [thread 30256] audio_stream: 1, video_stream: 0
[2026-03-19 12:04:17.831] [info] [thread 30256] audio packet pts: 354304, audio_pkt_size=416
[2026-03-19 12:04:17.853] [info] [thread 29772] audio.nb_samples=1024, channels=2, channel_layout=stereo, format=8, sample_rate=44100
[2026-03-19 12:04:17.853] [info] [thread 29772] audio frame data pointers: data[0]=0x1f2a9d6bbc0, data[1]=0x1f2a9d677c0
[2026-03-19 12:04:17.853] [info] [thread 29772] audio.nb_samples=1024, channels=2, channel_layout=stereo, format=8, sample_rate=44100
[2026-03-19 12:04:17.853] [info] [thread 29772] audio frame data pointers: data[0]=0x1f2a9d6ddc0, data[1]=0x1f2a9d70000
[2026-03-19 12:04:17.872] [info] [thread 30256] read_thread loop: ret=0, pkt->stream_index=0, audioq.size=20639, videoq.size=589642, eof=0
[2026-03-19 12:04:17.872] [info] [thread 30256] audio_stream: 1, video_stream: 0
[2026-03-19 12:04:17.872] [info] [thread 30256] read_thread loop: ret=0, pkt->stream_index=1, audioq.size=20639, videoq.size=594638, eof=0
[2026-03-19 12:04:17.872] [info] [thread 30256] audio_stream: 1, video_stream: 0
[2026-03-19 12:04:17.872] [info] [thread 30256] audio packet pts: 355328, audio_pkt_size=358
[2026-03-19 12:04:17.872] [info] [thread 30256] read_thread loop: ret=0, pkt->stream_index=0, audioq.size=21117, videoq.size=594638, eof=0
[2026-03-19 12:04:17.873] [info] [thread 30256] audio_stream: 1, video_stream: 0
[2026-03-19 12:04:17.873] [info] [thread 30256] read_thread loop: ret=0, pkt->stream_index=0, audioq.size=21117, videoq.size=597896, eof=0
[2026-03-19 12:04:17.873] [info] [thread 30256] audio_stream: 1, video_stream: 0
[2026-03-19 12:04:17.873] [info] [thread 30256] read_thread loop: ret=0, pkt->stream_index=1, audioq.size=21117, videoq.size=601074, eof=0
[2026-03-19 12:04:17.873] [info] [thread 30256] audio_stream: 1, video_stream: 0
[2026-03-19 12:04:17.873] [info] [thread 30256] audio packet pts: 356352, audio_pkt_size=327
[2026-03-19 12:04:17.892] [info] [thread 29772] audio.nb_samples=1024, channels=2, channel_layout=stereo, format=8, sample_rate=44100
[2026-03-19 12:04:17.893] [info] [thread 29772] audio frame data pointers: data[0]=0x1f2a9d76600, data[1]=0x1f2a9d78840
[2026-03-19 12:04:17.893] [info] [thread 29772] audio.nb_samples=1024, channels=2, channel_layout=stereo, format=8, sample_rate=44100
[2026-03-19 12:04:17.893] [info] [thread 29772] audio frame data pointers: data[0]=0x1f2a9d7aa40, data[1]=0x1f2a9d72200
[2026-03-19 12:04:17.894] [info] [thread 30256] read_thread loop: ret=0, pkt->stream_index=0, audioq.size=20646, videoq.size=601074, eof=0
[2026-03-19 12:04:17.895] [info] [thread 30256] audio_stream: 1, video_stream: 0
[2026-03-19 12:04:17.895] [info] [thread 30256] read_thread loop: ret=0, pkt->stream_index=1, audioq.size=20646, videoq.size=611973, eof=0
[2026-03-19 12:04:17.896] [info] [thread 30256] audio_stream: 1, video_stream: 0
[2026-03-19 12:04:17.896] [info] [thread 30256] audio packet pts: 357376, audio_pkt_size=329
[2026-03-19 12:04:17.896] [info] [thread 30256] read_thread loop: ret=0, pkt->stream_index=0, audioq.size=21095, videoq.size=611973, eof=0
[2026-03-19 12:04:17.896] [info] [thread 30256] audio_stream: 1, video_stream: 0
[2026-03-19 12:04:17.897] [info] [thread 30256] read_thread loop: ret=0, pkt->stream_index=0, audioq.size=21095, videoq.size=616756, eof=0
[2026-03-19 12:04:17.897] [info] [thread 30256] audio_stream: 1, video_stream: 0
[2026-03-19 12:04:17.897] [info] [thread 30256] read_thread loop: ret=0, pkt->stream_index=1, audioq.size=21095, videoq.size=619256, eof=0
[2026-03-19 12:04:17.897] [info] [thread 30256] audio_stream: 1, video_stream: 0
[2026-03-19 12:04:17.897] [info] [thread 30256] audio packet pts: 358400, audio_pkt_size=334
[2026-03-19 12:04:17.943] [info] [thread 29772] audio.nb_samples=1024, channels=2, channel_layout=stereo, format=8, sample_rate=44100
[2026-03-19 12:04:17.943] [info] [thread 29772] audio frame data pointers: data[0]=0x1f2a9d7cc40, data[1]=0x1f2a9d74400
[2026-03-19 12:04:17.944] [info] [thread 29772] audio.nb_samples=1024, channels=2, channel_layout=stereo, format=8, sample_rate=44100
[2026-03-19 12:04:17.944] [info] [thread 29772] audio frame data pointers: data[0]=0x1f2aca59f00, data[1]=0x1f2aca5c100
[2026-03-19 12:04:17.949] [info] [thread 30256] read_thread loop: ret=0, pkt->stream_index=0, audioq.size=20623, videoq.size=598720, eof=0
[2026-03-19 12:04:17.950] [info] [thread 30256] audio_stream: 1, video_stream: 0
[2026-03-19 12:04:17.950] [info] [thread 30256] read_thread loop: ret=0, pkt->stream_index=1, audioq.size=20623, videoq.size=602312, eof=0
[2026-03-19 12:04:17.951] [info] [thread 30256] audio_stream: 1, video_stream: 0
[2026-03-19 12:04:17.951] [info] [thread 30256] audio packet pts: 359424, audio_pkt_size=341
[2026-03-19 12:04:17.951] [info] [thread 30256] read_thread loop: ret=0, pkt->stream_index=0, audioq.size=21084, videoq.size=602312, eof=0
[2026-03-19 12:04:17.951] [info] [thread 30256] audio_stream: 1, video_stream: 0
[2026-03-19 12:04:17.951] [info] [thread 30256] read_thread loop: ret=0, pkt->stream_index=1, audioq.size=21084, videoq.size=615179, eof=0
[2026-03-19 12:04:17.952] [info] [thread 30256] audio_stream: 1, video_stream: 0
[2026-03-19 12:04:17.952] [info] [thread 30256] audio packet pts: 360448, audio_pkt_size=340
[2026-03-19 12:04:17.993] [info] [thread 29772] audio.nb_samples=1024, channels=2, channel_layout=stereo, format=8, sample_rate=44100
[2026-03-19 12:04:17.993] [info] [thread 29772] audio frame data pointers: data[0]=0x1f2aa220940, data[1]=0x1f2aa222980
[2026-03-19 12:04:17.994] [info] [thread 29772] audio.nb_samples=1024, channels=2, channel_layout=stereo, format=8, sample_rate=44100
[2026-03-19 12:04:17.994] [info] [thread 29772] audio frame data pointers: data[0]=0x1f2ac696cc0, data[1]=0x1f2a9d61180
[2026-03-19 12:04:17.994] [info] [thread 30256] read_thread loop: ret=0, pkt->stream_index=0, audioq.size=20626, videoq.size=611510, eof=0
[2026-03-19 12:04:17.995] [info] [thread 30256] audio_stream: 1, video_stream: 0
[2026-03-19 12:04:17.995] [info] [thread 30256] read_thread loop: ret=0, pkt->stream_index=0, audioq.size=20626, videoq.size=622183, eof=0
[2026-03-19 12:04:17.995] [info] [thread 30256] audio_stream: 1, video_stream: 0
[2026-03-19 12:04:17.995] [info] [thread 30256] read_thread loop: ret=0, pkt->stream_index=1, audioq.size=20626, videoq.size=627603, eof=0
[2026-03-19 12:04:17.996] [info] [thread 30256] audio_stream: 1, video_stream: 0
[2026-03-19 12:04:17.996] [info] [thread 30256] audio packet pts: 361472, audio_pkt_size=347
[2026-03-19 12:04:17.996] [info] [thread 30256] read_thread loop: ret=0, pkt->stream_index=0, audioq.size=21093, videoq.size=627603, eof=0
[2026-03-19 12:04:17.996] [info] [thread 30256] audio_stream: 1, video_stream: 0
[2026-03-19 12:04:17.996] [info] [thread 30256] read_thread loop: ret=0, pkt->stream_index=1, audioq.size=21093, videoq.size=634423, eof=0
[2026-03-19 12:04:17.997] [info] [thread 30256] audio_stream: 1, video_stream: 0
[2026-03-19 12:04:17.997] [info] [thread 30256] audio packet pts: 362496, audio_pkt_size=375
[2026-03-19 12:04:18.033] [info] [thread 29772] audio.nb_samples=1024, channels=2, channel_layout=stereo, format=8, sample_rate=44100
[2026-03-19 12:04:18.034] [info] [thread 29772] audio frame data pointers: data[0]=0x1f2a9d63380, data[1]=0x1f2a9d65580
[2026-03-19 12:04:18.034] [info] [thread 29772] audio.nb_samples=1024, channels=2, channel_layout=stereo, format=8, sample_rate=44100
[2026-03-19 12:04:18.034] [info] [thread 29772] audio frame data pointers: data[0]=0x1f2a9d5ef80, data[1]=0x1f2a9d699c0
[2026-03-19 12:04:18.040] [info] [thread 30256] read_thread loop: ret=0, pkt->stream_index=0, audioq.size=20641, videoq.size=616240, eof=0
[2026-03-19 12:04:18.040] [info] [thread 30256] audio_stream: 1, video_stream: 0
[2026-03-19 12:04:18.041] [info] [thread 30256] read_thread loop: ret=0, pkt->stream_index=0, audioq.size=20641, videoq.size=629294, eof=0
[2026-03-19 12:04:18.041] [info] [thread 30256] audio_stream: 1, video_stream: 0
[2026-03-19 12:04:18.041] [info] [thread 30256] read_thread loop: ret=0, pkt->stream_index=1, audioq.size=20641, videoq.size=636673, eof=0
[2026-03-19 12:04:18.042] [info] [thread 30256] audio_stream: 1, video_stream: 0
[2026-03-19 12:04:18.042] [info] [thread 30256] audio packet pts: 363520, audio_pkt_size=372
[2026-03-19 12:04:18.042] [info] [thread 30256] read_thread loop: ret=0, pkt->stream_index=0, audioq.size=21133, videoq.size=636673, eof=0
[2026-03-19 12:04:18.043] [info] [thread 30256] audio_stream: 1, video_stream: 0
[2026-03-19 12:04:18.043] [info] [thread 30256] read_thread loop: ret=0, pkt->stream_index=1, audioq.size=21133, videoq.size=642628, eof=0
[2026-03-19 12:04:18.043] [info] [thread 30256] audio_stream: 1, video_stream: 0
[2026-03-19 12:04:18.043] [info] [thread 30256] audio packet pts: 364544, audio_pkt_size=412
[2026-03-19 12:04:18.082] [info] [thread 29772] audio.nb_samples=1024, channels=2, channel_layout=stereo, format=8, sample_rate=44100
[2026-03-19 12:04:18.084] [info] [thread 29772] audio frame data pointers: data[0]=0x1f2a9d677c0, data[1]=0x1f2a9d6bbc0
[2026-03-19 12:04:18.085] [info] [thread 29772] audio.nb_samples=1024, channels=2, channel_layout=stereo, format=8, sample_rate=44100
[2026-03-19 12:04:18.085] [info] [thread 29772] audio frame data pointers: data[0]=0x1f2a9d70000, data[1]=0x1f2a9d6ddc0
[2026-03-19 12:04:18.087] [info] [thread 30256] read_thread loop: ret=0, pkt->stream_index=0, audioq.size=20703, videoq.size=631806, eof=0
[2026-03-19 12:04:18.090] [info] [thread 30256] audio_stream: 1, video_stream: 0
[2026-03-19 12:04:18.090] [info] [thread 30256] read_thread loop: ret=0, pkt->stream_index=1, audioq.size=20703, videoq.size=644846, eof=0
[2026-03-19 12:04:18.091] [info] [thread 30256] audio_stream: 1, video_stream: 0
[2026-03-19 12:04:18.091] [info] [thread 30256] audio packet pts: 365568, audio_pkt_size=376
[2026-03-19 12:04:18.091] [info] [thread 30256] read_thread loop: ret=0, pkt->stream_index=0, audioq.size=21199, videoq.size=644846, eof=0
[2026-03-19 12:04:18.092] [info] [thread 30256] audio_stream: 1, video_stream: 0
[2026-03-19 12:04:18.092] [info] [thread 30256] read_thread loop: ret=0, pkt->stream_index=0, audioq.size=21199, videoq.size=651609, eof=0
[2026-03-19 12:04:18.092] [info] [thread 30256] audio_stream: 1, video_stream: 0
[2026-03-19 12:04:18.093] [info] [thread 30256] read_thread loop: ret=0, pkt->stream_index=1, audioq.size=21199, videoq.size=657378, eof=0
[2026-03-19 12:04:18.093] [info] [thread 30256] audio_stream: 1, video_stream: 0
[2026-03-19 12:04:18.093] [info] [thread 30256] audio packet pts: 366592, audio_pkt_size=421
[2026-03-19 12:04:18.133] [info] [thread 29772] audio.nb_samples=1024, channels=2, channel_layout=stereo, format=8, sample_rate=44100
[2026-03-19 12:04:18.133] [info] [thread 29772] audio frame data pointers: data[0]=0x1f2a9d78840, data[1]=0x1f2a9d76600
[2026-03-19 12:04:18.133] [info] [thread 29772] audio.nb_samples=1024, channels=2, channel_layout=stereo, format=8, sample_rate=44100
[2026-03-19 12:04:18.134] [info] [thread 29772] audio frame data pointers: data[0]=0x1f2a9d72200, data[1]=0x1f2a9d7aa40
[2026-03-19 12:04:18.136] [info] [thread 30256] read_thread loop: ret=0, pkt->stream_index=0, audioq.size=20761, videoq.size=636393, eof=0
[2026-03-19 12:04:18.136] [info] [thread 30256] audio_stream: 1, video_stream: 0
[2026-03-19 12:04:18.137] [info] [thread 30256] read_thread loop: ret=0, pkt->stream_index=1, audioq.size=20761, videoq.size=640044, eof=0
[2026-03-19 12:04:18.137] [info] [thread 30256] audio_stream: 1, video_stream: 0
[2026-03-19 12:04:18.137] [info] [thread 30256] audio packet pts: 367616, audio_pkt_size=432
[2026-03-19 12:04:18.138] [info] [thread 30256] read_thread loop: ret=0, pkt->stream_index=0, audioq.size=21313, videoq.size=640044, eof=0
[2026-03-19 12:04:18.138] [info] [thread 30256] audio_stream: 1, video_stream: 0
[2026-03-19 12:04:18.139] [info] [thread 30256] read_thread loop: ret=0, pkt->stream_index=0, audioq.size=21313, videoq.size=652919, eof=0
[2026-03-19 12:04:18.139] [info] [thread 30256] audio_stream: 1, video_stream: 0
[2026-03-19 12:04:18.139] [info] [thread 30256] read_thread loop: ret=0, pkt->stream_index=1, audioq.size=21313, videoq.size=658798, eof=0
[2026-03-19 12:04:18.139] [info] [thread 30256] audio_stream: 1, video_stream: 0
[2026-03-19 12:04:18.140] [info] [thread 30256] audio packet pts: 368640, audio_pkt_size=404
[2026-03-19 12:04:18.173] [info] [thread 29772] audio.nb_samples=1024, channels=2, channel_layout=stereo, format=8, sample_rate=44100
[2026-03-19 12:04:18.173] [info] [thread 29772] audio frame data pointers: data[0]=0x1f2a9d74400, data[1]=0x1f2a9d7cc40
[2026-03-19 12:04:18.174] [info] [thread 29772] audio.nb_samples=1024, channels=2, channel_layout=stereo, format=8, sample_rate=44100
[2026-03-19 12:04:18.174] [info] [thread 29772] audio frame data pointers: data[0]=0x1f2aca5c100, data[1]=0x1f2aca59f00
[2026-03-19 12:04:18.182] [info] [thread 30256] read_thread loop: ret=0, pkt->stream_index=0, audioq.size=20771, videoq.size=651706, eof=0
[2026-03-19 12:04:18.182] [info] [thread 30256] audio_stream: 1, video_stream: 0
[2026-03-19 12:04:18.183] [info] [thread 30256] read_thread loop: ret=0, pkt->stream_index=1, audioq.size=20771, videoq.size=656156, eof=0
[2026-03-19 12:04:18.183] [info] [thread 30256] audio_stream: 1, video_stream: 0
[2026-03-19 12:04:18.184] [info] [thread 30256] audio packet pts: 369664, audio_pkt_size=404
[2026-03-19 12:04:18.185] [info] [thread 30256] read_thread loop: ret=0, pkt->stream_index=0, audioq.size=21295, videoq.size=644312, eof=0
[2026-03-19 12:04:18.185] [info] [thread 30256] audio_stream: 1, video_stream: 0
[2026-03-19 12:04:18.185] [info] [thread 30256] read_thread loop: ret=0, pkt->stream_index=1, audioq.size=21295, videoq.size=658020, eof=0
[2026-03-19 12:04:18.186] [info] [thread 30256] audio_stream: 1, video_stream: 0
[2026-03-19 12:04:18.186] [info] [thread 30256] audio packet pts: 370688, audio_pkt_size=410
[2026-03-19 12:04:18.223] [info] [thread 29772] audio.nb_samples=1024, channels=2, channel_layout=stereo, format=8, sample_rate=44100
[2026-03-19 12:04:18.224] [info] [thread 29772] audio frame data pointers: data[0]=0x1f2aa222980, data[1]=0x1f2aa220940
[2026-03-19 12:04:18.224] [info] [thread 29772] audio.nb_samples=1024, channels=2, channel_layout=stereo, format=8, sample_rate=44100
[2026-03-19 12:04:18.224] [info] [thread 29772] audio frame data pointers: data[0]=0x1f2a9d61180, data[1]=0x1f2ac696cc0
[2026-03-19 12:04:18.227] [info] [thread 30256] read_thread loop: ret=0, pkt->stream_index=0, audioq.size=20818, videoq.size=648547, eof=0
[2026-03-19 12:04:18.228] [info] [thread 30256] audio_stream: 1, video_stream: 0
[2026-03-19 12:04:18.228] [info] [thread 30256] read_thread loop: ret=0, pkt->stream_index=0, audioq.size=20818, videoq.size=655150, eof=0
[2026-03-19 12:04:18.229] [info] [thread 30256] audio_stream: 1, video_stream: 0
[2026-03-19 12:04:18.229] [info] [thread 30256] read_thread loop: ret=0, pkt->stream_index=1, audioq.size=20818, videoq.size=659260, eof=0
[2026-03-19 12:04:18.229] [info] [thread 30256] audio_stream: 1, video_stream: 0
[2026-03-19 12:04:18.230] [info] [thread 30256] audio packet pts: 371712, audio_pkt_size=380
[2026-03-19 12:04:18.230] [info] [thread 30256] read_thread loop: ret=0, pkt->stream_index=0, audioq.size=21318, videoq.size=659260, eof=0
[2026-03-19 12:04:18.230] [info] [thread 30256] audio_stream: 1, video_stream: 0
[2026-03-19 12:04:18.230] [info] [thread 30256] read_thread loop: ret=0, pkt->stream_index=1, audioq.size=21318, videoq.size=663928, eof=0
[2026-03-19 12:04:18.230] [info] [thread 30256] audio_stream: 1, video_stream: 0
[2026-03-19 12:04:18.231] [info] [thread 30256] audio packet pts: 372736, audio_pkt_size=342
[2026-03-19 12:04:18.272] [info] [thread 29772] audio.nb_samples=1024, channels=2, channel_layout=stereo, format=8, sample_rate=44100
[2026-03-19 12:04:18.273] [info] [thread 29772] audio frame data pointers: data[0]=0x1f2a9d65580, data[1]=0x1f2a9d63380
[2026-03-19 12:04:18.273] [info] [thread 29772] audio.nb_samples=1024, channels=2, channel_layout=stereo, format=8, sample_rate=44100
[2026-03-19 12:04:18.273] [info] [thread 29772] audio frame data pointers: data[0]=0x1f2a9d699c0, data[1]=0x1f2a9d5ef80
[2026-03-19 12:04:18.274] [info] [thread 30256] read_thread loop: ret=0, pkt->stream_index=0, audioq.size=20825, videoq.size=640806, eof=0
[2026-03-19 12:04:18.274] [info] [thread 30256] audio_stream: 1, video_stream: 0
[2026-03-19 12:04:18.275] [info] [thread 30256] read_thread loop: ret=0, pkt->stream_index=0, audioq.size=20825, videoq.size=655453, eof=0
[2026-03-19 12:04:18.275] [info] [thread 30256] audio_stream: 1, video_stream: 0
[2026-03-19 12:04:18.276] [info] [thread 30256] read_thread loop: ret=0, pkt->stream_index=1, audioq.size=20825, videoq.size=661872, eof=0
[2026-03-19 12:04:18.276] [info] [thread 30256] audio_stream: 1, video_stream: 0
[2026-03-19 12:04:18.276] [info] [thread 30256] audio packet pts: 373760, audio_pkt_size=327
[2026-03-19 12:04:18.276] [info] [thread 30256] read_thread loop: ret=0, pkt->stream_index=0, audioq.size=21272, videoq.size=661872, eof=0
[2026-03-19 12:04:18.277] [info] [thread 30256] audio_stream: 1, video_stream: 0
[2026-03-19 12:04:18.277] [info] [thread 30256] read_thread loop: ret=0, pkt->stream_index=1, audioq.size=21272, videoq.size=666520, eof=0
[2026-03-19 12:04:18.277] [info] [thread 30256] audio_stream: 1, video_stream: 0
[2026-03-19 12:04:18.277] [info] [thread 30256] audio packet pts: 374784, audio_pkt_size=336
[2026-03-19 12:04:18.313] [info] [thread 29772] audio.nb_samples=1024, channels=2, channel_layout=stereo, format=8, sample_rate=44100
[2026-03-19 12:04:18.313] [info] [thread 29772] audio frame data pointers: data[0]=0x1f2a9d6bbc0, data[1]=0x1f2a9d677c0
[2026-03-19 12:04:18.313] [info] [thread 29772] audio.nb_samples=1024, channels=2, channel_layout=stereo, format=8, sample_rate=44100
[2026-03-19 12:04:18.314] [info] [thread 29772] audio frame data pointers: data[0]=0x1f2a9d6ddc0, data[1]=0x1f2a9d70000
[2026-03-19 12:04:18.319] [info] [thread 30256] read_thread loop: ret=0, pkt->stream_index=0, audioq.size=20695, videoq.size=641371, eof=0
[2026-03-19 12:04:18.320] [info] [thread 30256] audio_stream: 1, video_stream: 0
[2026-03-19 12:04:18.320] [info] [thread 30256] read_thread loop: ret=0, pkt->stream_index=1, audioq.size=20695, videoq.size=645446, eof=0
[2026-03-19 12:04:18.321] [info] [thread 30256] audio_stream: 1, video_stream: 0
[2026-03-19 12:04:18.321] [info] [thread 30256] audio packet pts: 375808, audio_pkt_size=322
[2026-03-19 12:04:18.321] [info] [thread 30256] read_thread loop: ret=0, pkt->stream_index=0, audioq.size=21137, videoq.size=645446, eof=0
[2026-03-19 12:04:18.321] [info] [thread 30256] audio_stream: 1, video_stream: 0
[2026-03-19 12:04:18.321] [info] [thread 30256] read_thread loop: ret=0, pkt->stream_index=0, audioq.size=21137, videoq.size=659740, eof=0
[2026-03-19 12:04:18.322] [info] [thread 30256] audio_stream: 1, video_stream: 0
[2026-03-19 12:04:18.322] [info] [thread 30256] read_thread loop: ret=0, pkt->stream_index=1, audioq.size=21137, videoq.size=667699, eof=0
[2026-03-19 12:04:18.322] [info] [thread 30256] audio_stream: 1, video_stream: 0
[2026-03-19 12:04:18.322] [info] [thread 30256] audio packet pts: 376832, audio_pkt_size=336
[2026-03-19 12:04:18.363] [info] [thread 29772] audio.nb_samples=1024, channels=2, channel_layout=stereo, format=8, sample_rate=44100
[2026-03-19 12:04:18.364] [info] [thread 29772] audio frame data pointers: data[0]=0x1f2a9d76600, data[1]=0x1f2a9d78840
[2026-03-19 12:04:18.364] [info] [thread 29772] audio.nb_samples=1024, channels=2, channel_layout=stereo, format=8, sample_rate=44100
[2026-03-19 12:04:18.364] [info] [thread 29772] audio frame data pointers: data[0]=0x1f2a9d7aa40, data[1]=0x1f2a9d72200
[2026-03-19 12:04:18.365] [info] [thread 30256] read_thread loop: ret=0, pkt->stream_index=0, audioq.size=20625, videoq.size=654676, eof=0
[2026-03-19 12:04:18.366] [info] [thread 30256] audio_stream: 1, video_stream: 0
[2026-03-19 12:04:18.366] [info] [thread 30256] read_thread loop: ret=0, pkt->stream_index=1, audioq.size=20625, videoq.size=660723, eof=0
[2026-03-19 12:04:18.366] [info] [thread 30256] audio_stream: 1, video_stream: 0
[2026-03-19 12:04:18.366] [info] [thread 30256] audio packet pts: 377856, audio_pkt_size=345
[2026-03-19 12:04:18.367] [info] [thread 30256] read_thread loop: ret=0, pkt->stream_index=0, audioq.size=21090, videoq.size=660723, eof=0
[2026-03-19 12:04:18.367] [info] [thread 30256] audio_stream: 1, video_stream: 0
[2026-03-19 12:04:18.367] [info] [thread 30256] read_thread loop: ret=0, pkt->stream_index=1, audioq.size=21090, videoq.size=666570, eof=0
[2026-03-19 12:04:18.367] [info] [thread 30256] audio_stream: 1, video_stream: 0
[2026-03-19 12:04:18.367] [info] [thread 30256] audio packet pts: 378880, audio_pkt_size=342
[2026-03-19 12:04:18.413] [info] [thread 29772] audio.nb_samples=1024, channels=2, channel_layout=stereo, format=8, sample_rate=44100
[2026-03-19 12:04:18.413] [info] [thread 29772] audio frame data pointers: data[0]=0x1f2a9d7cc40, data[1]=0x1f2a9d74400
[2026-03-19 12:04:18.414] [info] [thread 29772] audio.nb_samples=1024, channels=2, channel_layout=stereo, format=8, sample_rate=44100
[2026-03-19 12:04:18.414] [info] [thread 29772] audio frame data pointers: data[0]=0x1f2aca59f00, data[1]=0x1f2aca5c100
[2026-03-19 12:04:18.419] [info] [thread 30256] read_thread loop: ret=0, pkt->stream_index=0, audioq.size=20631, videoq.size=582824, eof=0
[2026-03-19 12:04:18.420] [info] [thread 30256] audio_stream: 1, video_stream: 0
[2026-03-19 12:04:18.420] [info] [thread 30256] read_thread loop: ret=0, pkt->stream_index=0, audioq.size=20631, videoq.size=592794, eof=0
[2026-03-19 12:04:18.420] [info] [thread 30256] audio_stream: 1, video_stream: 0
[2026-03-19 12:04:18.421] [info] [thread 30256] read_thread loop: ret=0, pkt->stream_index=1, audioq.size=20631, videoq.size=598560, eof=0
[2026-03-19 12:04:18.421] [info] [thread 30256] audio_stream: 1, video_stream: 0
[2026-03-19 12:04:18.421] [info] [thread 30256] audio packet pts: 379904, audio_pkt_size=386
[2026-03-19 12:04:18.422] [info] [thread 30256] read_thread loop: ret=0, pkt->stream_index=0, audioq.size=21137, videoq.size=598560, eof=0
[2026-03-19 12:04:18.422] [info] [thread 30256] audio_stream: 1, video_stream: 0
[2026-03-19 12:04:18.422] [info] [thread 30256] read_thread loop: ret=0, pkt->stream_index=1, audioq.size=21137, videoq.size=603938, eof=0
[2026-03-19 12:04:18.422] [info] [thread 30256] audio_stream: 1, video_stream: 0
[2026-03-19 12:04:18.422] [info] [thread 30256] audio packet pts: 380928, audio_pkt_size=383
[2026-03-19 12:04:18.452] [info] [thread 29772] audio.nb_samples=1024, channels=2, channel_layout=stereo, format=8, sample_rate=44100
[2026-03-19 12:04:18.453] [info] [thread 29772] audio frame data pointers: data[0]=0x1f2aa220940, data[1]=0x1f2aa222980
[2026-03-19 12:04:18.453] [info] [thread 29772] audio.nb_samples=1024, channels=2, channel_layout=stereo, format=8, sample_rate=44100
[2026-03-19 12:04:18.454] [info] [thread 29772] audio frame data pointers: data[0]=0x1f2ac696cc0, data[1]=0x1f2a9d61180
[2026-03-19 12:04:18.465] [info] [thread 30256] read_thread loop: ret=0, pkt->stream_index=0, audioq.size=20688, videoq.size=567013, eof=0
[2026-03-19 12:04:18.466] [info] [thread 30256] audio_stream: 1, video_stream: 0
[2026-03-19 12:04:18.466] [info] [thread 30256] read_thread loop: ret=0, pkt->stream_index=0, audioq.size=20688, videoq.size=580999, eof=0
[2026-03-19 12:04:18.466] [info] [thread 30256] audio_stream: 1, video_stream: 0
[2026-03-19 12:04:18.467] [info] [thread 30256] read_thread loop: ret=0, pkt->stream_index=1, audioq.size=20688, videoq.size=587156, eof=0
[2026-03-19 12:04:18.467] [info] [thread 30256] audio_stream: 1, video_stream: 0
[2026-03-19 12:04:18.467] [info] [thread 30256] audio packet pts: 381952, audio_pkt_size=386
[2026-03-19 12:04:18.467] [info] [thread 30256] read_thread loop: ret=0, pkt->stream_index=0, audioq.size=21194, videoq.size=587156, eof=0
[2026-03-19 12:04:18.468] [info] [thread 30256] audio_stream: 1, video_stream: 0
[2026-03-19 12:04:18.468] [info] [thread 30256] read_thread loop: ret=0, pkt->stream_index=1, audioq.size=21194, videoq.size=583569, eof=0
[2026-03-19 12:04:18.468] [info] [thread 30256] audio_stream: 1, video_stream: 0
[2026-03-19 12:04:18.468] [info] [thread 30256] audio packet pts: 382976, audio_pkt_size=347
[2026-03-19 12:04:18.503] [info] [thread 29772] audio.nb_samples=1024, channels=2, channel_layout=stereo, format=8, sample_rate=44100
[2026-03-19 12:04:18.503] [info] [thread 29772] audio frame data pointers: data[0]=0x1f2a9d63380, data[1]=0x1f2a9d65580
[2026-03-19 12:04:18.503] [info] [thread 29772] audio.nb_samples=1024, channels=2, channel_layout=stereo, format=8, sample_rate=44100
[2026-03-19 12:04:18.504] [info] [thread 29772] audio frame data pointers: data[0]=0x1f2a9d5ef80, data[1]=0x1f2a9d699c0
[2026-03-19 12:04:18.511] [info] [thread 30256] read_thread loop: ret=0, pkt->stream_index=0, audioq.size=20718, videoq.size=554366, eof=0
[2026-03-19 12:04:18.511] [info] [thread 30256] audio_stream: 1, video_stream: 0
[2026-03-19 12:04:18.512] [info] [thread 30256] read_thread loop: ret=0, pkt->stream_index=1, audioq.size=20718, videoq.size=558288, eof=0
[2026-03-19 12:04:18.513] [info] [thread 30256] audio_stream: 1, video_stream: 0
[2026-03-19 12:04:18.513] [info] [thread 30256] audio packet pts: 384000, audio_pkt_size=354
[2026-03-19 12:04:18.513] [info] [thread 30256] read_thread loop: ret=0, pkt->stream_index=0, audioq.size=21192, videoq.size=558288, eof=0
[2026-03-19 12:04:18.514] [info] [thread 30256] audio_stream: 1, video_stream: 0
[2026-03-19 12:04:18.514] [info] [thread 30256] read_thread loop: ret=0, pkt->stream_index=0, audioq.size=21192, videoq.size=573320, eof=0
[2026-03-19 12:04:18.514] [info] [thread 30256] audio_stream: 1, video_stream: 0
[2026-03-19 12:04:18.514] [info] [thread 30256] read_thread loop: ret=0, pkt->stream_index=1, audioq.size=21192, videoq.size=582434, eof=0
[2026-03-19 12:04:18.514] [info] [thread 30256] audio_stream: 1, video_stream: 0
[2026-03-19 12:04:18.514] [info] [thread 30256] audio packet pts: 385024, audio_pkt_size=344
[2026-03-19 12:04:18.543] [info] [thread 29772] audio.nb_samples=1024, channels=2, channel_layout=stereo, format=8, sample_rate=44100
[2026-03-19 12:04:18.543] [info] [thread 29772] audio frame data pointers: data[0]=0x1f2a9d677c0, data[1]=0x1f2a9d6bbc0
[2026-03-19 12:04:18.544] [info] [thread 29772] audio.nb_samples=1024, channels=2, channel_layout=stereo, format=8, sample_rate=44100
[2026-03-19 12:04:18.544] [info] [thread 29772] audio frame data pointers: data[0]=0x1f2a9d70000, data[1]=0x1f2a9d6ddc0
[2026-03-19 12:04:18.557] [info] [thread 30256] read_thread loop: ret=0, pkt->stream_index=0, audioq.size=20682, videoq.size=545607, eof=0
[2026-03-19 12:04:18.557] [info] [thread 30256] audio_stream: 1, video_stream: 0
[2026-03-19 12:04:18.558] [info] [thread 30256] read_thread loop: ret=0, pkt->stream_index=1, audioq.size=20682, videoq.size=551466, eof=0
[2026-03-19 12:04:18.558] [info] [thread 30256] audio_stream: 1, video_stream: 0
[2026-03-19 12:04:18.558] [info] [thread 30256] audio packet pts: 386048, audio_pkt_size=351
[2026-03-19 12:04:18.559] [info] [thread 30256] read_thread loop: ret=0, pkt->stream_index=0, audioq.size=21153, videoq.size=551466, eof=0
[2026-03-19 12:04:18.559] [info] [thread 30256] audio_stream: 1, video_stream: 0
[2026-03-19 12:04:18.559] [info] [thread 30256] read_thread loop: ret=0, pkt->stream_index=0, audioq.size=21153, videoq.size=557738, eof=0
[2026-03-19 12:04:18.560] [info] [thread 30256] audio_stream: 1, video_stream: 0
[2026-03-19 12:04:18.560] [info] [thread 30256] read_thread loop: ret=0, pkt->stream_index=1, audioq.size=21153, videoq.size=573744, eof=0
[2026-03-19 12:04:18.560] [info] [thread 30256] audio_stream: 1, video_stream: 0
[2026-03-19 12:04:18.560] [info] [thread 30256] audio packet pts: 387072, audio_pkt_size=367
[2026-03-19 12:04:18.593] [info] [thread 29772] audio.nb_samples=1024, channels=2, channel_layout=stereo, format=8, sample_rate=44100
[2026-03-19 12:04:18.593] [info] [thread 29772] audio frame data pointers: data[0]=0x1f2a9d78840, data[1]=0x1f2a9d76600
[2026-03-19 12:04:18.593] [info] [thread 29772] audio.nb_samples=1024, channels=2, channel_layout=stereo, format=8, sample_rate=44100
[2026-03-19 12:04:18.593] [info] [thread 29772] audio frame data pointers: data[0]=0x1f2a9d72200, data[1]=0x1f2a9d7aa40
[2026-03-19 12:04:18.602] [info] [thread 30256] read_thread loop: ret=0, pkt->stream_index=0, audioq.size=20512, videoq.size=547680, eof=0
[2026-03-19 12:04:18.603] [info] [thread 30256] audio_stream: 1, video_stream: 0
[2026-03-19 12:04:18.603] [info] [thread 30256] read_thread loop: ret=0, pkt->stream_index=1, audioq.size=20512, videoq.size=557275, eof=0
[2026-03-19 12:04:18.604] [info] [thread 30256] audio_stream: 1, video_stream: 0
[2026-03-19 12:04:18.604] [info] [thread 30256] audio packet pts: 388096, audio_pkt_size=363
[2026-03-19 12:04:18.604] [info] [thread 30256] read_thread loop: ret=0, pkt->stream_index=0, audioq.size=20995, videoq.size=557275, eof=0
[2026-03-19 12:04:18.605] [info] [thread 30256] audio_stream: 1, video_stream: 0
[2026-03-19 12:04:18.605] [info] [thread 30256] read_thread loop: ret=0, pkt->stream_index=1, audioq.size=20995, videoq.size=563206, eof=0
[2026-03-19 12:04:18.605] [info] [thread 30256] audio_stream: 1, video_stream: 0
[2026-03-19 12:04:18.605] [info] [thread 30256] audio packet pts: 389120, audio_pkt_size=378
